
Toolkit Installation starting at Wed Jul 27 15:29:23 PDT 2022

Note: If your system is CentOS linux, you may need -fPIC compilation flag.

If that is the case you better quit here (using Ctrl-c) and re-start

installation with additional arguments -cc_flags "-fPIC" and/or 

-cpp_flags "-fPIC" and -fc_flags "-fPIC" if you have not done so.

You may type bin/INSTALL -h to see notes on how to add additional

compilation flags

The default Toolkit LINUX installation for this machine is 64 bit. Other

available Toolkit LINUX installation mode is 32 bit Mode





Installing in  (64 bit) mode...



host:     type: linux64     user: jsg

install options:  -pgshome /opt/packages/sdptk5.2.20v1.01/TOOLKIT -log sdptk.log -zlibhome /opt/packages/zlib-1.2.11 -jpeghome /opt/packages/jpeg-9b -sziphome /opt/packages/szip-2.1.1 -hdfhome /opt/packages/hdf4-4.2.15 -hdf5home /opt/packages/hdf5-1.8.19 -hdfeos5_home /opt/packages/hdfeos5.2.0 -hdfeos_home /home/jsg/SIPS/eta2/TOOLKIT/hdfeos -netcdfhome /opt/packages/netcdf-c-4.8.1 -fc_path /usr/bin/gfortran -cc_path /usr/bin/gcc -cpp_path /usr/bin/cpp -m64 -fPIC -pthread -s -m128bit-long-double -mcmodel=large -mlarge-data-threshold=90000000 -m64 -fPIC -pthread -s -m128bit-long-double -mcmodel=large -mlarge-data-threshold=90000000 -ff2c -m64 -fPIC -pthread -s -m128bit-long-double -fdec-structure -fdec -mcmodel=large -mlarge-data-threshold=90000000 -c_rlib

Setting ZLIB home directory to: /opt/packages/zlib-1.2.11

Setting JPEG home directory to: /opt/packages/jpeg-9b

Setting SZIP home directory to: /opt/packages/szip-2.1.1

WARNING: Commercial users should obtain szip license

if they intend to distribute their products with szip

encoder. The szip decoder does not require license.

Running the SZIP (with encoding) Installation Script ...

Setting HDF home directory to: /opt/packages/hdf4-4.2.15


***** Copying JPEG, ZLIB, and SZIP header and library ********

********** files to relevant directories in HDF.    **********

Setting HDF5 home directory to: /opt/packages/hdf5-1.8.19

Setting HDFEOS home directory to: /home/jsg/SIPS/eta2/TOOLKIT/hdfeos

Setting HDFEOS5 home directory to: /opt/packages/hdfeos5.2.0

Running the Toolkit Installation Script ...





Running the Toolkit Installation Script without AA Tool.
export: Command not found.

Toolkit installation script: INSTALL-Toolkit
Starting at: Wed Jul 27 15:29:49 PDT 2022

The SCF version of the toolkit library libPGSTK.a will be built
The threadsafe version of the toolkit library libPGSTK_r.a will be built
The FORTRAN-77 version of the toolkit library libPGSTK.a will be built
Using non-ABSOFT f77 compiler






The toolkit will be built with HDF support.

The toolkit will be built with HDF-EOS support.

    Installing the SDP Toolkit on host eta2 running Linux
    Toolkit home directory is: /home/jsg/SIPS/eta2/TOOLKIT

    
    set up architecture-dependent directories ...
    
Setting up /home/jsg/SIPS/eta2/TOOLKIT/bin/linux64
Setting up /home/jsg/SIPS/eta2/TOOLKIT/obj/linux64
64-bit structure is the default in this machine. Creating linux as soft link to linux64 in bin, lib, runtime, database, and obj directories.


-------------------------------------------------------------------------------

Building utilities and SMF files

-------------------------------------------------------------------------------

    
    build the smfcompile utility ...C version
    
make[1]: Entering directory '/home/jsg/SIPS/eta2/TOOLKIT/src/SMF'
/usr/bin/gcc  -O2 -DH5_USE_16_API -m64 -fPIC -pthread -s -m128bit-long-double -mcmodel=large -mlarge-data-threshold=90000000 -DLINUX64 -Df2cFortran -DLINUX64   -I/home/jsg/SIPS/eta2/TOOLKIT/include  PGS_SMF_Comp.c -o /home/jsg/SIPS/eta2/TOOLKIT/bin/linux64/smfcompile  -lpthread 
make[1]: Leaving directory '/home/jsg/SIPS/eta2/TOOLKIT/src/SMF'
    
    build the SMF message and header files ...
    
/home/jsg/SIPS/eta2/TOOLKIT/bin/linux64/smfcompile -f PGS_IO_1.t -i
Successful operation on SMF file <PGS_IO_1.t>
Files created:
      C header file: /home/jsg/SIPS/eta2/TOOLKIT/include/PGS_IO_1.h
      ASCII message file: PGS_1
/home/jsg/SIPS/eta2/TOOLKIT/bin/linux64/smfcompile -f PGS_IO_1.t -f77 -i
Successful operation on SMF file <PGS_IO_1.t>
Files created:
      Fortran file: /home/jsg/SIPS/eta2/TOOLKIT/include/PGS_IO_1.f
      ASCII message file: PGS_1
/home/jsg/SIPS/eta2/TOOLKIT/bin/linux64/smfcompile -f PGS_TD_3.t -i
Successful operation on SMF file <PGS_TD_3.t>
Files created:
      C header file: /home/jsg/SIPS/eta2/TOOLKIT/include/PGS_TD_3.h
      ASCII message file: PGS_3
/home/jsg/SIPS/eta2/TOOLKIT/bin/linux64/smfcompile -f PGS_TD_3.t -f77 -i
Successful operation on SMF file <PGS_TD_3.t>
Files created:
      Fortran file: /home/jsg/SIPS/eta2/TOOLKIT/include/PGS_TD_3.f
      ASCII message file: PGS_3
/home/jsg/SIPS/eta2/TOOLKIT/bin/linux64/smfcompile -f PGS_CSC_4.t -i
Successful operation on SMF file <PGS_CSC_4.t>
Files created:
      C header file: /home/jsg/SIPS/eta2/TOOLKIT/include/PGS_CSC_4.h
      ASCII message file: PGS_4
/home/jsg/SIPS/eta2/TOOLKIT/bin/linux64/smfcompile -f PGS_CSC_4.t -f77 -i
Successful operation on SMF file <PGS_CSC_4.t>
Files created:
      Fortran file: /home/jsg/SIPS/eta2/TOOLKIT/include/PGS_CSC_4.f
      ASCII message file: PGS_4
/home/jsg/SIPS/eta2/TOOLKIT/bin/linux64/smfcompile -f PGS_EPH_5.t -i
Successful operation on SMF file <PGS_EPH_5.t>
Files created:
      C header file: /home/jsg/SIPS/eta2/TOOLKIT/include/PGS_EPH_5.h
      ASCII message file: PGS_5
/home/jsg/SIPS/eta2/TOOLKIT/bin/linux64/smfcompile -f PGS_EPH_5.t -f77 -i
Successful operation on SMF file <PGS_EPH_5.t>
Files created:
      Fortran file: /home/jsg/SIPS/eta2/TOOLKIT/include/PGS_EPH_5.f
      ASCII message file: PGS_5
/home/jsg/SIPS/eta2/TOOLKIT/bin/linux64/smfcompile -f PGS_CBP_6.t -i
Successful operation on SMF file <PGS_CBP_6.t>
Files created:
      C header file: /home/jsg/SIPS/eta2/TOOLKIT/include/PGS_CBP_6.h
      ASCII message file: PGS_6
/home/jsg/SIPS/eta2/TOOLKIT/bin/linux64/smfcompile -f PGS_CBP_6.t -f77 -i
Successful operation on SMF file <PGS_CBP_6.t>
Files created:
      Fortran file: /home/jsg/SIPS/eta2/TOOLKIT/include/PGS_CBP_6.f
      ASCII message file: PGS_6
/home/jsg/SIPS/eta2/TOOLKIT/bin/linux64/smfcompile -f PGS_MEM_7.t -i
Successful operation on SMF file <PGS_MEM_7.t>
Files created:
      C header file: /home/jsg/SIPS/eta2/TOOLKIT/include/PGS_MEM_7.h
      ASCII message file: PGS_7
/home/jsg/SIPS/eta2/TOOLKIT/bin/linux64/smfcompile -f PGS_MEM_7.t -f77 -i
Successful operation on SMF file <PGS_MEM_7.t>
Files created:
      Fortran file: /home/jsg/SIPS/eta2/TOOLKIT/include/PGS_MEM_7.f
      ASCII message file: PGS_7
/home/jsg/SIPS/eta2/TOOLKIT/bin/linux64/smfcompile -f PGS_PC_9.t -i
Successful operation on SMF file <PGS_PC_9.t>
Files created:
      C header file: /home/jsg/SIPS/eta2/TOOLKIT/include/PGS_PC_9.h
      ASCII message file: PGS_9
/home/jsg/SIPS/eta2/TOOLKIT/bin/linux64/smfcompile -f PGS_PC_9.t -f77 -i
Successful operation on SMF file <PGS_PC_9.t>
Files created:
      Fortran file: /home/jsg/SIPS/eta2/TOOLKIT/include/PGS_PC_9.f
      ASCII message file: PGS_9
/home/jsg/SIPS/eta2/TOOLKIT/bin/linux64/smfcompile -f PGS_AA_10.t -i
Successful operation on SMF file <PGS_AA_10.t>
Files created:
      C header file: /home/jsg/SIPS/eta2/TOOLKIT/include/PGS_AA_10.h
      ASCII message file: PGS_10
/home/jsg/SIPS/eta2/TOOLKIT/bin/linux64/smfcompile -f PGS_AA_10.t -f77 -i
Successful operation on SMF file <PGS_AA_10.t>
Files created:
      Fortran file: /home/jsg/SIPS/eta2/TOOLKIT/include/PGS_AA_10.f
      ASCII message file: PGS_10
/home/jsg/SIPS/eta2/TOOLKIT/bin/linux64/smfcompile -f PGS_CUC_11.t -i
Successful operation on SMF file <PGS_CUC_11.t>
Files created:
      C header file: /home/jsg/SIPS/eta2/TOOLKIT/include/PGS_CUC_11.h
      ASCII message file: PGS_11
/home/jsg/SIPS/eta2/TOOLKIT/bin/linux64/smfcompile -f PGS_CUC_11.t -f77 -i
Successful operation on SMF file <PGS_CUC_11.t>
Files created:
      Fortran file: /home/jsg/SIPS/eta2/TOOLKIT/include/PGS_CUC_11.f
      ASCII message file: PGS_11
/home/jsg/SIPS/eta2/TOOLKIT/bin/linux64/smfcompile -f PGS_GCT_12.t -i
Successful operation on SMF file <PGS_GCT_12.t>
Files created:
      C header file: /home/jsg/SIPS/eta2/TOOLKIT/include/PGS_GCT_12.h
      ASCII message file: PGS_12
/home/jsg/SIPS/eta2/TOOLKIT/bin/linux64/smfcompile -f PGS_GCT_12.t -f77 -i
Successful operation on SMF file <PGS_GCT_12.t>
Files created:
      Fortran file: /home/jsg/SIPS/eta2/TOOLKIT/include/PGS_GCT_12.f
      ASCII message file: PGS_12
/home/jsg/SIPS/eta2/TOOLKIT/bin/linux64/smfcompile -f PGS_MET_13.t -i
Successful operation on SMF file <PGS_MET_13.t>
Files created:
      C header file: /home/jsg/SIPS/eta2/TOOLKIT/include/PGS_MET_13.h
      ASCII message file: PGS_13
/home/jsg/SIPS/eta2/TOOLKIT/bin/linux64/smfcompile -f PGS_MET_13.t -f77 -i
Successful operation on SMF file <PGS_MET_13.t>
Files created:
      Fortran file: /home/jsg/SIPS/eta2/TOOLKIT/include/PGS_MET_13.f
      ASCII message file: PGS_13
/home/jsg/SIPS/eta2/TOOLKIT/bin/linux64/smfcompile -f PGS_DEM_14.t -i
Successful operation on SMF file <PGS_DEM_14.t>
Files created:
      C header file: /home/jsg/SIPS/eta2/TOOLKIT/include/PGS_DEM_14.h
      ASCII message file: PGS_14
/home/jsg/SIPS/eta2/TOOLKIT/bin/linux64/smfcompile -f PGS_DEM_14.t -f77 -i
Successful operation on SMF file <PGS_DEM_14.t>
Files created:
      Fortran file: /home/jsg/SIPS/eta2/TOOLKIT/include/PGS_DEM_14.f
      ASCII message file: PGS_14
/home/jsg/SIPS/eta2/TOOLKIT/bin/linux64/smfcompile -f PGS_TSF_15.t -i
Successful operation on SMF file <PGS_TSF_15.t>
Files created:
      C header file: /home/jsg/SIPS/eta2/TOOLKIT/include/PGS_TSF_15.h
      ASCII message file: PGS_15
/home/jsg/SIPS/eta2/TOOLKIT/bin/linux64/smfcompile -f PGS_TSF_15.t -f77 -i
Successful operation on SMF file <PGS_TSF_15.t>
Files created:
      Fortran file: /home/jsg/SIPS/eta2/TOOLKIT/include/PGS_TSF_15.f
      ASCII message file: PGS_15
    
    build the ephtobin utility...
    
make[1]: Entering directory '/home/jsg/SIPS/eta2/TOOLKIT/src/CBP'
/usr/bin/gcc  -O2 -DH5_USE_16_API -m64 -fPIC -pthread -s -m128bit-long-double -mcmodel=large -mlarge-data-threshold=90000000 -DLINUX64 -DLINUX64  -I/home/jsg/SIPS/eta2/TOOLKIT/include  PGS_CBP_ASCtoBIN.c -o /home/jsg/SIPS/eta2/TOOLKIT/bin/linux64/ephtobin
make[1]: Leaving directory '/home/jsg/SIPS/eta2/TOOLKIT/src/CBP'


-------------------------------------------------------------------------------

Setting up installation-dependent database files

-------------------------------------------------------------------------------

    
    set up database file CBP/de200.eos ...
    
        Creating the CBP/de200.eos binary ...
Searching for first requested record .........
 10	EPHEMERIS RECORDS WRITTEN.  LAST JED = 	  2436496.50
 20	EPHEMERIS RECORDS WRITTEN.  LAST JED = 	  2436816.50
 30	EPHEMERIS RECORDS WRITTEN.  LAST JED = 	  2437136.50
 40	EPHEMERIS RECORDS WRITTEN.  LAST JED = 	  2437456.50
 50	EPHEMERIS RECORDS WRITTEN.  LAST JED = 	  2437776.50
 60	EPHEMERIS RECORDS WRITTEN.  LAST JED = 	  2438096.50
 70	EPHEMERIS RECORDS WRITTEN.  LAST JED = 	  2438416.50
 80	EPHEMERIS RECORDS WRITTEN.  LAST JED = 	  2438736.50
 90	EPHEMERIS RECORDS WRITTEN.  LAST JED = 	  2439056.50
100	EPHEMERIS RECORDS WRITTEN.  LAST JED = 	  2439376.50
110	EPHEMERIS RECORDS WRITTEN.  LAST JED = 	  2439696.50
120	EPHEMERIS RECORDS WRITTEN.  LAST JED = 	  2440016.50
130	EPHEMERIS RECORDS WRITTEN.  LAST JED = 	  2440336.50
140	EPHEMERIS RECORDS WRITTEN.  LAST JED = 	  2440656.50
150	EPHEMERIS RECORDS WRITTEN.  LAST JED = 	  2440976.50
160	EPHEMERIS RECORDS WRITTEN.  LAST JED = 	  2441296.50
170	EPHEMERIS RECORDS WRITTEN.  LAST JED = 	  2441616.50
180	EPHEMERIS RECORDS WRITTEN.  LAST JED = 	  2441936.50
190	EPHEMERIS RECORDS WRITTEN.  LAST JED = 	  2442256.50
200	EPHEMERIS RECORDS WRITTEN.  LAST JED = 	  2442576.50
210	EPHEMERIS RECORDS WRITTEN.  LAST JED = 	  2442896.50
220	EPHEMERIS RECORDS WRITTEN.  LAST JED = 	  2443216.50
230	EPHEMERIS RECORDS WRITTEN.  LAST JED = 	  2443536.50
240	EPHEMERIS RECORDS WRITTEN.  LAST JED = 	  2443856.50
250	EPHEMERIS RECORDS WRITTEN.  LAST JED = 	  2444176.50
260	EPHEMERIS RECORDS WRITTEN.  LAST JED = 	  2444496.50
270	EPHEMERIS RECORDS WRITTEN.  LAST JED = 	  2444816.50
280	EPHEMERIS RECORDS WRITTEN.  LAST JED = 	  2445136.50
290	EPHEMERIS RECORDS WRITTEN.  LAST JED = 	  2445456.50
300	EPHEMERIS RECORDS WRITTEN.  LAST JED = 	  2445776.50
310	EPHEMERIS RECORDS WRITTEN.  LAST JED = 	  2446096.50
320	EPHEMERIS RECORDS WRITTEN.  LAST JED = 	  2446416.50
330	EPHEMERIS RECORDS WRITTEN.  LAST JED = 	  2446736.50
340	EPHEMERIS RECORDS WRITTEN.  LAST JED = 	  2447056.50
350	EPHEMERIS RECORDS WRITTEN.  LAST JED = 	  2447376.50
360	EPHEMERIS RECORDS WRITTEN.  LAST JED = 	  2447696.50
370	EPHEMERIS RECORDS WRITTEN.  LAST JED = 	  2448016.50
380	EPHEMERIS RECORDS WRITTEN.  LAST JED = 	  2448336.50
390	EPHEMERIS RECORDS WRITTEN.  LAST JED = 	  2448656.50
400	EPHEMERIS RECORDS WRITTEN.  LAST JED = 	  2448976.50
410	EPHEMERIS RECORDS WRITTEN.  LAST JED = 	  2449296.50
420	EPHEMERIS RECORDS WRITTEN.  LAST JED = 	  2449616.50
430	EPHEMERIS RECORDS WRITTEN.  LAST JED = 	  2449936.50
440	EPHEMERIS RECORDS WRITTEN.  LAST JED = 	  2450256.50
450	EPHEMERIS RECORDS WRITTEN.  LAST JED = 	  2450576.50
460	EPHEMERIS RECORDS WRITTEN.  LAST JED = 	  2450896.50
470	EPHEMERIS RECORDS WRITTEN.  LAST JED = 	  2451216.50
480	EPHEMERIS RECORDS WRITTEN.  LAST JED = 	  2451536.50
490	EPHEMERIS RECORDS WRITTEN.  LAST JED = 	  2451856.50
500	EPHEMERIS RECORDS WRITTEN.  LAST JED = 	  2452176.50
510	EPHEMERIS RECORDS WRITTEN.  LAST JED = 	  2452496.50
520	EPHEMERIS RECORDS WRITTEN.  LAST JED = 	  2452816.50
530	EPHEMERIS RECORDS WRITTEN.  LAST JED = 	  2453136.50
540	EPHEMERIS RECORDS WRITTEN.  LAST JED = 	  2453456.50
550	EPHEMERIS RECORDS WRITTEN.  LAST JED = 	  2453776.50
560	EPHEMERIS RECORDS WRITTEN.  LAST JED = 	  2454096.50
570	EPHEMERIS RECORDS WRITTEN.  LAST JED = 	  2454416.50
580	EPHEMERIS RECORDS WRITTEN.  LAST JED = 	  2454736.50
590	EPHEMERIS RECORDS WRITTEN.  LAST JED = 	  2455056.50
600	EPHEMERIS RECORDS WRITTEN.  LAST JED = 	  2455376.50
610	EPHEMERIS RECORDS WRITTEN.  LAST JED = 	  2455696.50
620	EPHEMERIS RECORDS WRITTEN.  LAST JED = 	  2456016.50
630	EPHEMERIS RECORDS WRITTEN.  LAST JED = 	  2456336.50
640	EPHEMERIS RECORDS WRITTEN.  LAST JED = 	  2456656.50
650	EPHEMERIS RECORDS WRITTEN.  LAST JED = 	  2456976.50
660	EPHEMERIS RECORDS WRITTEN.  LAST JED = 	  2457296.50
670	EPHEMERIS RECORDS WRITTEN.  LAST JED = 	  2457616.50
680	EPHEMERIS RECORDS WRITTEN.  LAST JED = 	  2457936.50
690	EPHEMERIS RECORDS WRITTEN.  LAST JED = 	  2458256.50
700	EPHEMERIS RECORDS WRITTEN.  LAST JED = 	  2458576.50
710	EPHEMERIS RECORDS WRITTEN.  LAST JED = 	  2458896.50
720	EPHEMERIS RECORDS WRITTEN.  LAST JED = 	  2459216.50
730	EPHEMERIS RECORDS WRITTEN.  LAST JED = 	  2459536.50
740	EPHEMERIS RECORDS WRITTEN.  LAST JED = 	  2459856.50
750	EPHEMERIS RECORDS WRITTEN.  LAST JED = 	  2460176.50
760	EPHEMERIS RECORDS WRITTEN.  LAST JED = 	  2460496.50
770	EPHEMERIS RECORDS WRITTEN.  LAST JED = 	  2460816.50
780	EPHEMERIS RECORDS WRITTEN.  LAST JED = 	  2461136.50
790	EPHEMERIS RECORDS WRITTEN.  LAST JED = 	  2461456.50
800	EPHEMERIS RECORDS WRITTEN.  LAST JED = 	  2461776.50
810	EPHEMERIS RECORDS WRITTEN.  LAST JED = 	  2462096.50
820	EPHEMERIS RECORDS WRITTEN.  LAST JED = 	  2462416.50
830	EPHEMERIS RECORDS WRITTEN.  LAST JED = 	  2462736.50
840	EPHEMERIS RECORDS WRITTEN.  LAST JED = 	  2463056.50
850	EPHEMERIS RECORDS WRITTEN.  LAST JED = 	  2463376.50
860	EPHEMERIS RECORDS WRITTEN.  LAST JED = 	  2463696.50
870	EPHEMERIS RECORDS WRITTEN.  LAST JED = 	  2464016.50
880	EPHEMERIS RECORDS WRITTEN.  LAST JED = 	  2464336.50
890	EPHEMERIS RECORDS WRITTEN.  LAST JED = 	  2464656.50
900	EPHEMERIS RECORDS WRITTEN.  LAST JED = 	  2464976.50
910	EPHEMERIS RECORDS WRITTEN.  LAST JED = 	  2465296.50
920	EPHEMERIS RECORDS WRITTEN.  LAST JED = 	  2465616.50
930	EPHEMERIS RECORDS WRITTEN.  LAST JED = 	  2465936.50
940	EPHEMERIS RECORDS WRITTEN.  LAST JED = 	  2466256.50
949	EPHEMERIS RECORDS WRITTEN.  LAST JED = 	  2466544.50


-------------------------------------------------------------------------------

Setting up installation-dependent scripts

-------------------------------------------------------------------------------

    Setting up  Korn shell (ksh) script 'pgs-env.ksh' 
    Korn shell users should call this file from their .profile 
    file via the the line:
    
        . <PGS-home-dir>/bin/pgs-env.ksh  
    
    It sets up environment variables needed to run toolkit
    code under ksh.
    
    Setting up Korn shell (ksh) script 'pgs-dev-env.ksh' 
    Korn shell users may call this file from their .profile 
    file via the the line:
    
        . <PGS-home-dir>/bin/pgs-dev-env.ksh  
    
    It sets up machine-specific environment variables needed 
    by the toolkit makefiles for compilation and linking.
    
    Setting up C-shell (csh) script 'pgs-env.csh' 
    C shell users should call this file from their .cshrc 
    file via the the line:
    
        source <PGS-home-dir>/bin/pgs-env.csh  
    
    It sets up environment variables needed to run toolkit
    code under csh.
    
    Setting up C-shell (csh) script 'pgs-dev-env.csh' 
    This file may be called from your .cshrc file via the the line:
    
        source <PGS-home-dir>/bin/pgs-dev-env.csh  
    
    It sets up machine-specific environment variables needed 
    by the toolkit makefiles for compilation and linking.
    


-------------------------------------------------------------------------------

Creating the Toolkit regular Library

-------------------------------------------------------------------------------

    
    compile toolkit source files...
    
    
    Building Toolkit without AA tool....
    
    
        Making all in CBP
    
    Makefile for group: CBP; Target: all
/usr/bin/gcc  -c -O2 -DH5_USE_16_API -m64 -fPIC -pthread -s -m128bit-long-double -mcmodel=large -mlarge-data-threshold=90000000 -DLINUX64 -Df2cFortran -DHDF4_NETCDF_HAVE_SD -DLINUX64  -I/home/jsg/SIPS/eta2/TOOLKIT/include  PGS_CBP_EphemRead.c -o /home/jsg/SIPS/eta2/TOOLKIT/obj/linux64/CBP/PGS_CBP_EphemRead.o
/usr/bin/gcc  -c -O2 -DH5_USE_16_API -m64 -fPIC -pthread -s -m128bit-long-double -mcmodel=large -mlarge-data-threshold=90000000 -DLINUX64 -Df2cFortran -DHDF4_NETCDF_HAVE_SD -DLINUX64  -I/home/jsg/SIPS/eta2/TOOLKIT/include  PGS_CBP_Earth_CB_Vector.c -o /home/jsg/SIPS/eta2/TOOLKIT/obj/linux64/CBP/PGS_CBP_Earth_CB_Vector.o
/usr/bin/gcc  -c -O2 -DH5_USE_16_API -m64 -fPIC -pthread -s -m128bit-long-double -mcmodel=large -mlarge-data-threshold=90000000 -DLINUX64 -Df2cFortran -DHDF4_NETCDF_HAVE_SD -DLINUX64  -I/home/jsg/SIPS/eta2/TOOLKIT/include  PGS_CBP_Sat_CB_Vector.c -o /home/jsg/SIPS/eta2/TOOLKIT/obj/linux64/CBP/PGS_CBP_Sat_CB_Vector.o
/usr/bin/gcc  -c -O2 -DH5_USE_16_API -m64 -fPIC -pthread -s -m128bit-long-double -mcmodel=large -mlarge-data-threshold=90000000 -DLINUX64 -Df2cFortran -DHDF4_NETCDF_HAVE_SD -DLINUX64  -I/home/jsg/SIPS/eta2/TOOLKIT/include  PGS_CBP_SolarTimeCoords.c -o /home/jsg/SIPS/eta2/TOOLKIT/obj/linux64/CBP/PGS_CBP_SolarTimeCoords.o
/usr/bin/gcc  -c -O2 -DH5_USE_16_API -m64 -fPIC -pthread -s -m128bit-long-double -mcmodel=large -mlarge-data-threshold=90000000 -DLINUX64 -Df2cFortran -DHDF4_NETCDF_HAVE_SD -DLINUX64  -I/home/jsg/SIPS/eta2/TOOLKIT/include  PGS_CBP_bindFORTRAN.c -o /home/jsg/SIPS/eta2/TOOLKIT/obj/linux64/CBP/PGS_CBP_bindFORTRAN.o
/usr/bin/gcc  -c -O2 -DH5_USE_16_API -m64 -fPIC -pthread -s -m128bit-long-double -mcmodel=large -mlarge-data-threshold=90000000 -DLINUX64 -Df2cFortran -DHDF4_NETCDF_HAVE_SD -DLINUX64  -I/home/jsg/SIPS/eta2/TOOLKIT/include  PGS_CBP_body_inFOV.c -o /home/jsg/SIPS/eta2/TOOLKIT/obj/linux64/CBP/PGS_CBP_body_inFOV.o

Creating /home/jsg/SIPS/eta2/TOOLKIT/lib/linux64/libPGSTK.a...

Building group: CBP to PGS Toolkit library
Copying files ...

cp PGS_CBP_bindFORTRAN.o tmp/CBPbindFORTRAN
cp PGS_CBP_body_inFOV.o tmp/CBPbody_inFOV.
cp PGS_CBP_Earth_CB_Vector.o tmp/CBPh_CB_Vector
cp PGS_CBP_EphemRead.o tmp/CBPEphemRead.o
cp PGS_CBP_Sat_CB_Vector.o tmp/CBPt_CB_Vector
cp PGS_CBP_SolarTimeCoords.o tmp/CBPrTimeCoords

Adding CBP files to library ...
ar: creating /home/jsg/SIPS/eta2/TOOLKIT/lib/linux64/libPGSTK.a
Cleaning up CBP...


Done.

    
        Making all in CSC
    
    Makefile for group: CSC; Target: all
/usr/bin/gcc  -c -O2 -DH5_USE_16_API -m64 -fPIC -pthread -s -m128bit-long-double -mcmodel=large -mlarge-data-threshold=90000000 -DLINUX64 -Df2cFortran -DHDF4_NETCDF_HAVE_SD -DLINUX64  -I/home/jsg/SIPS/eta2/TOOLKIT/include  PGS_CSC_BorkowskiGeo.c -o /home/jsg/SIPS/eta2/TOOLKIT/obj/linux64/CSC/PGS_CSC_BorkowskiGeo.o
/usr/bin/gcc  -c -O2 -DH5_USE_16_API -m64 -fPIC -pthread -s -m128bit-long-double -mcmodel=large -mlarge-data-threshold=90000000 -DLINUX64 -Df2cFortran -DHDF4_NETCDF_HAVE_SD -DLINUX64  -I/home/jsg/SIPS/eta2/TOOLKIT/include  PGS_CSC_DayNight.c -o /home/jsg/SIPS/eta2/TOOLKIT/obj/linux64/CSC/PGS_CSC_DayNight.o
/usr/bin/gcc  -c -O2 -DH5_USE_16_API -m64 -fPIC -pthread -s -m128bit-long-double -mcmodel=large -mlarge-data-threshold=90000000 -DLINUX64 -Df2cFortran -DHDF4_NETCDF_HAVE_SD -DLINUX64  -I/home/jsg/SIPS/eta2/TOOLKIT/include  PGS_CSC_ECItoECR.c -o /home/jsg/SIPS/eta2/TOOLKIT/obj/linux64/CSC/PGS_CSC_ECItoECR.o
/usr/bin/gcc  -c -O2 -DH5_USE_16_API -m64 -fPIC -pthread -s -m128bit-long-double -mcmodel=large -mlarge-data-threshold=90000000 -DLINUX64 -Df2cFortran -DHDF4_NETCDF_HAVE_SD -DLINUX64  -I/home/jsg/SIPS/eta2/TOOLKIT/include  PGS_CSC_ECItoORB.c -o /home/jsg/SIPS/eta2/TOOLKIT/obj/linux64/CSC/PGS_CSC_ECItoORB.o
/usr/bin/gcc  -c -O2 -DH5_USE_16_API -m64 -fPIC -pthread -s -m128bit-long-double -mcmodel=large -mlarge-data-threshold=90000000 -DLINUX64 -Df2cFortran -DHDF4_NETCDF_HAVE_SD -DLINUX64  -I/home/jsg/SIPS/eta2/TOOLKIT/include  PGS_CSC_ECItoSC.c -o /home/jsg/SIPS/eta2/TOOLKIT/obj/linux64/CSC/PGS_CSC_ECItoSC.o
/usr/bin/gcc  -c -O2 -DH5_USE_16_API -m64 -fPIC -pthread -s -m128bit-long-double -mcmodel=large -mlarge-data-threshold=90000000 -DLINUX64 -Df2cFortran -DHDF4_NETCDF_HAVE_SD -DLINUX64  -I/home/jsg/SIPS/eta2/TOOLKIT/include  PGS_CSC_ECRtoECI.c -o /home/jsg/SIPS/eta2/TOOLKIT/obj/linux64/CSC/PGS_CSC_ECRtoECI.o
/usr/bin/gcc  -c -O2 -DH5_USE_16_API -m64 -fPIC -pthread -s -m128bit-long-double -mcmodel=large -mlarge-data-threshold=90000000 -DLINUX64 -Df2cFortran -DHDF4_NETCDF_HAVE_SD -DLINUX64  -I/home/jsg/SIPS/eta2/TOOLKIT/include  PGS_CSC_ECRtoGEO.c -o /home/jsg/SIPS/eta2/TOOLKIT/obj/linux64/CSC/PGS_CSC_ECRtoGEO.o
/usr/bin/gcc  -c -O2 -DH5_USE_16_API -m64 -fPIC -pthread -s -m128bit-long-double -mcmodel=large -mlarge-data-threshold=90000000 -DLINUX64 -Df2cFortran -DHDF4_NETCDF_HAVE_SD -DLINUX64  -I/home/jsg/SIPS/eta2/TOOLKIT/include  PGS_CSC_EarthOccult.c -o /home/jsg/SIPS/eta2/TOOLKIT/obj/linux64/CSC/PGS_CSC_EarthOccult.o
/usr/bin/gcc  -c -O2 -DH5_USE_16_API -m64 -fPIC -pthread -s -m128bit-long-double -mcmodel=large -mlarge-data-threshold=90000000 -DLINUX64 -Df2cFortran -DHDF4_NETCDF_HAVE_SD -DLINUX64  -I/home/jsg/SIPS/eta2/TOOLKIT/include  PGS_CSC_Earthpt_FixedFOV.c -o /home/jsg/SIPS/eta2/TOOLKIT/obj/linux64/CSC/PGS_CSC_Earthpt_FixedFOV.o
/usr/bin/gcc  -c -O2 -DH5_USE_16_API -m64 -fPIC -pthread -s -m128bit-long-double -mcmodel=large -mlarge-data-threshold=90000000 -DLINUX64 -Df2cFortran -DHDF4_NETCDF_HAVE_SD -DLINUX64  -I/home/jsg/SIPS/eta2/TOOLKIT/include  PGS_CSC_Earthpt_FOV.c -o /home/jsg/SIPS/eta2/TOOLKIT/obj/linux64/CSC/PGS_CSC_Earthpt_FOV.o
/usr/bin/gcc  -c -O2 -DH5_USE_16_API -m64 -fPIC -pthread -s -m128bit-long-double -mcmodel=large -mlarge-data-threshold=90000000 -DLINUX64 -Df2cFortran -DHDF4_NETCDF_HAVE_SD -DLINUX64  -I/home/jsg/SIPS/eta2/TOOLKIT/include  PGS_CSC_EulerToQuat.c -o /home/jsg/SIPS/eta2/TOOLKIT/obj/linux64/CSC/PGS_CSC_EulerToQuat.o
/usr/bin/gcc  -c -O2 -DH5_USE_16_API -m64 -fPIC -pthread -s -m128bit-long-double -mcmodel=large -mlarge-data-threshold=90000000 -DLINUX64 -Df2cFortran -DHDF4_NETCDF_HAVE_SD -DLINUX64  -I/home/jsg/SIPS/eta2/TOOLKIT/include  PGS_CSC_FOVconicalHull.c -o /home/jsg/SIPS/eta2/TOOLKIT/obj/linux64/CSC/PGS_CSC_FOVconicalHull.o
/usr/bin/gcc  -c -O2 -DH5_USE_16_API -m64 -fPIC -pthread -s -m128bit-long-double -mcmodel=large -mlarge-data-threshold=90000000 -DLINUX64 -Df2cFortran -DHDF4_NETCDF_HAVE_SD -DLINUX64  -I/home/jsg/SIPS/eta2/TOOLKIT/include  PGS_CSC_GEOtoECR.c -o /home/jsg/SIPS/eta2/TOOLKIT/obj/linux64/CSC/PGS_CSC_GEOtoECR.o
/usr/bin/gcc  -c -O2 -DH5_USE_16_API -m64 -fPIC -pthread -s -m128bit-long-double -mcmodel=large -mlarge-data-threshold=90000000 -DLINUX64 -Df2cFortran -DHDF4_NETCDF_HAVE_SD -DLINUX64  -I/home/jsg/SIPS/eta2/TOOLKIT/include  PGS_CSC_GeoCenToRect.c -o /home/jsg/SIPS/eta2/TOOLKIT/obj/linux64/CSC/PGS_CSC_GeoCenToRect.o
/usr/bin/gcc  -c -O2 -DH5_USE_16_API -m64 -fPIC -pthread -s -m128bit-long-double -mcmodel=large -mlarge-data-threshold=90000000 -DLINUX64 -Df2cFortran -DHDF4_NETCDF_HAVE_SD -DLINUX64  -I/home/jsg/SIPS/eta2/TOOLKIT/include  PGS_CSC_GetEarthFigure.c -o /home/jsg/SIPS/eta2/TOOLKIT/obj/linux64/CSC/PGS_CSC_GetEarthFigure.o
/usr/bin/gcc  -c -O2 -DH5_USE_16_API -m64 -fPIC -pthread -s -m128bit-long-double -mcmodel=large -mlarge-data-threshold=90000000 -DLINUX64 -Df2cFortran -DHDF4_NETCDF_HAVE_SD -DLINUX64  -I/home/jsg/SIPS/eta2/TOOLKIT/include  PGS_CSC_GetFOV_Pixel.c -o /home/jsg/SIPS/eta2/TOOLKIT/obj/linux64/CSC/PGS_CSC_GetFOV_Pixel.o
/usr/bin/gcc  -c -O2 -DH5_USE_16_API -m64 -fPIC -pthread -s -m128bit-long-double -mcmodel=large -mlarge-data-threshold=90000000 -DLINUX64 -Df2cFortran -DHDF4_NETCDF_HAVE_SD -DLINUX64  -I/home/jsg/SIPS/eta2/TOOLKIT/include  PGS_CSC_GrazingRay.c -o /home/jsg/SIPS/eta2/TOOLKIT/obj/linux64/CSC/PGS_CSC_GrazingRay.o
/usr/bin/gcc  -c -O2 -DH5_USE_16_API -m64 -fPIC -pthread -s -m128bit-long-double -mcmodel=large -mlarge-data-threshold=90000000 -DLINUX64 -Df2cFortran -DHDF4_NETCDF_HAVE_SD -DLINUX64  -I/home/jsg/SIPS/eta2/TOOLKIT/include  PGS_CSC_GreenwichHour.c -o /home/jsg/SIPS/eta2/TOOLKIT/obj/linux64/CSC/PGS_CSC_GreenwichHour.o
/usr/bin/gcc  -c -O2 -DH5_USE_16_API -m64 -fPIC -pthread -s -m128bit-long-double -mcmodel=large -mlarge-data-threshold=90000000 -DLINUX64 -Df2cFortran -DHDF4_NETCDF_HAVE_SD -DLINUX64  -I/home/jsg/SIPS/eta2/TOOLKIT/include  PGS_CSC_J2000toTOD.c -o /home/jsg/SIPS/eta2/TOOLKIT/obj/linux64/CSC/PGS_CSC_J2000toTOD.o
/usr/bin/gcc  -c -O2 -DH5_USE_16_API -m64 -fPIC -pthread -s -m128bit-long-double -mcmodel=large -mlarge-data-threshold=90000000 -DLINUX64 -Df2cFortran -DHDF4_NETCDF_HAVE_SD -DLINUX64  -I/home/jsg/SIPS/eta2/TOOLKIT/include  PGS_CSC_LookPoint.c -o /home/jsg/SIPS/eta2/TOOLKIT/obj/linux64/CSC/PGS_CSC_LookPoint.o
/usr/bin/gcc  -c -O2 -DH5_USE_16_API -m64 -fPIC -pthread -s -m128bit-long-double -mcmodel=large -mlarge-data-threshold=90000000 -DLINUX64 -Df2cFortran -DHDF4_NETCDF_HAVE_SD -DLINUX64  -I/home/jsg/SIPS/eta2/TOOLKIT/include  PGS_CSC_LookTwice.c -o /home/jsg/SIPS/eta2/TOOLKIT/obj/linux64/CSC/PGS_CSC_LookTwice.o
/usr/bin/gcc  -c -O2 -DH5_USE_16_API -m64 -fPIC -pthread -s -m128bit-long-double -mcmodel=large -mlarge-data-threshold=90000000 -DLINUX64 -Df2cFortran -DHDF4_NETCDF_HAVE_SD -DLINUX64  -I/home/jsg/SIPS/eta2/TOOLKIT/include  PGS_CSC_Norm.c -o /home/jsg/SIPS/eta2/TOOLKIT/obj/linux64/CSC/PGS_CSC_Norm.o
/usr/bin/gcc  -c -O2 -DH5_USE_16_API -m64 -fPIC -pthread -s -m128bit-long-double -mcmodel=large -mlarge-data-threshold=90000000 -DLINUX64 -Df2cFortran -DHDF4_NETCDF_HAVE_SD -DLINUX64  -I/home/jsg/SIPS/eta2/TOOLKIT/include  PGS_CSC_ORBtoECI.c -o /home/jsg/SIPS/eta2/TOOLKIT/obj/linux64/CSC/PGS_CSC_ORBtoECI.o
/usr/bin/gcc  -c -O2 -DH5_USE_16_API -m64 -fPIC -pthread -s -m128bit-long-double -mcmodel=large -mlarge-data-threshold=90000000 -DLINUX64 -Df2cFortran -DHDF4_NETCDF_HAVE_SD -DLINUX64  -I/home/jsg/SIPS/eta2/TOOLKIT/include  PGS_CSC_ORBtoSC.c -o /home/jsg/SIPS/eta2/TOOLKIT/obj/linux64/CSC/PGS_CSC_ORBtoSC.o
/usr/bin/gcc  -c -O2 -DH5_USE_16_API -m64 -fPIC -pthread -s -m128bit-long-double -mcmodel=large -mlarge-data-threshold=90000000 -DLINUX64 -Df2cFortran -DHDF4_NETCDF_HAVE_SD -DLINUX64  -I/home/jsg/SIPS/eta2/TOOLKIT/include  PGS_CSC_PointInFOVgeom.c -o /home/jsg/SIPS/eta2/TOOLKIT/obj/linux64/CSC/PGS_CSC_PointInFOVgeom.o
/usr/bin/gcc  -c -O2 -DH5_USE_16_API -m64 -fPIC -pthread -s -m128bit-long-double -mcmodel=large -mlarge-data-threshold=90000000 -DLINUX64 -Df2cFortran -DHDF4_NETCDF_HAVE_SD -DLINUX64  -I/home/jsg/SIPS/eta2/TOOLKIT/include  PGS_CSC_QuatToEuler.c -o /home/jsg/SIPS/eta2/TOOLKIT/obj/linux64/CSC/PGS_CSC_QuatToEuler.o
/usr/bin/gcc  -c -O2 -DH5_USE_16_API -m64 -fPIC -pthread -s -m128bit-long-double -mcmodel=large -mlarge-data-threshold=90000000 -DLINUX64 -Df2cFortran -DHDF4_NETCDF_HAVE_SD -DLINUX64  -I/home/jsg/SIPS/eta2/TOOLKIT/include  PGS_CSC_QuatToMatrix.c -o /home/jsg/SIPS/eta2/TOOLKIT/obj/linux64/CSC/PGS_CSC_QuatToMatrix.o
/usr/bin/gcc  -c -O2 -DH5_USE_16_API -m64 -fPIC -pthread -s -m128bit-long-double -mcmodel=large -mlarge-data-threshold=90000000 -DLINUX64 -Df2cFortran -DHDF4_NETCDF_HAVE_SD -DLINUX64  -I/home/jsg/SIPS/eta2/TOOLKIT/include  PGS_CSC_RectToGeoCen.c -o /home/jsg/SIPS/eta2/TOOLKIT/obj/linux64/CSC/PGS_CSC_RectToGeoCen.o
/usr/bin/gcc  -c -O2 -DH5_USE_16_API -m64 -fPIC -pthread -s -m128bit-long-double -mcmodel=large -mlarge-data-threshold=90000000 -DLINUX64 -Df2cFortran -DHDF4_NETCDF_HAVE_SD -DLINUX64  -I/home/jsg/SIPS/eta2/TOOLKIT/include  PGS_CSC_Rotate3or6.c -o /home/jsg/SIPS/eta2/TOOLKIT/obj/linux64/CSC/PGS_CSC_Rotate3or6.o
/usr/bin/gcc  -c -O2 -DH5_USE_16_API -m64 -fPIC -pthread -s -m128bit-long-double -mcmodel=large -mlarge-data-threshold=90000000 -DLINUX64 -Df2cFortran -DHDF4_NETCDF_HAVE_SD -DLINUX64  -I/home/jsg/SIPS/eta2/TOOLKIT/include  PGS_CSC_SCtoECI.c -o /home/jsg/SIPS/eta2/TOOLKIT/obj/linux64/CSC/PGS_CSC_SCtoECI.o
/usr/bin/gcc  -c -O2 -DH5_USE_16_API -m64 -fPIC -pthread -s -m128bit-long-double -mcmodel=large -mlarge-data-threshold=90000000 -DLINUX64 -Df2cFortran -DHDF4_NETCDF_HAVE_SD -DLINUX64  -I/home/jsg/SIPS/eta2/TOOLKIT/include  PGS_CSC_SCtoORB.c -o /home/jsg/SIPS/eta2/TOOLKIT/obj/linux64/CSC/PGS_CSC_SCtoORB.o
/usr/bin/gcc  -c -O2 -DH5_USE_16_API -m64 -fPIC -pthread -s -m128bit-long-double -mcmodel=large -mlarge-data-threshold=90000000 -DLINUX64 -Df2cFortran -DHDF4_NETCDF_HAVE_SD -DLINUX64  -I/home/jsg/SIPS/eta2/TOOLKIT/include  PGS_CSC_SpaceRefract.c -o /home/jsg/SIPS/eta2/TOOLKIT/obj/linux64/CSC/PGS_CSC_SpaceRefract.o
/usr/bin/gcc  -c -O2 -DH5_USE_16_API -m64 -fPIC -pthread -s -m128bit-long-double -mcmodel=large -mlarge-data-threshold=90000000 -DLINUX64 -Df2cFortran -DHDF4_NETCDF_HAVE_SD -DLINUX64  -I/home/jsg/SIPS/eta2/TOOLKIT/include  PGS_CSC_SubSatPoint.c -o /home/jsg/SIPS/eta2/TOOLKIT/obj/linux64/CSC/PGS_CSC_SubSatPoint.o
/usr/bin/gcc  -c -O2 -DH5_USE_16_API -m64 -fPIC -pthread -s -m128bit-long-double -mcmodel=large -mlarge-data-threshold=90000000 -DLINUX64 -Df2cFortran -DHDF4_NETCDF_HAVE_SD -DLINUX64  -I/home/jsg/SIPS/eta2/TOOLKIT/include  PGS_CSC_SubSatPointVel.c -o /home/jsg/SIPS/eta2/TOOLKIT/obj/linux64/CSC/PGS_CSC_SubSatPointVel.o
/usr/bin/gcc  -c -O2 -DH5_USE_16_API -m64 -fPIC -pthread -s -m128bit-long-double -mcmodel=large -mlarge-data-threshold=90000000 -DLINUX64 -Df2cFortran -DHDF4_NETCDF_HAVE_SD -DLINUX64  -I/home/jsg/SIPS/eta2/TOOLKIT/include  PGS_CSC_TODtoJ2000.c -o /home/jsg/SIPS/eta2/TOOLKIT/obj/linux64/CSC/PGS_CSC_TODtoJ2000.o
/usr/bin/gcc  -c -O2 -DH5_USE_16_API -m64 -fPIC -pthread -s -m128bit-long-double -mcmodel=large -mlarge-data-threshold=90000000 -DLINUX64 -Df2cFortran -DHDF4_NETCDF_HAVE_SD -DLINUX64  -I/home/jsg/SIPS/eta2/TOOLKIT/include  PGS_CSC_TiltYaw.c -o /home/jsg/SIPS/eta2/TOOLKIT/obj/linux64/CSC/PGS_CSC_TiltYaw.o
/usr/bin/gcc  -c -O2 -DH5_USE_16_API -m64 -fPIC -pthread -s -m128bit-long-double -mcmodel=large -mlarge-data-threshold=90000000 -DLINUX64 -Df2cFortran -DHDF4_NETCDF_HAVE_SD -DLINUX64  -I/home/jsg/SIPS/eta2/TOOLKIT/include  PGS_CSC_UTC_UT1Pole.c -o /home/jsg/SIPS/eta2/TOOLKIT/obj/linux64/CSC/PGS_CSC_UTC_UT1Pole.o
/usr/bin/gcc  -c -O2 -DH5_USE_16_API -m64 -fPIC -pthread -s -m128bit-long-double -mcmodel=large -mlarge-data-threshold=90000000 -DLINUX64 -Df2cFortran -DHDF4_NETCDF_HAVE_SD -DLINUX64  -I/home/jsg/SIPS/eta2/TOOLKIT/include  PGS_CSC_VecToVecAngle.c -o /home/jsg/SIPS/eta2/TOOLKIT/obj/linux64/CSC/PGS_CSC_VecToVecAngle.o
/usr/bin/gcc  -c -O2 -DH5_USE_16_API -m64 -fPIC -pthread -s -m128bit-long-double -mcmodel=large -mlarge-data-threshold=90000000 -DLINUX64 -Df2cFortran -DHDF4_NETCDF_HAVE_SD -DLINUX64  -I/home/jsg/SIPS/eta2/TOOLKIT/include  PGS_CSC_ZenithAzimuth.c -o /home/jsg/SIPS/eta2/TOOLKIT/obj/linux64/CSC/PGS_CSC_ZenithAzimuth.o
/usr/bin/gcc  -c -O2 -DH5_USE_16_API -m64 -fPIC -pthread -s -m128bit-long-double -mcmodel=large -mlarge-data-threshold=90000000 -DLINUX64 -Df2cFortran -DHDF4_NETCDF_HAVE_SD -DLINUX64  -I/home/jsg/SIPS/eta2/TOOLKIT/include  PGS_CSC_bindFORTRAN.c -o /home/jsg/SIPS/eta2/TOOLKIT/obj/linux64/CSC/PGS_CSC_bindFORTRAN.o
/usr/bin/gcc  -c -O2 -DH5_USE_16_API -m64 -fPIC -pthread -s -m128bit-long-double -mcmodel=large -mlarge-data-threshold=90000000 -DLINUX64 -Df2cFortran -DHDF4_NETCDF_HAVE_SD -DLINUX64  -I/home/jsg/SIPS/eta2/TOOLKIT/include  PGS_CSC_crossProduct.c -o /home/jsg/SIPS/eta2/TOOLKIT/obj/linux64/CSC/PGS_CSC_crossProduct.o
/usr/bin/gcc  -c -O2 -DH5_USE_16_API -m64 -fPIC -pthread -s -m128bit-long-double -mcmodel=large -mlarge-data-threshold=90000000 -DLINUX64 -Df2cFortran -DHDF4_NETCDF_HAVE_SD -DLINUX64  -I/home/jsg/SIPS/eta2/TOOLKIT/include  PGS_CSC_dotProduct.c -o /home/jsg/SIPS/eta2/TOOLKIT/obj/linux64/CSC/PGS_CSC_dotProduct.o
/usr/bin/gcc  -c -O2 -DH5_USE_16_API -m64 -fPIC -pthread -s -m128bit-long-double -mcmodel=large -mlarge-data-threshold=90000000 -DLINUX64 -Df2cFortran -DHDF4_NETCDF_HAVE_SD -DLINUX64  -I/home/jsg/SIPS/eta2/TOOLKIT/include  PGS_CSC_getECItoORBquat.c -o /home/jsg/SIPS/eta2/TOOLKIT/obj/linux64/CSC/PGS_CSC_getECItoORBquat.o
/usr/bin/gcc  -c -O2 -DH5_USE_16_API -m64 -fPIC -pthread -s -m128bit-long-double -mcmodel=large -mlarge-data-threshold=90000000 -DLINUX64 -Df2cFortran -DHDF4_NETCDF_HAVE_SD -DLINUX64  -I/home/jsg/SIPS/eta2/TOOLKIT/include  PGS_CSC_getORBtoECIquat.c -o /home/jsg/SIPS/eta2/TOOLKIT/obj/linux64/CSC/PGS_CSC_getORBtoECIquat.o
/usr/bin/gcc  -c -O2 -DH5_USE_16_API -m64 -fPIC -pthread -s -m128bit-long-double -mcmodel=large -mlarge-data-threshold=90000000 -DLINUX64 -Df2cFortran -DHDF4_NETCDF_HAVE_SD -DLINUX64  -I/home/jsg/SIPS/eta2/TOOLKIT/include  PGS_CSC_getQuats.c -o /home/jsg/SIPS/eta2/TOOLKIT/obj/linux64/CSC/PGS_CSC_getQuats.o
/usr/bin/gcc  -c -O2 -DH5_USE_16_API -m64 -fPIC -pthread -s -m128bit-long-double -mcmodel=large -mlarge-data-threshold=90000000 -DLINUX64 -Df2cFortran -DHDF4_NETCDF_HAVE_SD -DLINUX64  -I/home/jsg/SIPS/eta2/TOOLKIT/include  PGS_CSC_nutate2000.c -o /home/jsg/SIPS/eta2/TOOLKIT/obj/linux64/CSC/PGS_CSC_nutate2000.o
/usr/bin/gcc  -c -O2 -DH5_USE_16_API -m64 -fPIC -pthread -s -m128bit-long-double -mcmodel=large -mlarge-data-threshold=90000000 -DLINUX64 -Df2cFortran -DHDF4_NETCDF_HAVE_SD -DLINUX64  -I/home/jsg/SIPS/eta2/TOOLKIT/include  PGS_CSC_precs2000.c -o /home/jsg/SIPS/eta2/TOOLKIT/obj/linux64/CSC/PGS_CSC_precs2000.o
/usr/bin/gcc  -c -O2 -DH5_USE_16_API -m64 -fPIC -pthread -s -m128bit-long-double -mcmodel=large -mlarge-data-threshold=90000000 -DLINUX64 -Df2cFortran -DHDF4_NETCDF_HAVE_SD -DLINUX64  -I/home/jsg/SIPS/eta2/TOOLKIT/include  PGS_CSC_quatMultiply.c -o /home/jsg/SIPS/eta2/TOOLKIT/obj/linux64/CSC/PGS_CSC_quatMultiply.o
/usr/bin/gcc  -c -O2 -DH5_USE_16_API -m64 -fPIC -pthread -s -m128bit-long-double -mcmodel=large -mlarge-data-threshold=90000000 -DLINUX64 -Df2cFortran -DHDF4_NETCDF_HAVE_SD -DLINUX64  -I/home/jsg/SIPS/eta2/TOOLKIT/include  PGS_CSC_quatRotate.c -o /home/jsg/SIPS/eta2/TOOLKIT/obj/linux64/CSC/PGS_CSC_quatRotate.o
/usr/bin/gcc  -c -O2 -DH5_USE_16_API -m64 -fPIC -pthread -s -m128bit-long-double -mcmodel=large -mlarge-data-threshold=90000000 -DLINUX64 -Df2cFortran -DHDF4_NETCDF_HAVE_SD -DLINUX64  -I/home/jsg/SIPS/eta2/TOOLKIT/include  PGS_CSC_quickWahr.c -o /home/jsg/SIPS/eta2/TOOLKIT/obj/linux64/CSC/PGS_CSC_quickWahr.o
/usr/bin/gcc  -c -O2 -DH5_USE_16_API -m64 -fPIC -pthread -s -m128bit-long-double -mcmodel=large -mlarge-data-threshold=90000000 -DLINUX64 -Df2cFortran -DHDF4_NETCDF_HAVE_SD -DLINUX64  -I/home/jsg/SIPS/eta2/TOOLKIT/include  PGS_CSC_wahr2.c -o /home/jsg/SIPS/eta2/TOOLKIT/obj/linux64/CSC/PGS_CSC_wahr2.o

Updating /home/jsg/SIPS/eta2/TOOLKIT/lib/linux64/libPGSTK.a...

Building group: CSC to PGS Toolkit library
Copying files ...

cp PGS_CSC_bindFORTRAN.o tmp/CSCbindFORTRAN
cp PGS_CSC_BorkowskiGeo.o tmp/CSCorkowskiGeo
cp PGS_CSC_crossProduct.o tmp/CSCrossProduct
cp PGS_CSC_DayNight.o tmp/CSCDayNight.o
cp PGS_CSC_dotProduct.o tmp/CSCdotProduct.
cp PGS_CSC_EarthOccult.o tmp/CSCEarthOccult
cp PGS_CSC_Earthpt_FixedFOV.o tmp/CSCpt_FixedFOV
cp PGS_CSC_Earthpt_FOV.o tmp/CSCEarthpt_FOV
cp PGS_CSC_ECItoECR.o tmp/CSCECItoECR.o
cp PGS_CSC_ECItoORB.o tmp/CSCECItoORB.o
cp PGS_CSC_ECItoSC.o tmp/CSCECItoSC.o
cp PGS_CSC_ECRtoECI.o tmp/CSCECRtoECI.o
cp PGS_CSC_ECRtoGEO.o tmp/CSCECRtoGEO.o
cp PGS_CSC_EulerToQuat.o tmp/CSCEulerToQuat
cp PGS_CSC_FOVconicalHull.o tmp/CSCconicalHull
cp PGS_CSC_GeoCenToRect.o tmp/CSCeoCenToRect
cp PGS_CSC_GEOtoECR.o tmp/CSCGEOtoECR.o
cp PGS_CSC_GetEarthFigure.o tmp/CSCEarthFigure
cp PGS_CSC_getECItoORBquat.o tmp/CSCCItoORBquat
cp PGS_CSC_GetFOV_Pixel.o tmp/CSCetFOV_Pixel
cp PGS_CSC_getORBtoECIquat.o tmp/CSCRBtoECIquat
cp PGS_CSC_getQuats.o tmp/CSCgetQuats.o
cp PGS_CSC_GrazingRay.o tmp/CSCGrazingRay.
cp PGS_CSC_GreenwichHour.o tmp/CSCeenwichHour
cp PGS_CSC_J2000toTOD.o tmp/CSCJ2000toTOD.
cp PGS_CSC_LookPoint.o tmp/CSCLookPoint.o
cp PGS_CSC_LookTwice.o tmp/CSCLookTwice.o
cp PGS_CSC_Norm.o tmp/CSCNorm.o
cp PGS_CSC_nutate2000.o tmp/CSCnutate2000.
cp PGS_CSC_ORBtoECI.o tmp/CSCORBtoECI.o
cp PGS_CSC_ORBtoSC.o tmp/CSCORBtoSC.o
cp PGS_CSC_PointInFOVgeom.o tmp/CSCntInFOVgeom
cp PGS_CSC_precs2000.o tmp/CSCprecs2000.o
cp PGS_CSC_quatMultiply.o tmp/CSCuatMultiply
cp PGS_CSC_quatRotate.o tmp/CSCquatRotate.
cp PGS_CSC_QuatToEuler.o tmp/CSCQuatToEuler
cp PGS_CSC_QuatToMatrix.o tmp/CSCuatToMatrix
cp PGS_CSC_quickWahr.o tmp/CSCquickWahr.o
cp PGS_CSC_RectToGeoCen.o tmp/CSCectToGeoCen
cp PGS_CSC_Rotate3or6.o tmp/CSCRotate3or6.
cp PGS_CSC_SCtoECI.o tmp/CSCSCtoECI.o
cp PGS_CSC_SCtoORB.o tmp/CSCSCtoORB.o
cp PGS_CSC_SpaceRefract.o tmp/CSCpaceRefract
cp PGS_CSC_SubSatPoint.o tmp/CSCSubSatPoint
cp PGS_CSC_SubSatPointVel.o tmp/CSCSatPointVel
cp PGS_CSC_TiltYaw.o tmp/CSCTiltYaw.o
cp PGS_CSC_TODtoJ2000.o tmp/CSCTODtoJ2000.
cp PGS_CSC_UTC_UT1Pole.o tmp/CSCUTC_UT1Pole
cp PGS_CSC_VecToVecAngle.o tmp/CSCcToVecAngle
cp PGS_CSC_wahr2.o tmp/CSCwahr2.o
cp PGS_CSC_ZenithAzimuth.o tmp/CSCnithAzimuth

Adding CSC files to library ...
Cleaning up CSC...


Done.

    
        Making all in CUC
    
    Makefile for group: CUC; Target: all
/usr/bin/gcc  -c -O2 -DH5_USE_16_API -m64 -fPIC -pthread -s -m128bit-long-double -mcmodel=large -mlarge-data-threshold=90000000 -DLINUX64 -Df2cFortran -DHDF4_NETCDF_HAVE_SD -DLINUX64  -I/home/jsg/SIPS/eta2/TOOLKIT/include -I/home/jsg/SIPS/eta2/TOOLKIT/include/CUC PGS_CUC_Cons.c -o /home/jsg/SIPS/eta2/TOOLKIT/obj/linux64/CUC/PGS_CUC_Cons.o
/usr/bin/gcc  -c -O2 -DH5_USE_16_API -m64 -fPIC -pthread -s -m128bit-long-double -mcmodel=large -mlarge-data-threshold=90000000 -DLINUX64 -Df2cFortran -DHDF4_NETCDF_HAVE_SD -DLINUX64  -I/home/jsg/SIPS/eta2/TOOLKIT/include -I/home/jsg/SIPS/eta2/TOOLKIT/include/CUC PGS_CUC_Conv.c -o /home/jsg/SIPS/eta2/TOOLKIT/obj/linux64/CUC/PGS_CUC_Conv.o
/usr/bin/gcc  -c -O2 -DH5_USE_16_API -m64 -fPIC -pthread -s -m128bit-long-double -mcmodel=large -mlarge-data-threshold=90000000 -DLINUX64 -Df2cFortran -DHDF4_NETCDF_HAVE_SD -DLINUX64  -I/home/jsg/SIPS/eta2/TOOLKIT/include -I/home/jsg/SIPS/eta2/TOOLKIT/include/CUC PGS_CUC_bindFORTRAN.c -o /home/jsg/SIPS/eta2/TOOLKIT/obj/linux64/CUC/PGS_CUC_bindFORTRAN.o

Making `all' in ./ODL
make[1]: Entering directory '/home/jsg/SIPS/eta2/TOOLKIT/src/CUC/ODL'
Compiling on LINUX64.  NOTE: FLAG added.
make[2]: Entering directory '/home/jsg/SIPS/eta2/TOOLKIT/src/CUC/ODL'
/usr/bin/gcc  -c -DLINUX64 -O2 -DH5_USE_16_API -m64 -fPIC -pthread -s -m128bit-long-double -mcmodel=large -mlarge-data-threshold=90000000 -DLINUX64 -Df2cFortran -DHDF4_NETCDF_HAVE_SD -O -DSUN_UNIX -I.  -I/home/jsg/SIPS/eta2/TOOLKIT/include -I/home/jsg/SIPS/eta2/TOOLKIT/include/CUC  a_nodesa.c -o /home/jsg/SIPS/eta2/TOOLKIT/obj/linux64/CUC/a_nodesa.o
/usr/bin/gcc  -c -DLINUX64 -O2 -DH5_USE_16_API -m64 -fPIC -pthread -s -m128bit-long-double -mcmodel=large -mlarge-data-threshold=90000000 -DLINUX64 -Df2cFortran -DHDF4_NETCDF_HAVE_SD  -O -DSUN_UNIX -I.  -I/home/jsg/SIPS/eta2/TOOLKIT/include -I/home/jsg/SIPS/eta2/TOOLKIT/include/CUC  ag_nodesag.c -o /home/jsg/SIPS/eta2/TOOLKIT/obj/linux64/CUC/ag_nodesag.o
/usr/bin/gcc  -c -DLINUX64 -O2 -DH5_USE_16_API -m64 -fPIC -pthread -s -m128bit-long-double -mcmodel=large -mlarge-data-threshold=90000000 -DLINUX64 -Df2cFortran -DHDF4_NETCDF_HAVE_SD  -O -DSUN_UNIX -I.  -I/home/jsg/SIPS/eta2/TOOLKIT/include -I/home/jsg/SIPS/eta2/TOOLKIT/include/CUC  ao_nodesao.c -o /home/jsg/SIPS/eta2/TOOLKIT/obj/linux64/CUC/ao_nodesao.o
/usr/bin/gcc  -c -DLINUX64 -O2 -DH5_USE_16_API -m64 -fPIC -pthread -s -m128bit-long-double -mcmodel=large -mlarge-data-threshold=90000000 -DLINUX64 -Df2cFortran -DHDF4_NETCDF_HAVE_SD  -O -DSUN_UNIX -I.  -I/home/jsg/SIPS/eta2/TOOLKIT/include -I/home/jsg/SIPS/eta2/TOOLKIT/include/CUC  comments.c -o /home/jsg/SIPS/eta2/TOOLKIT/obj/linux64/CUC/comments.o
/usr/bin/gcc  -c -DLINUX64 -O2 -DH5_USE_16_API -m64 -fPIC -pthread -s -m128bit-long-double -mcmodel=large -mlarge-data-threshold=90000000 -DLINUX64 -Df2cFortran -DHDF4_NETCDF_HAVE_SD  -O -DSUN_UNIX -I.  -I/home/jsg/SIPS/eta2/TOOLKIT/include -I/home/jsg/SIPS/eta2/TOOLKIT/include/CUC  cvtvalue.c -o /home/jsg/SIPS/eta2/TOOLKIT/obj/linux64/CUC/cvtvalue.o
cvtvalue.c: In function ‘ODLExtractDate’:
cvtvalue.c:710:39: warning: assignment to ‘char’ from ‘void *’ makes integer from pointer without a cast [-Wint-conversion]
           item->value.date_time.month = NULL;
                                       ^
cvtvalue.c:711:39: warning: assignment to ‘char’ from ‘void *’ makes integer from pointer without a cast [-Wint-conversion]
           item->value.date_time.day   = NULL;
                                       ^
cvtvalue.c: In function ‘ODLExtractTime’:
cvtvalue.c:850:44: warning: assignment to ‘char’ from ‘void *’ makes integer from pointer without a cast [-Wint-conversion]
          item->value.date_time.seconds     = NULL;
                                            ^
cvtvalue.c:851:44: warning: assignment to ‘long int’ from ‘void *’ makes integer from pointer without a cast [-Wint-conversion]
          item->value.date_time.nanoseconds = NULL;
                                            ^
/usr/bin/gcc  -c  -DLINUX64 -O2 -DH5_USE_16_API -m64 -fPIC -pthread -s -m128bit-long-double -mcmodel=large -mlarge-data-threshold=90000000 -DLINUX64 -Df2cFortran -DHDF4_NETCDF_HAVE_SD -O -DSUN_UNIX -I.  -I/home/jsg/SIPS/eta2/TOOLKIT/include -I/home/jsg/SIPS/eta2/TOOLKIT/include/CUC  fmtvalue.c -o /home/jsg/SIPS/eta2/TOOLKIT/obj/linux64/CUC/fmtvalue.o
/usr/bin/gcc  -c  -DLINUX64 -O2 -DH5_USE_16_API -m64 -fPIC -pthread -s -m128bit-long-double -mcmodel=large -mlarge-data-threshold=90000000 -DLINUX64 -Df2cFortran -DHDF4_NETCDF_HAVE_SD -O -DSUN_UNIX -I.  -I/home/jsg/SIPS/eta2/TOOLKIT/include -I/home/jsg/SIPS/eta2/TOOLKIT/include/CUC  lexan.c -o /home/jsg/SIPS/eta2/TOOLKIT/obj/linux64/CUC/lexan.o
/usr/bin/gcc  -c  -DLINUX64 -O2 -DH5_USE_16_API -m64 -fPIC -pthread -s -m128bit-long-double -mcmodel=large -mlarge-data-threshold=90000000 -DLINUX64 -Df2cFortran -DHDF4_NETCDF_HAVE_SD -O -DSUN_UNIX -I.  -I/home/jsg/SIPS/eta2/TOOLKIT/include -I/home/jsg/SIPS/eta2/TOOLKIT/include/CUC  p_nodesp.c -o /home/jsg/SIPS/eta2/TOOLKIT/obj/linux64/CUC/p_nodesp.o
/usr/bin/gcc  -c  -DLINUX64 -O2 -DH5_USE_16_API -m64 -fPIC -pthread -s -m128bit-long-double -mcmodel=large -mlarge-data-threshold=90000000 -DLINUX64 -Df2cFortran -DHDF4_NETCDF_HAVE_SD -O -DSUN_UNIX -I.  -I/home/jsg/SIPS/eta2/TOOLKIT/include -I/home/jsg/SIPS/eta2/TOOLKIT/include/CUC  parsact.c -o /home/jsg/SIPS/eta2/TOOLKIT/obj/linux64/CUC/parsact.o
/usr/bin/gcc  -c  -DLINUX64 -O2 -DH5_USE_16_API -m64 -fPIC -pthread -s -m128bit-long-double -mcmodel=large -mlarge-data-threshold=90000000 -DLINUX64 -Df2cFortran -DHDF4_NETCDF_HAVE_SD -O -DSUN_UNIX -I.  -I/home/jsg/SIPS/eta2/TOOLKIT/include -I/home/jsg/SIPS/eta2/TOOLKIT/include/CUC  parser.c -o /home/jsg/SIPS/eta2/TOOLKIT/obj/linux64/CUC/parser.o
/usr/bin/gcc  -c  -DLINUX64 -O2 -DH5_USE_16_API -m64 -fPIC -pthread -s -m128bit-long-double -mcmodel=large -mlarge-data-threshold=90000000 -DLINUX64 -Df2cFortran -DHDF4_NETCDF_HAVE_SD -O -DSUN_UNIX -I.  -I/home/jsg/SIPS/eta2/TOOLKIT/include -I/home/jsg/SIPS/eta2/TOOLKIT/include/CUC  prtlabel.c -o /home/jsg/SIPS/eta2/TOOLKIT/obj/linux64/CUC/prtlabel.o
/usr/bin/gcc  -c -DLINUX64 -O2 -DH5_USE_16_API -m64 -fPIC -pthread -s -m128bit-long-double -mcmodel=large -mlarge-data-threshold=90000000 -DLINUX64 -Df2cFortran -DHDF4_NETCDF_HAVE_SD  -O -DSUN_UNIX -I.  -I/home/jsg/SIPS/eta2/TOOLKIT/include -I/home/jsg/SIPS/eta2/TOOLKIT/include/CUC  prtsrc.c -o /home/jsg/SIPS/eta2/TOOLKIT/obj/linux64/CUC/prtsrc.o
/usr/bin/gcc  -c  -DLINUX64 -O2 -DH5_USE_16_API -m64 -fPIC -pthread -s -m128bit-long-double -mcmodel=large -mlarge-data-threshold=90000000 -DLINUX64 -Df2cFortran -DHDF4_NETCDF_HAVE_SD -O -DSUN_UNIX -I.  -I/home/jsg/SIPS/eta2/TOOLKIT/include -I/home/jsg/SIPS/eta2/TOOLKIT/include/CUC  rdlabel.c -o /home/jsg/SIPS/eta2/TOOLKIT/obj/linux64/CUC/rdlabel.o
/usr/bin/gcc  -c -DLINUX64 -O2 -DH5_USE_16_API -m64 -fPIC -pthread -s -m128bit-long-double -mcmodel=large -mlarge-data-threshold=90000000 -DLINUX64 -Df2cFortran -DHDF4_NETCDF_HAVE_SD -O -DSUN_UNIX -I.  -I/home/jsg/SIPS/eta2/TOOLKIT/include -I/home/jsg/SIPS/eta2/TOOLKIT/include/CUC  rdvalue.c -o /home/jsg/SIPS/eta2/TOOLKIT/obj/linux64/CUC/rdvalue.o
/usr/bin/gcc  -c -DLINUX64 -O2 -DH5_USE_16_API -m64 -fPIC -pthread -s -m128bit-long-double -mcmodel=large -mlarge-data-threshold=90000000 -DLINUX64 -Df2cFortran -DHDF4_NETCDF_HAVE_SD -O -DSUN_UNIX -I.  -I/home/jsg/SIPS/eta2/TOOLKIT/include -I/home/jsg/SIPS/eta2/TOOLKIT/include/CUC  v_nodesv.c -o /home/jsg/SIPS/eta2/TOOLKIT/obj/linux64/CUC/v_nodesv.o
/usr/bin/gcc  -c -DLINUX64 -O2 -DH5_USE_16_API -m64 -fPIC -pthread -s -m128bit-long-double -mcmodel=large -mlarge-data-threshold=90000000 -DLINUX64 -Df2cFortran -DHDF4_NETCDF_HAVE_SD -O -DSUN_UNIX -I.  -I/home/jsg/SIPS/eta2/TOOLKIT/include -I/home/jsg/SIPS/eta2/TOOLKIT/include/CUC  wrtlabel.c -o /home/jsg/SIPS/eta2/TOOLKIT/obj/linux64/CUC/wrtlabel.o
/usr/bin/gcc  -c -DLINUX64 -O2 -DH5_USE_16_API -m64 -fPIC -pthread -s -m128bit-long-double -mcmodel=large -mlarge-data-threshold=90000000 -DLINUX64 -Df2cFortran -DHDF4_NETCDF_HAVE_SD -O -DSUN_UNIX -I.  -I/home/jsg/SIPS/eta2/TOOLKIT/include -I/home/jsg/SIPS/eta2/TOOLKIT/include/CUC  wrtsrc.c -o /home/jsg/SIPS/eta2/TOOLKIT/obj/linux64/CUC/wrtsrc.o
/usr/bin/gcc  -c -DLINUX64 -O2 -DH5_USE_16_API -m64 -fPIC -pthread -s -m128bit-long-double -mcmodel=large -mlarge-data-threshold=90000000 -DLINUX64 -Df2cFortran -DHDF4_NETCDF_HAVE_SD -O -DSUN_UNIX -I.  -I/home/jsg/SIPS/eta2/TOOLKIT/include -I/home/jsg/SIPS/eta2/TOOLKIT/include/CUC  output.c -o /home/jsg/SIPS/eta2/TOOLKIT/obj/linux64/CUC/output.o

Updating /home/jsg/SIPS/eta2/TOOLKIT/lib/linux64/libPGSTK.a...

Building group: CUC to PGS Toolkit library
Copying files ...

cp ag_nodesag.o tmp/CUCnodesag.o
cp a_nodesa.o tmp/CUCnodesa.o
cp ao_nodesao.o tmp/CUCnodesao.o
cp comments.o tmp/CUCcomments.o
cp cvtvalue.o tmp/CUCcvtvalue.o
cp fmtvalue.o tmp/CUCfmtvalue.o
cp lexan.o tmp/CUClexan.o
cp output.o tmp/CUCoutput.o
cp parsact.o tmp/CUCparsact.o
cp parser.o tmp/CUCparser.o
cp PGS_CUC_bindFORTRAN.o tmp/CUCbindFORTRAN
cp PGS_CUC_Cons.o tmp/CUCCons.o
cp PGS_CUC_Conv.o tmp/CUCConv.o
cp p_nodesp.o tmp/CUCnodesp.o
cp prtlabel.o tmp/CUCprtlabel.o
cp prtsrc.o tmp/CUCprtsrc.o
cp rdlabel.o tmp/CUCrdlabel.o
cp rdvalue.o tmp/CUCrdvalue.o
cp v_nodesv.o tmp/CUCnodesv.o
cp wrtlabel.o tmp/CUCwrtlabel.o
cp wrtsrc.o tmp/CUCwrtsrc.o

Adding CUC files to library ...
Cleaning up CUC...


Done.

make[2]: Leaving directory '/home/jsg/SIPS/eta2/TOOLKIT/src/CUC/ODL'
make[1]: Leaving directory '/home/jsg/SIPS/eta2/TOOLKIT/src/CUC/ODL'

Making `all' in ./UDUNITS
make[1]: Entering directory '/home/jsg/SIPS/eta2/TOOLKIT/src/CUC/UDUNITS'
/usr/bin/gcc  -c -O2 -DH5_USE_16_API -m64 -fPIC -pthread -s -m128bit-long-double -mcmodel=large -mlarge-data-threshold=90000000 -DLINUX64 -Df2cFortran -DHDF4_NETCDF_HAVE_SD -DLINUX64 -DUT_DEFAULT_PATH='"/home/jsg/SIPS/eta2/TOOLKIT/database/common/CUC/udunits.dat"' -I. -I/.  -I/home/jsg/SIPS/eta2/TOOLKIT/include/CUC -I/home/jsg/SIPS/eta2/TOOLKIT/include utlib.c -o /home/jsg/SIPS/eta2/TOOLKIT/obj/linux64/CUC/utlib.o
/usr/bin/gcc  -c -O2 -DH5_USE_16_API -m64 -fPIC -pthread -s -m128bit-long-double -mcmodel=large -mlarge-data-threshold=90000000 -DLINUX64 -Df2cFortran -DHDF4_NETCDF_HAVE_SD -I. -I/.  -I/home/jsg/SIPS/eta2/TOOLKIT/include/CUC -I/home/jsg/SIPS/eta2/TOOLKIT/include utparse.c -o /home/jsg/SIPS/eta2/TOOLKIT/obj/linux64/CUC/utparse.o
/usr/bin/gcc  -c -O2 -DH5_USE_16_API -m64 -fPIC -pthread -s -m128bit-long-double -mcmodel=large -mlarge-data-threshold=90000000 -DLINUX64 -Df2cFortran -DHDF4_NETCDF_HAVE_SD -I. -I/.  -I/home/jsg/SIPS/eta2/TOOLKIT/include/CUC -I/home/jsg/SIPS/eta2/TOOLKIT/include utscan.c -o /home/jsg/SIPS/eta2/TOOLKIT/obj/linux64/CUC/utscan.o
/usr/bin/gcc  -c -O2 -DH5_USE_16_API -m64 -fPIC -pthread -s -m128bit-long-double -mcmodel=large -mlarge-data-threshold=90000000 -DLINUX64 -Df2cFortran -DHDF4_NETCDF_HAVE_SD -I. -I/.  -I/home/jsg/SIPS/eta2/TOOLKIT/include/CUC -I/home/jsg/SIPS/eta2/TOOLKIT/include udalloc.c -o /home/jsg/SIPS/eta2/TOOLKIT/obj/linux64/CUC/udalloc.o
make[1]: Leaving directory '/home/jsg/SIPS/eta2/TOOLKIT/src/CUC/UDUNITS'

Updating /home/jsg/SIPS/eta2/TOOLKIT/lib/linux64/libPGSTK.a...

Building group: CUC to PGS Toolkit library
Copying files ...

cp ag_nodesag.o tmp/CUCnodesag.o
cp a_nodesa.o tmp/CUCnodesa.o
cp ao_nodesao.o tmp/CUCnodesao.o
cp comments.o tmp/CUCcomments.o
cp cvtvalue.o tmp/CUCcvtvalue.o
cp fmtvalue.o tmp/CUCfmtvalue.o
cp lexan.o tmp/CUClexan.o
cp output.o tmp/CUCoutput.o
cp parsact.o tmp/CUCparsact.o
cp parser.o tmp/CUCparser.o
cp PGS_CUC_bindFORTRAN.o tmp/CUCbindFORTRAN
cp PGS_CUC_Cons.o tmp/CUCCons.o
cp PGS_CUC_Conv.o tmp/CUCConv.o
cp p_nodesp.o tmp/CUCnodesp.o
cp prtlabel.o tmp/CUCprtlabel.o
cp prtsrc.o tmp/CUCprtsrc.o
cp rdlabel.o tmp/CUCrdlabel.o
cp rdvalue.o tmp/CUCrdvalue.o
cp udalloc.o tmp/CUCudalloc.o
cp utlib.o tmp/CUCutlib.o
cp utparse.o tmp/CUCutparse.o
cp utscan.o tmp/CUCutscan.o
cp v_nodesv.o tmp/CUCnodesv.o
cp wrtlabel.o tmp/CUCwrtlabel.o
cp wrtsrc.o tmp/CUCwrtsrc.o

Adding CUC files to library ...
Cleaning up CUC...


Done.

    
        Making all in DEM
    
    Makefile for group: DEM; Target: all
/usr/bin/gcc  -c -O2 -DH5_USE_16_API -m64 -fPIC -pthread -s -m128bit-long-double -mcmodel=large -mlarge-data-threshold=90000000 -DLINUX64 -Df2cFortran -DHDF4_NETCDF_HAVE_SD -DLINUX64  -I/home/jsg/SIPS/eta2/TOOLKIT/include -I/opt/packages/hdf4-4.2.15/include -I/opt/packages/hdf5-1.8.19/include -I/home/jsg/SIPS/eta2/TOOLKIT/hdfeos/include   PGS_DEM_Subset.c -o /home/jsg/SIPS/eta2/TOOLKIT/obj/linux64/DEM/PGS_DEM_Subset.o
/usr/bin/gcc  -c -O2 -DH5_USE_16_API -m64 -fPIC -pthread -s -m128bit-long-double -mcmodel=large -mlarge-data-threshold=90000000 -DLINUX64 -Df2cFortran -DHDF4_NETCDF_HAVE_SD -DLINUX64  -I/home/jsg/SIPS/eta2/TOOLKIT/include -I/opt/packages/hdf4-4.2.15/include -I/opt/packages/hdf5-1.8.19/include -I/home/jsg/SIPS/eta2/TOOLKIT/hdfeos/include   PGS_DEM_Lookup.c -o /home/jsg/SIPS/eta2/TOOLKIT/obj/linux64/DEM/PGS_DEM_Lookup.o
/usr/bin/gcc  -c -O2 -DH5_USE_16_API -m64 -fPIC -pthread -s -m128bit-long-double -mcmodel=large -mlarge-data-threshold=90000000 -DLINUX64 -Df2cFortran -DHDF4_NETCDF_HAVE_SD -DLINUX64  -I/home/jsg/SIPS/eta2/TOOLKIT/include -I/opt/packages/hdf4-4.2.15/include -I/opt/packages/hdf5-1.8.19/include -I/home/jsg/SIPS/eta2/TOOLKIT/hdfeos/include   PGS_DEM_OrderSubset.c -o /home/jsg/SIPS/eta2/TOOLKIT/obj/linux64/DEM/PGS_DEM_OrderSubset.o
/usr/bin/gcc  -c -O2 -DH5_USE_16_API -m64 -fPIC -pthread -s -m128bit-long-double -mcmodel=large -mlarge-data-threshold=90000000 -DLINUX64 -Df2cFortran -DHDF4_NETCDF_HAVE_SD -DLINUX64  -I/home/jsg/SIPS/eta2/TOOLKIT/include -I/opt/packages/hdf4-4.2.15/include -I/opt/packages/hdf5-1.8.19/include -I/home/jsg/SIPS/eta2/TOOLKIT/hdfeos/include   PGS_DEM_Populate.c -o /home/jsg/SIPS/eta2/TOOLKIT/obj/linux64/DEM/PGS_DEM_Populate.o
/usr/bin/gcc  -c -O2 -DH5_USE_16_API -m64 -fPIC -pthread -s -m128bit-long-double -mcmodel=large -mlarge-data-threshold=90000000 -DLINUX64 -Df2cFortran -DHDF4_NETCDF_HAVE_SD -DLINUX64  -I/home/jsg/SIPS/eta2/TOOLKIT/include -I/opt/packages/hdf4-4.2.15/include -I/opt/packages/hdf5-1.8.19/include -I/home/jsg/SIPS/eta2/TOOLKIT/hdfeos/include   PGS_DEM_WriteSubgridCalculator.c -o /home/jsg/SIPS/eta2/TOOLKIT/obj/linux64/DEM/PGS_DEM_WriteSubgridCalculator.o
/usr/bin/gcc  -c -O2 -DH5_USE_16_API -m64 -fPIC -pthread -s -m128bit-long-double -mcmodel=large -mlarge-data-threshold=90000000 -DLINUX64 -Df2cFortran -DHDF4_NETCDF_HAVE_SD -DLINUX64  -I/home/jsg/SIPS/eta2/TOOLKIT/include -I/opt/packages/hdf4-4.2.15/include -I/opt/packages/hdf5-1.8.19/include -I/home/jsg/SIPS/eta2/TOOLKIT/hdfeos/include   PGS_DEM_RecursiveSearchPix.c -o /home/jsg/SIPS/eta2/TOOLKIT/obj/linux64/DEM/PGS_DEM_RecursiveSearchPix.o
/usr/bin/gcc  -c -O2 -DH5_USE_16_API -m64 -fPIC -pthread -s -m128bit-long-double -mcmodel=large -mlarge-data-threshold=90000000 -DLINUX64 -Df2cFortran -DHDF4_NETCDF_HAVE_SD -DLINUX64  -I/home/jsg/SIPS/eta2/TOOLKIT/include -I/opt/packages/hdf4-4.2.15/include -I/opt/packages/hdf5-1.8.19/include -I/home/jsg/SIPS/eta2/TOOLKIT/hdfeos/include   PGS_DEM_RecursiveSearchDeg.c -o /home/jsg/SIPS/eta2/TOOLKIT/obj/linux64/DEM/PGS_DEM_RecursiveSearchDeg.o
/usr/bin/gcc  -c -O2 -DH5_USE_16_API -m64 -fPIC -pthread -s -m128bit-long-double -mcmodel=large -mlarge-data-threshold=90000000 -DLINUX64 -Df2cFortran -DHDF4_NETCDF_HAVE_SD -DLINUX64  -I/home/jsg/SIPS/eta2/TOOLKIT/include -I/opt/packages/hdf4-4.2.15/include -I/opt/packages/hdf5-1.8.19/include -I/home/jsg/SIPS/eta2/TOOLKIT/hdfeos/include   PGS_DEM_RecursiveSearchBil.c -o /home/jsg/SIPS/eta2/TOOLKIT/obj/linux64/DEM/PGS_DEM_RecursiveSearchBil.o
/usr/bin/gcc  -c -O2 -DH5_USE_16_API -m64 -fPIC -pthread -s -m128bit-long-double -mcmodel=large -mlarge-data-threshold=90000000 -DLINUX64 -Df2cFortran -DHDF4_NETCDF_HAVE_SD -DLINUX64  -I/home/jsg/SIPS/eta2/TOOLKIT/include -I/opt/packages/hdf4-4.2.15/include -I/opt/packages/hdf5-1.8.19/include -I/home/jsg/SIPS/eta2/TOOLKIT/hdfeos/include   PGS_DEM_OrderIndicesSumPix.c -o /home/jsg/SIPS/eta2/TOOLKIT/obj/linux64/DEM/PGS_DEM_OrderIndicesSumPix.o
/usr/bin/gcc  -c -O2 -DH5_USE_16_API -m64 -fPIC -pthread -s -m128bit-long-double -mcmodel=large -mlarge-data-threshold=90000000 -DLINUX64 -Df2cFortran -DHDF4_NETCDF_HAVE_SD -DLINUX64  -I/home/jsg/SIPS/eta2/TOOLKIT/include -I/opt/packages/hdf4-4.2.15/include -I/opt/packages/hdf5-1.8.19/include -I/home/jsg/SIPS/eta2/TOOLKIT/hdfeos/include   PGS_DEM_OrderIndicesSumDeg.c -o /home/jsg/SIPS/eta2/TOOLKIT/obj/linux64/DEM/PGS_DEM_OrderIndicesSumDeg.o
/usr/bin/gcc  -c -O2 -DH5_USE_16_API -m64 -fPIC -pthread -s -m128bit-long-double -mcmodel=large -mlarge-data-threshold=90000000 -DLINUX64 -Df2cFortran -DHDF4_NETCDF_HAVE_SD -DLINUX64  -I/home/jsg/SIPS/eta2/TOOLKIT/include -I/opt/packages/hdf4-4.2.15/include -I/opt/packages/hdf5-1.8.19/include -I/home/jsg/SIPS/eta2/TOOLKIT/hdfeos/include   PGS_DEM_Open.c -o /home/jsg/SIPS/eta2/TOOLKIT/obj/linux64/DEM/PGS_DEM_Open.o
/usr/bin/gcc  -c -O2 -DH5_USE_16_API -m64 -fPIC -pthread -s -m128bit-long-double -mcmodel=large -mlarge-data-threshold=90000000 -DLINUX64 -Df2cFortran -DHDF4_NETCDF_HAVE_SD -DLINUX64  -I/home/jsg/SIPS/eta2/TOOLKIT/include -I/opt/packages/hdf4-4.2.15/include -I/opt/packages/hdf5-1.8.19/include -I/home/jsg/SIPS/eta2/TOOLKIT/hdfeos/include   PGS_DEM_Close.c -o /home/jsg/SIPS/eta2/TOOLKIT/obj/linux64/DEM/PGS_DEM_Close.o
/usr/bin/gcc  -c -O2 -DH5_USE_16_API -m64 -fPIC -pthread -s -m128bit-long-double -mcmodel=large -mlarge-data-threshold=90000000 -DLINUX64 -Df2cFortran -DHDF4_NETCDF_HAVE_SD -DLINUX64  -I/home/jsg/SIPS/eta2/TOOLKIT/include -I/opt/packages/hdf4-4.2.15/include -I/opt/packages/hdf5-1.8.19/include -I/home/jsg/SIPS/eta2/TOOLKIT/hdfeos/include   PGS_DEM_ExtentRegion.c -o /home/jsg/SIPS/eta2/TOOLKIT/obj/linux64/DEM/PGS_DEM_ExtentRegion.o
/usr/bin/gcc  -c -O2 -DH5_USE_16_API -m64 -fPIC -pthread -s -m128bit-long-double -mcmodel=large -mlarge-data-threshold=90000000 -DLINUX64 -Df2cFortran -DHDF4_NETCDF_HAVE_SD -DLINUX64  -I/home/jsg/SIPS/eta2/TOOLKIT/include -I/opt/packages/hdf4-4.2.15/include -I/opt/packages/hdf5-1.8.19/include -I/home/jsg/SIPS/eta2/TOOLKIT/hdfeos/include   PGS_DEM_ExtractRegion.c -o /home/jsg/SIPS/eta2/TOOLKIT/obj/linux64/DEM/PGS_DEM_ExtractRegion.o
/usr/bin/gcc  -c -O2 -DH5_USE_16_API -m64 -fPIC -pthread -s -m128bit-long-double -mcmodel=large -mlarge-data-threshold=90000000 -DLINUX64 -Df2cFortran -DHDF4_NETCDF_HAVE_SD -DLINUX64  -I/home/jsg/SIPS/eta2/TOOLKIT/include -I/opt/packages/hdf4-4.2.15/include -I/opt/packages/hdf5-1.8.19/include -I/home/jsg/SIPS/eta2/TOOLKIT/hdfeos/include   PGS_DEM_ReplaceFillPoints.c -o /home/jsg/SIPS/eta2/TOOLKIT/obj/linux64/DEM/PGS_DEM_ReplaceFillPoints.o
/usr/bin/gcc  -c -O2 -DH5_USE_16_API -m64 -fPIC -pthread -s -m128bit-long-double -mcmodel=large -mlarge-data-threshold=90000000 -DLINUX64 -Df2cFortran -DHDF4_NETCDF_HAVE_SD -DLINUX64  -I/home/jsg/SIPS/eta2/TOOLKIT/include -I/opt/packages/hdf4-4.2.15/include -I/opt/packages/hdf5-1.8.19/include -I/home/jsg/SIPS/eta2/TOOLKIT/hdfeos/include   PGS_DEM_ReplaceFillPointsInt8.c -o /home/jsg/SIPS/eta2/TOOLKIT/obj/linux64/DEM/PGS_DEM_ReplaceFillPointsInt8.o
/usr/bin/gcc  -c -O2 -DH5_USE_16_API -m64 -fPIC -pthread -s -m128bit-long-double -mcmodel=large -mlarge-data-threshold=90000000 -DLINUX64 -Df2cFortran -DHDF4_NETCDF_HAVE_SD -DLINUX64  -I/home/jsg/SIPS/eta2/TOOLKIT/include -I/opt/packages/hdf4-4.2.15/include -I/opt/packages/hdf5-1.8.19/include -I/home/jsg/SIPS/eta2/TOOLKIT/hdfeos/include   PGS_DEM_ReplaceFillPointsInt16.c -o /home/jsg/SIPS/eta2/TOOLKIT/obj/linux64/DEM/PGS_DEM_ReplaceFillPointsInt16.o
/usr/bin/gcc  -c -O2 -DH5_USE_16_API -m64 -fPIC -pthread -s -m128bit-long-double -mcmodel=large -mlarge-data-threshold=90000000 -DLINUX64 -Df2cFortran -DHDF4_NETCDF_HAVE_SD -DLINUX64  -I/home/jsg/SIPS/eta2/TOOLKIT/include -I/opt/packages/hdf4-4.2.15/include -I/opt/packages/hdf5-1.8.19/include -I/home/jsg/SIPS/eta2/TOOLKIT/hdfeos/include   PGS_DEM_ReplaceFillPointsFlt32.c -o /home/jsg/SIPS/eta2/TOOLKIT/obj/linux64/DEM/PGS_DEM_ReplaceFillPointsFlt32.o
/usr/bin/gcc  -c -O2 -DH5_USE_16_API -m64 -fPIC -pthread -s -m128bit-long-double -mcmodel=large -mlarge-data-threshold=90000000 -DLINUX64 -Df2cFortran -DHDF4_NETCDF_HAVE_SD -DLINUX64  -I/home/jsg/SIPS/eta2/TOOLKIT/include -I/opt/packages/hdf4-4.2.15/include -I/opt/packages/hdf5-1.8.19/include -I/home/jsg/SIPS/eta2/TOOLKIT/hdfeos/include   PGS_DEM_GetPoint.c -o /home/jsg/SIPS/eta2/TOOLKIT/obj/linux64/DEM/PGS_DEM_GetPoint.o
/usr/bin/gcc  -c -O2 -DH5_USE_16_API -m64 -fPIC -pthread -s -m128bit-long-double -mcmodel=large -mlarge-data-threshold=90000000 -DLINUX64 -Df2cFortran -DHDF4_NETCDF_HAVE_SD -DLINUX64  -I/home/jsg/SIPS/eta2/TOOLKIT/include -I/opt/packages/hdf4-4.2.15/include -I/opt/packages/hdf5-1.8.19/include -I/home/jsg/SIPS/eta2/TOOLKIT/hdfeos/include   PGS_DEM_GetRegion.c -o /home/jsg/SIPS/eta2/TOOLKIT/obj/linux64/DEM/PGS_DEM_GetRegion.o
/usr/bin/gcc  -c -O2 -DH5_USE_16_API -m64 -fPIC -pthread -s -m128bit-long-double -mcmodel=large -mlarge-data-threshold=90000000 -DLINUX64 -Df2cFortran -DHDF4_NETCDF_HAVE_SD -DLINUX64  -I/home/jsg/SIPS/eta2/TOOLKIT/include -I/opt/packages/hdf4-4.2.15/include -I/opt/packages/hdf5-1.8.19/include -I/home/jsg/SIPS/eta2/TOOLKIT/hdfeos/include   PGS_DEM_GetSize.c -o /home/jsg/SIPS/eta2/TOOLKIT/obj/linux64/DEM/PGS_DEM_GetSize.o
/usr/bin/gcc  -c -O2 -DH5_USE_16_API -m64 -fPIC -pthread -s -m128bit-long-double -mcmodel=large -mlarge-data-threshold=90000000 -DLINUX64 -Df2cFortran -DHDF4_NETCDF_HAVE_SD -DLINUX64  -I/home/jsg/SIPS/eta2/TOOLKIT/include -I/opt/packages/hdf4-4.2.15/include -I/opt/packages/hdf5-1.8.19/include -I/home/jsg/SIPS/eta2/TOOLKIT/hdfeos/include   PGS_DEM_GetMetadata.c -o /home/jsg/SIPS/eta2/TOOLKIT/obj/linux64/DEM/PGS_DEM_GetMetadata.o
/usr/bin/gcc  -c -O2 -DH5_USE_16_API -m64 -fPIC -pthread -s -m128bit-long-double -mcmodel=large -mlarge-data-threshold=90000000 -DLINUX64 -Df2cFortran -DHDF4_NETCDF_HAVE_SD -DLINUX64  -I/home/jsg/SIPS/eta2/TOOLKIT/include -I/opt/packages/hdf4-4.2.15/include -I/opt/packages/hdf5-1.8.19/include -I/home/jsg/SIPS/eta2/TOOLKIT/hdfeos/include   PGS_DEM_GetQualityData.c -o /home/jsg/SIPS/eta2/TOOLKIT/obj/linux64/DEM/PGS_DEM_GetQualityData.o
/usr/bin/gcc  -c -O2 -DH5_USE_16_API -m64 -fPIC -pthread -s -m128bit-long-double -mcmodel=large -mlarge-data-threshold=90000000 -DLINUX64 -Df2cFortran -DHDF4_NETCDF_HAVE_SD -DLINUX64  -I/home/jsg/SIPS/eta2/TOOLKIT/include -I/opt/packages/hdf4-4.2.15/include -I/opt/packages/hdf5-1.8.19/include -I/home/jsg/SIPS/eta2/TOOLKIT/hdfeos/include   PGS_DEM_GetBoundingPnts.c -o /home/jsg/SIPS/eta2/TOOLKIT/obj/linux64/DEM/PGS_DEM_GetBoundingPnts.o
/usr/bin/gcc  -c -O2 -DH5_USE_16_API -m64 -fPIC -pthread -s -m128bit-long-double -mcmodel=large -mlarge-data-threshold=90000000 -DLINUX64 -Df2cFortran -DHDF4_NETCDF_HAVE_SD -DLINUX64  -I/home/jsg/SIPS/eta2/TOOLKIT/include -I/opt/packages/hdf4-4.2.15/include -I/opt/packages/hdf5-1.8.19/include -I/home/jsg/SIPS/eta2/TOOLKIT/hdfeos/include   PGS_DEM_DataPresent.c -o /home/jsg/SIPS/eta2/TOOLKIT/obj/linux64/DEM/PGS_DEM_DataPresent.o
/usr/bin/gcc  -c -O2 -DH5_USE_16_API -m64 -fPIC -pthread -s -m128bit-long-double -mcmodel=large -mlarge-data-threshold=90000000 -DLINUX64 -Df2cFortran -DHDF4_NETCDF_HAVE_SD -DLINUX64  -I/home/jsg/SIPS/eta2/TOOLKIT/include -I/opt/packages/hdf4-4.2.15/include -I/opt/packages/hdf5-1.8.19/include -I/home/jsg/SIPS/eta2/TOOLKIT/hdfeos/include   PGS_DEM_SortModels.c -o /home/jsg/SIPS/eta2/TOOLKIT/obj/linux64/DEM/PGS_DEM_SortModels.o
/usr/bin/gcc  -c -O2 -DH5_USE_16_API -m64 -fPIC -pthread -s -m128bit-long-double -mcmodel=large -mlarge-data-threshold=90000000 -DLINUX64 -Df2cFortran -DHDF4_NETCDF_HAVE_SD -DLINUX64  -I/home/jsg/SIPS/eta2/TOOLKIT/include -I/opt/packages/hdf4-4.2.15/include -I/opt/packages/hdf5-1.8.19/include -I/home/jsg/SIPS/eta2/TOOLKIT/hdfeos/include   PGS_DEM_AccessFile.c -o /home/jsg/SIPS/eta2/TOOLKIT/obj/linux64/DEM/PGS_DEM_AccessFile.o
/usr/bin/gcc  -c -O2 -DH5_USE_16_API -m64 -fPIC -pthread -s -m128bit-long-double -mcmodel=large -mlarge-data-threshold=90000000 -DLINUX64 -Df2cFortran -DHDF4_NETCDF_HAVE_SD -DLINUX64  -I/home/jsg/SIPS/eta2/TOOLKIT/include -I/opt/packages/hdf4-4.2.15/include -I/opt/packages/hdf5-1.8.19/include -I/home/jsg/SIPS/eta2/TOOLKIT/hdfeos/include   PGS_DEM_Interpolate.c -o /home/jsg/SIPS/eta2/TOOLKIT/obj/linux64/DEM/PGS_DEM_Interpolate.o
/usr/bin/gcc  -c -O2 -DH5_USE_16_API -m64 -fPIC -pthread -s -m128bit-long-double -mcmodel=large -mlarge-data-threshold=90000000 -DLINUX64 -Df2cFortran -DHDF4_NETCDF_HAVE_SD -DLINUX64  -I/home/jsg/SIPS/eta2/TOOLKIT/include -I/opt/packages/hdf4-4.2.15/include -I/opt/packages/hdf5-1.8.19/include -I/home/jsg/SIPS/eta2/TOOLKIT/hdfeos/include   PGS_DEM_bindFORTRAN.c -o /home/jsg/SIPS/eta2/TOOLKIT/obj/linux64/DEM/PGS_DEM_bindFORTRAN.o

Updating /home/jsg/SIPS/eta2/TOOLKIT/lib/linux64/libPGSTK.a...

Building group: DEM to PGS Toolkit library
Copying files ...

cp PGS_DEM_AccessFile.o tmp/DEMAccessFile.
cp PGS_DEM_bindFORTRAN.o tmp/DEMbindFORTRAN
cp PGS_DEM_Close.o tmp/DEMClose.o
cp PGS_DEM_DataPresent.o tmp/DEMDataPresent
cp PGS_DEM_ExtentRegion.o tmp/DEMxtentRegion
cp PGS_DEM_ExtractRegion.o tmp/DEMtractRegion
cp PGS_DEM_GetBoundingPnts.o tmp/DEMoundingPnts
cp PGS_DEM_GetMetadata.o tmp/DEMGetMetadata
cp PGS_DEM_GetPoint.o tmp/DEMGetPoint.o
cp PGS_DEM_GetQualityData.o tmp/DEMQualityData
cp PGS_DEM_GetRegion.o tmp/DEMGetRegion.o
cp PGS_DEM_GetSize.o tmp/DEMGetSize.o
cp PGS_DEM_Interpolate.o tmp/DEMInterpolate
cp PGS_DEM_Lookup.o tmp/DEMLookup.o
cp PGS_DEM_Open.o tmp/DEMOpen.o
cp PGS_DEM_OrderIndicesSumDeg.o tmp/DEMdicesSumDeg
cp PGS_DEM_OrderIndicesSumPix.o tmp/DEMdicesSumPix
cp PGS_DEM_OrderSubset.o tmp/DEMOrderSubset
cp PGS_DEM_Populate.o tmp/DEMPopulate.o
cp PGS_DEM_RecursiveSearchBil.o tmp/DEMveSearchBil
cp PGS_DEM_RecursiveSearchDeg.o tmp/DEMveSearchDeg
cp PGS_DEM_RecursiveSearchPix.o tmp/DEMveSearchPix
cp PGS_DEM_ReplaceFillPointsFlt32.o tmp/DEMPointsFlt32
cp PGS_DEM_ReplaceFillPointsInt16.o tmp/DEMPointsInt16
cp PGS_DEM_ReplaceFillPointsInt8.o tmp/DEMlPointsInt8
cp PGS_DEM_ReplaceFillPoints.o tmp/DEMeFillPoints
cp PGS_DEM_SortModels.o tmp/DEMSortModels.
cp PGS_DEM_Subset.o tmp/DEMSubset.o
cp PGS_DEM_WriteSubgridCalculator.o tmp/DEMdCalculator

Adding DEM files to library ...
Cleaning up DEM...


Done.

    
        Making all in EPH
    
    Makefile for group: EPH; Target: all
make[1]: Entering directory '/home/jsg/SIPS/eta2/TOOLKIT/src/EPH'
/usr/bin/gcc  -c -O2 -DH5_USE_16_API -m64 -fPIC -pthread -s -m128bit-long-double -mcmodel=large -mlarge-data-threshold=90000000 -DLINUX64 -Df2cFortran -DHDF4_NETCDF_HAVE_SD -DLINUX64  -I/home/jsg/SIPS/eta2/TOOLKIT/include  -I/opt/packages/hdf4-4.2.15/include -I/opt/packages/zlib-1.2.11/include -I/opt/packages/jpeg-9b/include -I/opt/packages/hdf5-1.8.19/include PGS_EPH_EphemAttit.c -o /home/jsg/SIPS/eta2/TOOLKIT/obj/linux64/EPH/PGS_EPH_EphemAttit.o
/usr/bin/gcc  -c -O2 -DH5_USE_16_API -m64 -fPIC -pthread -s -m128bit-long-double -mcmodel=large -mlarge-data-threshold=90000000 -DLINUX64 -Df2cFortran -DHDF4_NETCDF_HAVE_SD -DLINUX64  -I/home/jsg/SIPS/eta2/TOOLKIT/include  -I/opt/packages/hdf4-4.2.15/include -I/opt/packages/zlib-1.2.11/include -I/opt/packages/jpeg-9b/include -I/opt/packages/hdf5-1.8.19/include PGS_EPH_EphAtt_unInterpolate.c -o /home/jsg/SIPS/eta2/TOOLKIT/obj/linux64/EPH/PGS_EPH_EphAtt_unInterpolate.o
/usr/bin/gcc  -c -O2 -DH5_USE_16_API -m64 -fPIC -pthread -s -m128bit-long-double -mcmodel=large -mlarge-data-threshold=90000000 -DLINUX64 -Df2cFortran -DHDF4_NETCDF_HAVE_SD -DLINUX64  -I/home/jsg/SIPS/eta2/TOOLKIT/include  -I/opt/packages/hdf4-4.2.15/include -I/opt/packages/zlib-1.2.11/include -I/opt/packages/jpeg-9b/include -I/opt/packages/hdf5-1.8.19/include PGS_EPH_UnInterpEphAtt.c -o /home/jsg/SIPS/eta2/TOOLKIT/obj/linux64/EPH/PGS_EPH_UnInterpEphAtt.o
/usr/bin/gcc  -c -O2 -DH5_USE_16_API -m64 -fPIC -pthread -s -m128bit-long-double -mcmodel=large -mlarge-data-threshold=90000000 -DLINUX64 -Df2cFortran -DHDF4_NETCDF_HAVE_SD -DLINUX64  -I/home/jsg/SIPS/eta2/TOOLKIT/include  -I/opt/packages/hdf4-4.2.15/include -I/opt/packages/zlib-1.2.11/include -I/opt/packages/jpeg-9b/include -I/opt/packages/hdf5-1.8.19/include PGS_EPH_GetEphMet.c -o /home/jsg/SIPS/eta2/TOOLKIT/obj/linux64/EPH/PGS_EPH_GetEphMet.o
/usr/bin/gcc  -c -O2 -DH5_USE_16_API -m64 -fPIC -pthread -s -m128bit-long-double -mcmodel=large -mlarge-data-threshold=90000000 -DLINUX64 -Df2cFortran -DHDF4_NETCDF_HAVE_SD -DLINUX64  -I/home/jsg/SIPS/eta2/TOOLKIT/include  -I/opt/packages/hdf4-4.2.15/include -I/opt/packages/zlib-1.2.11/include -I/opt/packages/jpeg-9b/include -I/opt/packages/hdf5-1.8.19/include PGS_EPH_GetSpacecraftData.c -o /home/jsg/SIPS/eta2/TOOLKIT/obj/linux64/EPH/PGS_EPH_GetSpacecraftData.o
/usr/bin/gcc  -c -O2 -DH5_USE_16_API -m64 -fPIC -pthread -s -m128bit-long-double -mcmodel=large -mlarge-data-threshold=90000000 -DLINUX64 -Df2cFortran -DHDF4_NETCDF_HAVE_SD -DLINUX64  -I/home/jsg/SIPS/eta2/TOOLKIT/include  -I/opt/packages/hdf4-4.2.15/include -I/opt/packages/zlib-1.2.11/include -I/opt/packages/jpeg-9b/include -I/opt/packages/hdf5-1.8.19/include PGS_EPH_ManageMasks.c -o /home/jsg/SIPS/eta2/TOOLKIT/obj/linux64/EPH/PGS_EPH_ManageMasks.o
/usr/bin/gcc  -c -O2 -DH5_USE_16_API -m64 -fPIC -pthread -s -m128bit-long-double -mcmodel=large -mlarge-data-threshold=90000000 -DLINUX64 -Df2cFortran -DHDF4_NETCDF_HAVE_SD -DLINUX64  -I/home/jsg/SIPS/eta2/TOOLKIT/include  -I/opt/packages/hdf4-4.2.15/include -I/opt/packages/zlib-1.2.11/include -I/opt/packages/jpeg-9b/include -I/opt/packages/hdf5-1.8.19/include PGS_EPH_bindFORTRAN.c -o /home/jsg/SIPS/eta2/TOOLKIT/obj/linux64/EPH/PGS_EPH_bindFORTRAN.o
/usr/bin/gcc  -c -O2 -DH5_USE_16_API -m64 -fPIC -pthread -s -m128bit-long-double -mcmodel=large -mlarge-data-threshold=90000000 -DLINUX64 -Df2cFortran -DHDF4_NETCDF_HAVE_SD -DLINUX64  -I/home/jsg/SIPS/eta2/TOOLKIT/include  -I/opt/packages/hdf4-4.2.15/include -I/opt/packages/zlib-1.2.11/include -I/opt/packages/jpeg-9b/include -I/opt/packages/hdf5-1.8.19/include PGS_EPH_getEphemHeaders.c -o /home/jsg/SIPS/eta2/TOOLKIT/obj/linux64/EPH/PGS_EPH_getEphemHeaders.o
/usr/bin/gcc  -c -O2 -DH5_USE_16_API -m64 -fPIC -pthread -s -m128bit-long-double -mcmodel=large -mlarge-data-threshold=90000000 -DLINUX64 -Df2cFortran -DHDF4_NETCDF_HAVE_SD -DLINUX64  -I/home/jsg/SIPS/eta2/TOOLKIT/include  -I/opt/packages/hdf4-4.2.15/include -I/opt/packages/zlib-1.2.11/include -I/opt/packages/jpeg-9b/include -I/opt/packages/hdf5-1.8.19/include PGS_EPH_getAttitHeaders.c -o /home/jsg/SIPS/eta2/TOOLKIT/obj/linux64/EPH/PGS_EPH_getAttitHeaders.o
/usr/bin/gcc  -c -O2 -DH5_USE_16_API -m64 -fPIC -pthread -s -m128bit-long-double -mcmodel=large -mlarge-data-threshold=90000000 -DLINUX64 -Df2cFortran -DHDF4_NETCDF_HAVE_SD -DLINUX64  -I/home/jsg/SIPS/eta2/TOOLKIT/include  -I/opt/packages/hdf4-4.2.15/include -I/opt/packages/zlib-1.2.11/include -I/opt/packages/jpeg-9b/include -I/opt/packages/hdf5-1.8.19/include PGS_EPH_getEphemRecords.c -o /home/jsg/SIPS/eta2/TOOLKIT/obj/linux64/EPH/PGS_EPH_getEphemRecords.o
/usr/bin/gcc  -c -O2 -DH5_USE_16_API -m64 -fPIC -pthread -s -m128bit-long-double -mcmodel=large -mlarge-data-threshold=90000000 -DLINUX64 -Df2cFortran -DHDF4_NETCDF_HAVE_SD -DLINUX64  -I/home/jsg/SIPS/eta2/TOOLKIT/include  -I/opt/packages/hdf4-4.2.15/include -I/opt/packages/zlib-1.2.11/include -I/opt/packages/jpeg-9b/include -I/opt/packages/hdf5-1.8.19/include PGS_EPH_getAttitRecords.c -o /home/jsg/SIPS/eta2/TOOLKIT/obj/linux64/EPH/PGS_EPH_getAttitRecords.o
/usr/bin/gcc  -c -O2 -DH5_USE_16_API -m64 -fPIC -pthread -s -m128bit-long-double -mcmodel=large -mlarge-data-threshold=90000000 -DLINUX64 -Df2cFortran -DHDF4_NETCDF_HAVE_SD -DLINUX64  -I/home/jsg/SIPS/eta2/TOOLKIT/include  -I/opt/packages/hdf4-4.2.15/include -I/opt/packages/zlib-1.2.11/include -I/opt/packages/jpeg-9b/include -I/opt/packages/hdf5-1.8.19/include PGS_EPH_getToken.c -o /home/jsg/SIPS/eta2/TOOLKIT/obj/linux64/EPH/PGS_EPH_getToken.o
/usr/bin/gcc  -c -O2 -DH5_USE_16_API -m64 -fPIC -pthread -s -m128bit-long-double -mcmodel=large -mlarge-data-threshold=90000000 -DLINUX64 -Df2cFortran -DHDF4_NETCDF_HAVE_SD -DLINUX64  -I/home/jsg/SIPS/eta2/TOOLKIT/include  -I/opt/packages/hdf4-4.2.15/include -I/opt/packages/zlib-1.2.11/include -I/opt/packages/jpeg-9b/include -I/opt/packages/hdf5-1.8.19/include PGS_EPH_fileHandlingStuff.c -o /home/jsg/SIPS/eta2/TOOLKIT/obj/linux64/EPH/PGS_EPH_fileHandlingStuff.o
/usr/bin/gcc  -c -O2 -DH5_USE_16_API -m64 -fPIC -pthread -s -m128bit-long-double -mcmodel=large -mlarge-data-threshold=90000000 -DLINUX64 -Df2cFortran -DHDF4_NETCDF_HAVE_SD -DLINUX64  -I/home/jsg/SIPS/eta2/TOOLKIT/include  -I/opt/packages/hdf4-4.2.15/include -I/opt/packages/zlib-1.2.11/include -I/opt/packages/jpeg-9b/include -I/opt/packages/hdf5-1.8.19/include PGS_EPH_interpolateAttitude.c -o /home/jsg/SIPS/eta2/TOOLKIT/obj/linux64/EPH/PGS_EPH_interpolateAttitude.o
/usr/bin/gcc  -c -O2 -DH5_USE_16_API -m64 -fPIC -pthread -s -m128bit-long-double -mcmodel=large -mlarge-data-threshold=90000000 -DLINUX64 -Df2cFortran -DHDF4_NETCDF_HAVE_SD -DLINUX64  -I/home/jsg/SIPS/eta2/TOOLKIT/include  -I/opt/packages/hdf4-4.2.15/include -I/opt/packages/zlib-1.2.11/include -I/opt/packages/jpeg-9b/include -I/opt/packages/hdf5-1.8.19/include PGS_EPH_interpolatePosVel.c -o /home/jsg/SIPS/eta2/TOOLKIT/obj/linux64/EPH/PGS_EPH_interpolatePosVel.o
cp /home/jsg/SIPS/eta2/TOOLKIT/include/PGS_SMF.f .
cp /home/jsg/SIPS/eta2/TOOLKIT/include/PGS_TD.f .
cp /home/jsg/SIPS/eta2/TOOLKIT/include/PGS_TD_3.f .
cp /home/jsg/SIPS/eta2/TOOLKIT/include/PGS_EPH_5.f .
cp /home/jsg/SIPS/eta2/TOOLKIT/include/PGS_MEM_7.f .
/usr/bin/gfortran  -c -O2 -DH5_USE_16_API -ff2c -m64 -fPIC -pthread -s -m128bit-long-double -fdec-structure -fdec -mcmodel=large -mlarge-data-threshold=90000000 -fno-second-underscore PGS_EPH_GetEphMetF.f -o /home/jsg/SIPS/eta2/TOOLKIT/obj/linux64/EPH/PGS_EPH_GetEphMetF.o
/usr/bin/gfortran  -c -O2 -DH5_USE_16_API -ff2c -m64 -fPIC -pthread -s -m128bit-long-double -fdec-structure -fdec -mcmodel=large -mlarge-data-threshold=90000000 -fno-second-underscore PGS_EPH_UnInterpEphAttF.f -o /home/jsg/SIPS/eta2/TOOLKIT/obj/linux64/EPH/PGS_EPH_UnInterpEphAttF.o
/usr/bin/gfortran  -c -O2 -DH5_USE_16_API -ff2c -m64 -fPIC -pthread -s -m128bit-long-double -fdec-structure -fdec -mcmodel=large -mlarge-data-threshold=90000000 -fno-second-underscore PGS_EPH_EphAtt_unInterpolateF.f -o /home/jsg/SIPS/eta2/TOOLKIT/obj/linux64/EPH/PGS_EPH_EphAtt_unInterpolateF.o
/bin/rm -f  PGS_SMF.f PGS_TD.f PGS_TD_3.f PGS_EPH_5.f PGS_MEM_7.f

Updating /home/jsg/SIPS/eta2/TOOLKIT/lib/linux64/libPGSTK.a...

Building group: EPH to PGS Toolkit library
Copying files ...

cp PGS_EPH_bindFORTRAN.o tmp/EPHbindFORTRAN
cp PGS_EPH_EphAtt_unInterpolateF.o tmp/EPHnterpolateF
cp PGS_EPH_EphAtt_unInterpolate.o tmp/EPHInterpolate
cp PGS_EPH_EphemAttit.o tmp/EPHEphemAttit.
cp PGS_EPH_fileHandlingStuff.o tmp/EPHndlingStuff
cp PGS_EPH_getAttitHeaders.o tmp/EPHttitHeaders
cp PGS_EPH_getAttitRecords.o tmp/EPHttitRecords
cp PGS_EPH_getEphemHeaders.o tmp/EPHphemHeaders
cp PGS_EPH_getEphemRecords.o tmp/EPHphemRecords
cp PGS_EPH_GetEphMetF.o tmp/EPHGetEphMetF.
cp PGS_EPH_GetEphMet.o tmp/EPHGetEphMet.o
cp PGS_EPH_GetSpacecraftData.o tmp/EPHcecraftData
cp PGS_EPH_getToken.o tmp/EPHgetToken.o
cp PGS_EPH_interpolateAttitude.o tmp/EPHateAttitude
cp PGS_EPH_interpolatePosVel.o tmp/EPHolatePosVel
cp PGS_EPH_ManageMasks.o tmp/EPHManageMasks
cp PGS_EPH_UnInterpEphAttF.o tmp/EPHterpEphAttF
cp PGS_EPH_UnInterpEphAtt.o tmp/EPHnterpEphAtt

Adding EPH files to library ...
Cleaning up EPH...


Done.

make[1]: Leaving directory '/home/jsg/SIPS/eta2/TOOLKIT/src/EPH'
    
        Making all in GCT
    
    Makefile for group: GCT; Target: all
/usr/bin/gcc  -c -O2 -DH5_USE_16_API -m64 -fPIC -pthread -s -m128bit-long-double -mcmodel=large -mlarge-data-threshold=90000000 -DLINUX64 -Df2cFortran -DHDF4_NETCDF_HAVE_SD -DLINUX64  -I/home/jsg/SIPS/eta2/TOOLKIT/include -I/home/jsg/SIPS/eta2/TOOLKIT/include/FW  PGS_GCT_Init.c -o /home/jsg/SIPS/eta2/TOOLKIT/obj/linux64/GCT/PGS_GCT_Init.o
/usr/bin/gcc  -c -O2 -DH5_USE_16_API -m64 -fPIC -pthread -s -m128bit-long-double -mcmodel=large -mlarge-data-threshold=90000000 -DLINUX64 -Df2cFortran -DHDF4_NETCDF_HAVE_SD -DLINUX64  -I/home/jsg/SIPS/eta2/TOOLKIT/include -I/home/jsg/SIPS/eta2/TOOLKIT/include/FW  PGS_GCT_Proj.c -o /home/jsg/SIPS/eta2/TOOLKIT/obj/linux64/GCT/PGS_GCT_Proj.o
/usr/bin/gcc  -c -O2 -DH5_USE_16_API -m64 -fPIC -pthread -s -m128bit-long-double -mcmodel=large -mlarge-data-threshold=90000000 -DLINUX64 -Df2cFortran -DHDF4_NETCDF_HAVE_SD -DLINUX64  -I/home/jsg/SIPS/eta2/TOOLKIT/include -I/home/jsg/SIPS/eta2/TOOLKIT/include/FW  PGS_GCT_bindFORTRAN.c -o /home/jsg/SIPS/eta2/TOOLKIT/obj/linux64/GCT/PGS_GCT_bindFORTRAN.o

Making `all' in ./freeware
make[1]: Entering directory '/home/jsg/SIPS/eta2/TOOLKIT/src/GCT/freeware'
/usr/bin/gcc  -c -O2 -DH5_USE_16_API -m64 -fPIC -pthread -s -m128bit-long-double -mcmodel=large -mlarge-data-threshold=90000000 -DLINUX64 -Df2cFortran -DHDF4_NETCDF_HAVE_SD -DLINUX64 -DPGS_TOOLKIT_COMPILE  -I/home/jsg/SIPS/eta2/TOOLKIT/include -I/home/jsg/SIPS/eta2/TOOLKIT/include/FW alberfor.c -o /home/jsg/SIPS/eta2/TOOLKIT/obj/linux64/GCT/alberfor.o
/usr/bin/gcc  -c -O2 -DH5_USE_16_API -m64 -fPIC -pthread -s -m128bit-long-double -mcmodel=large -mlarge-data-threshold=90000000 -DLINUX64 -Df2cFortran -DHDF4_NETCDF_HAVE_SD -DLINUX64 -DPGS_TOOLKIT_COMPILE  -I/home/jsg/SIPS/eta2/TOOLKIT/include -I/home/jsg/SIPS/eta2/TOOLKIT/include/FW alberinv.c -o /home/jsg/SIPS/eta2/TOOLKIT/obj/linux64/GCT/alberinv.o
/usr/bin/gcc  -c -O2 -DH5_USE_16_API -m64 -fPIC -pthread -s -m128bit-long-double -mcmodel=large -mlarge-data-threshold=90000000 -DLINUX64 -Df2cFortran -DHDF4_NETCDF_HAVE_SD -DLINUX64 -DPGS_TOOLKIT_COMPILE  -I/home/jsg/SIPS/eta2/TOOLKIT/include -I/home/jsg/SIPS/eta2/TOOLKIT/include/FW alconfor.c -o /home/jsg/SIPS/eta2/TOOLKIT/obj/linux64/GCT/alconfor.o
/usr/bin/gcc  -c -O2 -DH5_USE_16_API -m64 -fPIC -pthread -s -m128bit-long-double -mcmodel=large -mlarge-data-threshold=90000000 -DLINUX64 -Df2cFortran -DHDF4_NETCDF_HAVE_SD -DLINUX64 -DPGS_TOOLKIT_COMPILE  -I/home/jsg/SIPS/eta2/TOOLKIT/include -I/home/jsg/SIPS/eta2/TOOLKIT/include/FW alconinv.c -o /home/jsg/SIPS/eta2/TOOLKIT/obj/linux64/GCT/alconinv.o
/usr/bin/gcc  -c -O2 -DH5_USE_16_API -m64 -fPIC -pthread -s -m128bit-long-double -mcmodel=large -mlarge-data-threshold=90000000 -DLINUX64 -Df2cFortran -DHDF4_NETCDF_HAVE_SD -DLINUX64 -DPGS_TOOLKIT_COMPILE  -I/home/jsg/SIPS/eta2/TOOLKIT/include -I/home/jsg/SIPS/eta2/TOOLKIT/include/FW azimfor.c -o /home/jsg/SIPS/eta2/TOOLKIT/obj/linux64/GCT/azimfor.o
/usr/bin/gcc  -c -O2 -DH5_USE_16_API -m64 -fPIC -pthread -s -m128bit-long-double -mcmodel=large -mlarge-data-threshold=90000000 -DLINUX64 -Df2cFortran -DHDF4_NETCDF_HAVE_SD -DLINUX64 -DPGS_TOOLKIT_COMPILE  -I/home/jsg/SIPS/eta2/TOOLKIT/include -I/home/jsg/SIPS/eta2/TOOLKIT/include/FW aziminv.c -o /home/jsg/SIPS/eta2/TOOLKIT/obj/linux64/GCT/aziminv.o
/usr/bin/gcc  -c -O2 -DH5_USE_16_API -m64 -fPIC -pthread -s -m128bit-long-double -mcmodel=large -mlarge-data-threshold=90000000 -DLINUX64 -Df2cFortran -DHDF4_NETCDF_HAVE_SD -DLINUX64 -DPGS_TOOLKIT_COMPILE  -I/home/jsg/SIPS/eta2/TOOLKIT/include -I/home/jsg/SIPS/eta2/TOOLKIT/include/FW bceafor.c -o /home/jsg/SIPS/eta2/TOOLKIT/obj/linux64/GCT/bceafor.o
/usr/bin/gcc  -c -O2 -DH5_USE_16_API -m64 -fPIC -pthread -s -m128bit-long-double -mcmodel=large -mlarge-data-threshold=90000000 -DLINUX64 -Df2cFortran -DHDF4_NETCDF_HAVE_SD -DLINUX64 -DPGS_TOOLKIT_COMPILE  -I/home/jsg/SIPS/eta2/TOOLKIT/include -I/home/jsg/SIPS/eta2/TOOLKIT/include/FW bceainv.c -o /home/jsg/SIPS/eta2/TOOLKIT/obj/linux64/GCT/bceainv.o
/usr/bin/gcc  -c -O2 -DH5_USE_16_API -m64 -fPIC -pthread -s -m128bit-long-double -mcmodel=large -mlarge-data-threshold=90000000 -DLINUX64 -Df2cFortran -DHDF4_NETCDF_HAVE_SD -DLINUX64 -DPGS_TOOLKIT_COMPILE  -I/home/jsg/SIPS/eta2/TOOLKIT/include -I/home/jsg/SIPS/eta2/TOOLKIT/include/FW ceafor.c -o /home/jsg/SIPS/eta2/TOOLKIT/obj/linux64/GCT/ceafor.o
/usr/bin/gcc  -c -O2 -DH5_USE_16_API -m64 -fPIC -pthread -s -m128bit-long-double -mcmodel=large -mlarge-data-threshold=90000000 -DLINUX64 -Df2cFortran -DHDF4_NETCDF_HAVE_SD -DLINUX64 -DPGS_TOOLKIT_COMPILE  -I/home/jsg/SIPS/eta2/TOOLKIT/include -I/home/jsg/SIPS/eta2/TOOLKIT/include/FW ceainv.c -o /home/jsg/SIPS/eta2/TOOLKIT/obj/linux64/GCT/ceainv.o
/usr/bin/gcc  -c -O2 -DH5_USE_16_API -m64 -fPIC -pthread -s -m128bit-long-double -mcmodel=large -mlarge-data-threshold=90000000 -DLINUX64 -Df2cFortran -DHDF4_NETCDF_HAVE_SD -DLINUX64 -DPGS_TOOLKIT_COMPILE  -I/home/jsg/SIPS/eta2/TOOLKIT/include -I/home/jsg/SIPS/eta2/TOOLKIT/include/FW cproj.c -o /home/jsg/SIPS/eta2/TOOLKIT/obj/linux64/GCT/cproj.o
/usr/bin/gcc  -c -O2 -DH5_USE_16_API -m64 -fPIC -pthread -s -m128bit-long-double -mcmodel=large -mlarge-data-threshold=90000000 -DLINUX64 -Df2cFortran -DHDF4_NETCDF_HAVE_SD -DLINUX64 -DPGS_TOOLKIT_COMPILE  -I/home/jsg/SIPS/eta2/TOOLKIT/include -I/home/jsg/SIPS/eta2/TOOLKIT/include/FW eqconfor.c -o /home/jsg/SIPS/eta2/TOOLKIT/obj/linux64/GCT/eqconfor.o
/usr/bin/gcc  -c -O2 -DH5_USE_16_API -m64 -fPIC -pthread -s -m128bit-long-double -mcmodel=large -mlarge-data-threshold=90000000 -DLINUX64 -Df2cFortran -DHDF4_NETCDF_HAVE_SD -DLINUX64 -DPGS_TOOLKIT_COMPILE  -I/home/jsg/SIPS/eta2/TOOLKIT/include -I/home/jsg/SIPS/eta2/TOOLKIT/include/FW eqconinv.c -o /home/jsg/SIPS/eta2/TOOLKIT/obj/linux64/GCT/eqconinv.o
/usr/bin/gcc  -c -O2 -DH5_USE_16_API -m64 -fPIC -pthread -s -m128bit-long-double -mcmodel=large -mlarge-data-threshold=90000000 -DLINUX64 -Df2cFortran -DHDF4_NETCDF_HAVE_SD -DLINUX64 -DPGS_TOOLKIT_COMPILE  -I/home/jsg/SIPS/eta2/TOOLKIT/include -I/home/jsg/SIPS/eta2/TOOLKIT/include/FW equifor.c -o /home/jsg/SIPS/eta2/TOOLKIT/obj/linux64/GCT/equifor.o
/usr/bin/gcc  -c -O2 -DH5_USE_16_API -m64 -fPIC -pthread -s -m128bit-long-double -mcmodel=large -mlarge-data-threshold=90000000 -DLINUX64 -Df2cFortran -DHDF4_NETCDF_HAVE_SD -DLINUX64 -DPGS_TOOLKIT_COMPILE  -I/home/jsg/SIPS/eta2/TOOLKIT/include -I/home/jsg/SIPS/eta2/TOOLKIT/include/FW equiinv.c -o /home/jsg/SIPS/eta2/TOOLKIT/obj/linux64/GCT/equiinv.o
/usr/bin/gcc  -c -O2 -DH5_USE_16_API -m64 -fPIC -pthread -s -m128bit-long-double -mcmodel=large -mlarge-data-threshold=90000000 -DLINUX64 -Df2cFortran -DHDF4_NETCDF_HAVE_SD -DLINUX64 -DPGS_TOOLKIT_COMPILE  -I/home/jsg/SIPS/eta2/TOOLKIT/include -I/home/jsg/SIPS/eta2/TOOLKIT/include/FW gnomfor.c -o /home/jsg/SIPS/eta2/TOOLKIT/obj/linux64/GCT/gnomfor.o
/usr/bin/gcc  -c -O2 -DH5_USE_16_API -m64 -fPIC -pthread -s -m128bit-long-double -mcmodel=large -mlarge-data-threshold=90000000 -DLINUX64 -Df2cFortran -DHDF4_NETCDF_HAVE_SD -DLINUX64 -DPGS_TOOLKIT_COMPILE  -I/home/jsg/SIPS/eta2/TOOLKIT/include -I/home/jsg/SIPS/eta2/TOOLKIT/include/FW gnominv.c -o /home/jsg/SIPS/eta2/TOOLKIT/obj/linux64/GCT/gnominv.o
/usr/bin/gcc  -c -O2 -DH5_USE_16_API -m64 -fPIC -pthread -s -m128bit-long-double -mcmodel=large -mlarge-data-threshold=90000000 -DLINUX64 -Df2cFortran -DHDF4_NETCDF_HAVE_SD -DLINUX64 -DPGS_TOOLKIT_COMPILE  -I/home/jsg/SIPS/eta2/TOOLKIT/include -I/home/jsg/SIPS/eta2/TOOLKIT/include/FW goodfor.c -o /home/jsg/SIPS/eta2/TOOLKIT/obj/linux64/GCT/goodfor.o
/usr/bin/gcc  -c -O2 -DH5_USE_16_API -m64 -fPIC -pthread -s -m128bit-long-double -mcmodel=large -mlarge-data-threshold=90000000 -DLINUX64 -Df2cFortran -DHDF4_NETCDF_HAVE_SD -DLINUX64 -DPGS_TOOLKIT_COMPILE  -I/home/jsg/SIPS/eta2/TOOLKIT/include -I/home/jsg/SIPS/eta2/TOOLKIT/include/FW goodinv.c -o /home/jsg/SIPS/eta2/TOOLKIT/obj/linux64/GCT/goodinv.o
/usr/bin/gcc  -c -O2 -DH5_USE_16_API -m64 -fPIC -pthread -s -m128bit-long-double -mcmodel=large -mlarge-data-threshold=90000000 -DLINUX64 -Df2cFortran -DHDF4_NETCDF_HAVE_SD -DLINUX64 -DPGS_TOOLKIT_COMPILE  -I/home/jsg/SIPS/eta2/TOOLKIT/include -I/home/jsg/SIPS/eta2/TOOLKIT/include/FW gvnspfor.c -o /home/jsg/SIPS/eta2/TOOLKIT/obj/linux64/GCT/gvnspfor.o
/usr/bin/gcc  -c -O2 -DH5_USE_16_API -m64 -fPIC -pthread -s -m128bit-long-double -mcmodel=large -mlarge-data-threshold=90000000 -DLINUX64 -Df2cFortran -DHDF4_NETCDF_HAVE_SD -DLINUX64 -DPGS_TOOLKIT_COMPILE  -I/home/jsg/SIPS/eta2/TOOLKIT/include -I/home/jsg/SIPS/eta2/TOOLKIT/include/FW gvnspinv.c -o /home/jsg/SIPS/eta2/TOOLKIT/obj/linux64/GCT/gvnspinv.o
/usr/bin/gcc  -c -O2 -DH5_USE_16_API -m64 -fPIC -pthread -s -m128bit-long-double -mcmodel=large -mlarge-data-threshold=90000000 -DLINUX64 -Df2cFortran -DHDF4_NETCDF_HAVE_SD -DLINUX64 -DPGS_TOOLKIT_COMPILE  -I/home/jsg/SIPS/eta2/TOOLKIT/include -I/home/jsg/SIPS/eta2/TOOLKIT/include/FW hamfor.c -o /home/jsg/SIPS/eta2/TOOLKIT/obj/linux64/GCT/hamfor.o
/usr/bin/gcc  -c -O2 -DH5_USE_16_API -m64 -fPIC -pthread -s -m128bit-long-double -mcmodel=large -mlarge-data-threshold=90000000 -DLINUX64 -Df2cFortran -DHDF4_NETCDF_HAVE_SD -DLINUX64 -DPGS_TOOLKIT_COMPILE  -I/home/jsg/SIPS/eta2/TOOLKIT/include -I/home/jsg/SIPS/eta2/TOOLKIT/include/FW haminv.c -o /home/jsg/SIPS/eta2/TOOLKIT/obj/linux64/GCT/haminv.o
/usr/bin/gcc  -c -O2 -DH5_USE_16_API -m64 -fPIC -pthread -s -m128bit-long-double -mcmodel=large -mlarge-data-threshold=90000000 -DLINUX64 -Df2cFortran -DHDF4_NETCDF_HAVE_SD -DLINUX64 -DPGS_TOOLKIT_COMPILE  -I/home/jsg/SIPS/eta2/TOOLKIT/include -I/home/jsg/SIPS/eta2/TOOLKIT/include/FW imolwfor.c -o /home/jsg/SIPS/eta2/TOOLKIT/obj/linux64/GCT/imolwfor.o
/usr/bin/gcc  -c -O2 -DH5_USE_16_API -m64 -fPIC -pthread -s -m128bit-long-double -mcmodel=large -mlarge-data-threshold=90000000 -DLINUX64 -Df2cFortran -DHDF4_NETCDF_HAVE_SD -DLINUX64 -DPGS_TOOLKIT_COMPILE  -I/home/jsg/SIPS/eta2/TOOLKIT/include -I/home/jsg/SIPS/eta2/TOOLKIT/include/FW imolwinv.c -o /home/jsg/SIPS/eta2/TOOLKIT/obj/linux64/GCT/imolwinv.o
/usr/bin/gcc  -c -O2 -DH5_USE_16_API -m64 -fPIC -pthread -s -m128bit-long-double -mcmodel=large -mlarge-data-threshold=90000000 -DLINUX64 -Df2cFortran -DHDF4_NETCDF_HAVE_SD -DLINUX64 -DPGS_TOOLKIT_COMPILE  -I/home/jsg/SIPS/eta2/TOOLKIT/include -I/home/jsg/SIPS/eta2/TOOLKIT/include/FW lamazfor.c -o /home/jsg/SIPS/eta2/TOOLKIT/obj/linux64/GCT/lamazfor.o
/usr/bin/gcc  -c -O2 -DH5_USE_16_API -m64 -fPIC -pthread -s -m128bit-long-double -mcmodel=large -mlarge-data-threshold=90000000 -DLINUX64 -Df2cFortran -DHDF4_NETCDF_HAVE_SD -DLINUX64 -DPGS_TOOLKIT_COMPILE  -I/home/jsg/SIPS/eta2/TOOLKIT/include -I/home/jsg/SIPS/eta2/TOOLKIT/include/FW lamazinv.c -o /home/jsg/SIPS/eta2/TOOLKIT/obj/linux64/GCT/lamazinv.o
/usr/bin/gcc  -c -O2 -DH5_USE_16_API -m64 -fPIC -pthread -s -m128bit-long-double -mcmodel=large -mlarge-data-threshold=90000000 -DLINUX64 -Df2cFortran -DHDF4_NETCDF_HAVE_SD -DLINUX64 -DPGS_TOOLKIT_COMPILE  -I/home/jsg/SIPS/eta2/TOOLKIT/include -I/home/jsg/SIPS/eta2/TOOLKIT/include/FW lamccfor.c -o /home/jsg/SIPS/eta2/TOOLKIT/obj/linux64/GCT/lamccfor.o
/usr/bin/gcc  -c -O2 -DH5_USE_16_API -m64 -fPIC -pthread -s -m128bit-long-double -mcmodel=large -mlarge-data-threshold=90000000 -DLINUX64 -Df2cFortran -DHDF4_NETCDF_HAVE_SD -DLINUX64 -DPGS_TOOLKIT_COMPILE  -I/home/jsg/SIPS/eta2/TOOLKIT/include -I/home/jsg/SIPS/eta2/TOOLKIT/include/FW lamccinv.c -o /home/jsg/SIPS/eta2/TOOLKIT/obj/linux64/GCT/lamccinv.o
/usr/bin/gcc  -c -O2 -DH5_USE_16_API -m64 -fPIC -pthread -s -m128bit-long-double -mcmodel=large -mlarge-data-threshold=90000000 -DLINUX64 -Df2cFortran -DHDF4_NETCDF_HAVE_SD -DLINUX64 -DPGS_TOOLKIT_COMPILE  -I/home/jsg/SIPS/eta2/TOOLKIT/include -I/home/jsg/SIPS/eta2/TOOLKIT/include/FW merfor.c -o /home/jsg/SIPS/eta2/TOOLKIT/obj/linux64/GCT/merfor.o
/usr/bin/gcc  -c -O2 -DH5_USE_16_API -m64 -fPIC -pthread -s -m128bit-long-double -mcmodel=large -mlarge-data-threshold=90000000 -DLINUX64 -Df2cFortran -DHDF4_NETCDF_HAVE_SD -DLINUX64 -DPGS_TOOLKIT_COMPILE  -I/home/jsg/SIPS/eta2/TOOLKIT/include -I/home/jsg/SIPS/eta2/TOOLKIT/include/FW merinv.c -o /home/jsg/SIPS/eta2/TOOLKIT/obj/linux64/GCT/merinv.o
/usr/bin/gcc  -c -O2 -DH5_USE_16_API -m64 -fPIC -pthread -s -m128bit-long-double -mcmodel=large -mlarge-data-threshold=90000000 -DLINUX64 -Df2cFortran -DHDF4_NETCDF_HAVE_SD -DLINUX64 -DPGS_TOOLKIT_COMPILE  -I/home/jsg/SIPS/eta2/TOOLKIT/include -I/home/jsg/SIPS/eta2/TOOLKIT/include/FW millfor.c -o /home/jsg/SIPS/eta2/TOOLKIT/obj/linux64/GCT/millfor.o
/usr/bin/gcc  -c -O2 -DH5_USE_16_API -m64 -fPIC -pthread -s -m128bit-long-double -mcmodel=large -mlarge-data-threshold=90000000 -DLINUX64 -Df2cFortran -DHDF4_NETCDF_HAVE_SD -DLINUX64 -DPGS_TOOLKIT_COMPILE  -I/home/jsg/SIPS/eta2/TOOLKIT/include -I/home/jsg/SIPS/eta2/TOOLKIT/include/FW millinv.c -o /home/jsg/SIPS/eta2/TOOLKIT/obj/linux64/GCT/millinv.o
/usr/bin/gcc  -c -O2 -DH5_USE_16_API -m64 -fPIC -pthread -s -m128bit-long-double -mcmodel=large -mlarge-data-threshold=90000000 -DLINUX64 -Df2cFortran -DHDF4_NETCDF_HAVE_SD -DLINUX64 -DPGS_TOOLKIT_COMPILE  -I/home/jsg/SIPS/eta2/TOOLKIT/include -I/home/jsg/SIPS/eta2/TOOLKIT/include/FW molwfor.c -o /home/jsg/SIPS/eta2/TOOLKIT/obj/linux64/GCT/molwfor.o
/usr/bin/gcc  -c -O2 -DH5_USE_16_API -m64 -fPIC -pthread -s -m128bit-long-double -mcmodel=large -mlarge-data-threshold=90000000 -DLINUX64 -Df2cFortran -DHDF4_NETCDF_HAVE_SD -DLINUX64 -DPGS_TOOLKIT_COMPILE  -I/home/jsg/SIPS/eta2/TOOLKIT/include -I/home/jsg/SIPS/eta2/TOOLKIT/include/FW molwinv.c -o /home/jsg/SIPS/eta2/TOOLKIT/obj/linux64/GCT/molwinv.o
/usr/bin/gcc  -c -O2 -DH5_USE_16_API -m64 -fPIC -pthread -s -m128bit-long-double -mcmodel=large -mlarge-data-threshold=90000000 -DLINUX64 -Df2cFortran -DHDF4_NETCDF_HAVE_SD -DLINUX64 -DPGS_TOOLKIT_COMPILE  -I/home/jsg/SIPS/eta2/TOOLKIT/include -I/home/jsg/SIPS/eta2/TOOLKIT/include/FW obleqfor.c -o /home/jsg/SIPS/eta2/TOOLKIT/obj/linux64/GCT/obleqfor.o
/usr/bin/gcc  -c -O2 -DH5_USE_16_API -m64 -fPIC -pthread -s -m128bit-long-double -mcmodel=large -mlarge-data-threshold=90000000 -DLINUX64 -Df2cFortran -DHDF4_NETCDF_HAVE_SD -DLINUX64 -DPGS_TOOLKIT_COMPILE  -I/home/jsg/SIPS/eta2/TOOLKIT/include -I/home/jsg/SIPS/eta2/TOOLKIT/include/FW obleqinv.c -o /home/jsg/SIPS/eta2/TOOLKIT/obj/linux64/GCT/obleqinv.o
/usr/bin/gcc  -c -O2 -DH5_USE_16_API -m64 -fPIC -pthread -s -m128bit-long-double -mcmodel=large -mlarge-data-threshold=90000000 -DLINUX64 -Df2cFortran -DHDF4_NETCDF_HAVE_SD -DLINUX64 -DPGS_TOOLKIT_COMPILE  -I/home/jsg/SIPS/eta2/TOOLKIT/include -I/home/jsg/SIPS/eta2/TOOLKIT/include/FW omerfor.c -o /home/jsg/SIPS/eta2/TOOLKIT/obj/linux64/GCT/omerfor.o
/usr/bin/gcc  -c -O2 -DH5_USE_16_API -m64 -fPIC -pthread -s -m128bit-long-double -mcmodel=large -mlarge-data-threshold=90000000 -DLINUX64 -Df2cFortran -DHDF4_NETCDF_HAVE_SD -DLINUX64 -DPGS_TOOLKIT_COMPILE  -I/home/jsg/SIPS/eta2/TOOLKIT/include -I/home/jsg/SIPS/eta2/TOOLKIT/include/FW omerinv.c -o /home/jsg/SIPS/eta2/TOOLKIT/obj/linux64/GCT/omerinv.o
/usr/bin/gcc  -c -O2 -DH5_USE_16_API -m64 -fPIC -pthread -s -m128bit-long-double -mcmodel=large -mlarge-data-threshold=90000000 -DLINUX64 -Df2cFortran -DHDF4_NETCDF_HAVE_SD -DLINUX64 -DPGS_TOOLKIT_COMPILE  -I/home/jsg/SIPS/eta2/TOOLKIT/include -I/home/jsg/SIPS/eta2/TOOLKIT/include/FW orthfor.c -o /home/jsg/SIPS/eta2/TOOLKIT/obj/linux64/GCT/orthfor.o
/usr/bin/gcc  -c -O2 -DH5_USE_16_API -m64 -fPIC -pthread -s -m128bit-long-double -mcmodel=large -mlarge-data-threshold=90000000 -DLINUX64 -Df2cFortran -DHDF4_NETCDF_HAVE_SD -DLINUX64 -DPGS_TOOLKIT_COMPILE  -I/home/jsg/SIPS/eta2/TOOLKIT/include -I/home/jsg/SIPS/eta2/TOOLKIT/include/FW orthinv.c -o /home/jsg/SIPS/eta2/TOOLKIT/obj/linux64/GCT/orthinv.o
/usr/bin/gcc  -c -O2 -DH5_USE_16_API -m64 -fPIC -pthread -s -m128bit-long-double -mcmodel=large -mlarge-data-threshold=90000000 -DLINUX64 -Df2cFortran -DHDF4_NETCDF_HAVE_SD -DLINUX64 -DPGS_TOOLKIT_COMPILE  -I/home/jsg/SIPS/eta2/TOOLKIT/include -I/home/jsg/SIPS/eta2/TOOLKIT/include/FW paksz.c -o /home/jsg/SIPS/eta2/TOOLKIT/obj/linux64/GCT/paksz.o
/usr/bin/gcc  -c -O2 -DH5_USE_16_API -m64 -fPIC -pthread -s -m128bit-long-double -mcmodel=large -mlarge-data-threshold=90000000 -DLINUX64 -Df2cFortran -DHDF4_NETCDF_HAVE_SD -DLINUX64 -DPGS_TOOLKIT_COMPILE  -I/home/jsg/SIPS/eta2/TOOLKIT/include -I/home/jsg/SIPS/eta2/TOOLKIT/include/FW polyfor.c -o /home/jsg/SIPS/eta2/TOOLKIT/obj/linux64/GCT/polyfor.o
/usr/bin/gcc  -c -O2 -DH5_USE_16_API -m64 -fPIC -pthread -s -m128bit-long-double -mcmodel=large -mlarge-data-threshold=90000000 -DLINUX64 -Df2cFortran -DHDF4_NETCDF_HAVE_SD -DLINUX64 -DPGS_TOOLKIT_COMPILE  -I/home/jsg/SIPS/eta2/TOOLKIT/include -I/home/jsg/SIPS/eta2/TOOLKIT/include/FW polyinv.c -o /home/jsg/SIPS/eta2/TOOLKIT/obj/linux64/GCT/polyinv.o
/usr/bin/gcc  -c -O2 -DH5_USE_16_API -m64 -fPIC -pthread -s -m128bit-long-double -mcmodel=large -mlarge-data-threshold=90000000 -DLINUX64 -Df2cFortran -DHDF4_NETCDF_HAVE_SD -DLINUX64 -DPGS_TOOLKIT_COMPILE  -I/home/jsg/SIPS/eta2/TOOLKIT/include -I/home/jsg/SIPS/eta2/TOOLKIT/include/FW psfor.c -o /home/jsg/SIPS/eta2/TOOLKIT/obj/linux64/GCT/psfor.o
/usr/bin/gcc  -c -O2 -DH5_USE_16_API -m64 -fPIC -pthread -s -m128bit-long-double -mcmodel=large -mlarge-data-threshold=90000000 -DLINUX64 -Df2cFortran -DHDF4_NETCDF_HAVE_SD -DLINUX64 -DPGS_TOOLKIT_COMPILE  -I/home/jsg/SIPS/eta2/TOOLKIT/include -I/home/jsg/SIPS/eta2/TOOLKIT/include/FW psinv.c -o /home/jsg/SIPS/eta2/TOOLKIT/obj/linux64/GCT/psinv.o
/usr/bin/gcc  -c -O2 -DH5_USE_16_API -m64 -fPIC -pthread -s -m128bit-long-double -mcmodel=large -mlarge-data-threshold=90000000 -DLINUX64 -Df2cFortran -DHDF4_NETCDF_HAVE_SD -DLINUX64 -DPGS_TOOLKIT_COMPILE  -I/home/jsg/SIPS/eta2/TOOLKIT/include -I/home/jsg/SIPS/eta2/TOOLKIT/include/FW report.c -o /home/jsg/SIPS/eta2/TOOLKIT/obj/linux64/GCT/report.o
/usr/bin/gcc  -c -O2 -DH5_USE_16_API -m64 -fPIC -pthread -s -m128bit-long-double -mcmodel=large -mlarge-data-threshold=90000000 -DLINUX64 -Df2cFortran -DHDF4_NETCDF_HAVE_SD -DLINUX64 -DPGS_TOOLKIT_COMPILE  -I/home/jsg/SIPS/eta2/TOOLKIT/include -I/home/jsg/SIPS/eta2/TOOLKIT/include/FW robfor.c -o /home/jsg/SIPS/eta2/TOOLKIT/obj/linux64/GCT/robfor.o
/usr/bin/gcc  -c -O2 -DH5_USE_16_API -m64 -fPIC -pthread -s -m128bit-long-double -mcmodel=large -mlarge-data-threshold=90000000 -DLINUX64 -Df2cFortran -DHDF4_NETCDF_HAVE_SD -DLINUX64 -DPGS_TOOLKIT_COMPILE  -I/home/jsg/SIPS/eta2/TOOLKIT/include -I/home/jsg/SIPS/eta2/TOOLKIT/include/FW robinv.c -o /home/jsg/SIPS/eta2/TOOLKIT/obj/linux64/GCT/robinv.o
/usr/bin/gcc  -c -O2 -DH5_USE_16_API -m64 -fPIC -pthread -s -m128bit-long-double -mcmodel=large -mlarge-data-threshold=90000000 -DLINUX64 -Df2cFortran -DHDF4_NETCDF_HAVE_SD -DLINUX64 -DPGS_TOOLKIT_COMPILE  -I/home/jsg/SIPS/eta2/TOOLKIT/include -I/home/jsg/SIPS/eta2/TOOLKIT/include/FW sinfor.c -o /home/jsg/SIPS/eta2/TOOLKIT/obj/linux64/GCT/sinfor.o
/usr/bin/gcc  -c -O2 -DH5_USE_16_API -m64 -fPIC -pthread -s -m128bit-long-double -mcmodel=large -mlarge-data-threshold=90000000 -DLINUX64 -Df2cFortran -DHDF4_NETCDF_HAVE_SD -DLINUX64 -DPGS_TOOLKIT_COMPILE  -I/home/jsg/SIPS/eta2/TOOLKIT/include -I/home/jsg/SIPS/eta2/TOOLKIT/include/FW sininv.c -o /home/jsg/SIPS/eta2/TOOLKIT/obj/linux64/GCT/sininv.o
/usr/bin/gcc  -c -O2 -DH5_USE_16_API -m64 -fPIC -pthread -s -m128bit-long-double -mcmodel=large -mlarge-data-threshold=90000000 -DLINUX64 -Df2cFortran -DHDF4_NETCDF_HAVE_SD -DLINUX64 -DPGS_TOOLKIT_COMPILE  -I/home/jsg/SIPS/eta2/TOOLKIT/include -I/home/jsg/SIPS/eta2/TOOLKIT/include/FW somfor.c -o /home/jsg/SIPS/eta2/TOOLKIT/obj/linux64/GCT/somfor.o
/usr/bin/gcc  -c -O2 -DH5_USE_16_API -m64 -fPIC -pthread -s -m128bit-long-double -mcmodel=large -mlarge-data-threshold=90000000 -DLINUX64 -Df2cFortran -DHDF4_NETCDF_HAVE_SD -DLINUX64 -DPGS_TOOLKIT_COMPILE  -I/home/jsg/SIPS/eta2/TOOLKIT/include -I/home/jsg/SIPS/eta2/TOOLKIT/include/FW sominv.c -o /home/jsg/SIPS/eta2/TOOLKIT/obj/linux64/GCT/sominv.o
/usr/bin/gcc  -c -O2 -DH5_USE_16_API -m64 -fPIC -pthread -s -m128bit-long-double -mcmodel=large -mlarge-data-threshold=90000000 -DLINUX64 -Df2cFortran -DHDF4_NETCDF_HAVE_SD -DLINUX64 -DPGS_TOOLKIT_COMPILE  -I/home/jsg/SIPS/eta2/TOOLKIT/include -I/home/jsg/SIPS/eta2/TOOLKIT/include/FW sphdz.c -o /home/jsg/SIPS/eta2/TOOLKIT/obj/linux64/GCT/sphdz.o
/usr/bin/gcc  -c -O2 -DH5_USE_16_API -m64 -fPIC -pthread -s -m128bit-long-double -mcmodel=large -mlarge-data-threshold=90000000 -DLINUX64 -Df2cFortran -DHDF4_NETCDF_HAVE_SD -DLINUX64 -DPGS_TOOLKIT_COMPILE  -I/home/jsg/SIPS/eta2/TOOLKIT/include -I/home/jsg/SIPS/eta2/TOOLKIT/include/FW sterfor.c -o /home/jsg/SIPS/eta2/TOOLKIT/obj/linux64/GCT/sterfor.o
/usr/bin/gcc  -c -O2 -DH5_USE_16_API -m64 -fPIC -pthread -s -m128bit-long-double -mcmodel=large -mlarge-data-threshold=90000000 -DLINUX64 -Df2cFortran -DHDF4_NETCDF_HAVE_SD -DLINUX64 -DPGS_TOOLKIT_COMPILE  -I/home/jsg/SIPS/eta2/TOOLKIT/include -I/home/jsg/SIPS/eta2/TOOLKIT/include/FW sterinv.c -o /home/jsg/SIPS/eta2/TOOLKIT/obj/linux64/GCT/sterinv.o
/usr/bin/gcc  -c -O2 -DH5_USE_16_API -m64 -fPIC -pthread -s -m128bit-long-double -mcmodel=large -mlarge-data-threshold=90000000 -DLINUX64 -Df2cFortran -DHDF4_NETCDF_HAVE_SD -DLINUX64 -DPGS_TOOLKIT_COMPILE  -I/home/jsg/SIPS/eta2/TOOLKIT/include -I/home/jsg/SIPS/eta2/TOOLKIT/include/FW stplnfor.c -o /home/jsg/SIPS/eta2/TOOLKIT/obj/linux64/GCT/stplnfor.o
/usr/bin/gcc  -c -O2 -DH5_USE_16_API -m64 -fPIC -pthread -s -m128bit-long-double -mcmodel=large -mlarge-data-threshold=90000000 -DLINUX64 -Df2cFortran -DHDF4_NETCDF_HAVE_SD -DLINUX64 -DPGS_TOOLKIT_COMPILE  -I/home/jsg/SIPS/eta2/TOOLKIT/include -I/home/jsg/SIPS/eta2/TOOLKIT/include/FW stplninv.c -o /home/jsg/SIPS/eta2/TOOLKIT/obj/linux64/GCT/stplninv.o
/usr/bin/gcc  -c -O2 -DH5_USE_16_API -m64 -fPIC -pthread -s -m128bit-long-double -mcmodel=large -mlarge-data-threshold=90000000 -DLINUX64 -Df2cFortran -DHDF4_NETCDF_HAVE_SD -DLINUX64 -DPGS_TOOLKIT_COMPILE  -I/home/jsg/SIPS/eta2/TOOLKIT/include -I/home/jsg/SIPS/eta2/TOOLKIT/include/FW tmfor.c -o /home/jsg/SIPS/eta2/TOOLKIT/obj/linux64/GCT/tmfor.o
/usr/bin/gcc  -c -O2 -DH5_USE_16_API -m64 -fPIC -pthread -s -m128bit-long-double -mcmodel=large -mlarge-data-threshold=90000000 -DLINUX64 -Df2cFortran -DHDF4_NETCDF_HAVE_SD -DLINUX64 -DPGS_TOOLKIT_COMPILE  -I/home/jsg/SIPS/eta2/TOOLKIT/include -I/home/jsg/SIPS/eta2/TOOLKIT/include/FW tminv.c -o /home/jsg/SIPS/eta2/TOOLKIT/obj/linux64/GCT/tminv.o
/usr/bin/gcc  -c -O2 -DH5_USE_16_API -m64 -fPIC -pthread -s -m128bit-long-double -mcmodel=large -mlarge-data-threshold=90000000 -DLINUX64 -Df2cFortran -DHDF4_NETCDF_HAVE_SD -DLINUX64 -DPGS_TOOLKIT_COMPILE  -I/home/jsg/SIPS/eta2/TOOLKIT/include -I/home/jsg/SIPS/eta2/TOOLKIT/include/FW untfz.c -o /home/jsg/SIPS/eta2/TOOLKIT/obj/linux64/GCT/untfz.o
/usr/bin/gcc  -c -O2 -DH5_USE_16_API -m64 -fPIC -pthread -s -m128bit-long-double -mcmodel=large -mlarge-data-threshold=90000000 -DLINUX64 -Df2cFortran -DHDF4_NETCDF_HAVE_SD -DLINUX64 -DPGS_TOOLKIT_COMPILE  -I/home/jsg/SIPS/eta2/TOOLKIT/include -I/home/jsg/SIPS/eta2/TOOLKIT/include/FW vandgfor.c -o /home/jsg/SIPS/eta2/TOOLKIT/obj/linux64/GCT/vandgfor.o
/usr/bin/gcc  -c -O2 -DH5_USE_16_API -m64 -fPIC -pthread -s -m128bit-long-double -mcmodel=large -mlarge-data-threshold=90000000 -DLINUX64 -Df2cFortran -DHDF4_NETCDF_HAVE_SD -DLINUX64 -DPGS_TOOLKIT_COMPILE  -I/home/jsg/SIPS/eta2/TOOLKIT/include -I/home/jsg/SIPS/eta2/TOOLKIT/include/FW vandginv.c -o /home/jsg/SIPS/eta2/TOOLKIT/obj/linux64/GCT/vandginv.o
/usr/bin/gcc  -c -O2 -DH5_USE_16_API -m64 -fPIC -pthread -s -m128bit-long-double -mcmodel=large -mlarge-data-threshold=90000000 -DLINUX64 -Df2cFortran -DHDF4_NETCDF_HAVE_SD -DLINUX64 -DPGS_TOOLKIT_COMPILE  -I/home/jsg/SIPS/eta2/TOOLKIT/include -I/home/jsg/SIPS/eta2/TOOLKIT/include/FW wivfor.c -o /home/jsg/SIPS/eta2/TOOLKIT/obj/linux64/GCT/wivfor.o
/usr/bin/gcc  -c -O2 -DH5_USE_16_API -m64 -fPIC -pthread -s -m128bit-long-double -mcmodel=large -mlarge-data-threshold=90000000 -DLINUX64 -Df2cFortran -DHDF4_NETCDF_HAVE_SD -DLINUX64 -DPGS_TOOLKIT_COMPILE  -I/home/jsg/SIPS/eta2/TOOLKIT/include -I/home/jsg/SIPS/eta2/TOOLKIT/include/FW wivinv.c -o /home/jsg/SIPS/eta2/TOOLKIT/obj/linux64/GCT/wivinv.o
/usr/bin/gcc  -c -O2 -DH5_USE_16_API -m64 -fPIC -pthread -s -m128bit-long-double -mcmodel=large -mlarge-data-threshold=90000000 -DLINUX64 -Df2cFortran -DHDF4_NETCDF_HAVE_SD -DLINUX64 -DPGS_TOOLKIT_COMPILE  -I/home/jsg/SIPS/eta2/TOOLKIT/include -I/home/jsg/SIPS/eta2/TOOLKIT/include/FW wviifor.c -o /home/jsg/SIPS/eta2/TOOLKIT/obj/linux64/GCT/wviifor.o
/usr/bin/gcc  -c -O2 -DH5_USE_16_API -m64 -fPIC -pthread -s -m128bit-long-double -mcmodel=large -mlarge-data-threshold=90000000 -DLINUX64 -Df2cFortran -DHDF4_NETCDF_HAVE_SD -DLINUX64 -DPGS_TOOLKIT_COMPILE  -I/home/jsg/SIPS/eta2/TOOLKIT/include -I/home/jsg/SIPS/eta2/TOOLKIT/include/FW wviiinv.c -o /home/jsg/SIPS/eta2/TOOLKIT/obj/linux64/GCT/wviiinv.o
/usr/bin/gcc  -c -O2 -DH5_USE_16_API -m64 -fPIC -pthread -s -m128bit-long-double -mcmodel=large -mlarge-data-threshold=90000000 -DLINUX64 -Df2cFortran -DHDF4_NETCDF_HAVE_SD -DLINUX64 -DPGS_TOOLKIT_COMPILE  -I/home/jsg/SIPS/eta2/TOOLKIT/include -I/home/jsg/SIPS/eta2/TOOLKIT/include/FW isinusfor.c -o /home/jsg/SIPS/eta2/TOOLKIT/obj/linux64/GCT/isinusfor.o
/usr/bin/gcc  -c -O2 -DH5_USE_16_API -m64 -fPIC -pthread -s -m128bit-long-double -mcmodel=large -mlarge-data-threshold=90000000 -DLINUX64 -Df2cFortran -DHDF4_NETCDF_HAVE_SD -DLINUX64 -DPGS_TOOLKIT_COMPILE  -I/home/jsg/SIPS/eta2/TOOLKIT/include -I/home/jsg/SIPS/eta2/TOOLKIT/include/FW isinusinv.c -o /home/jsg/SIPS/eta2/TOOLKIT/obj/linux64/GCT/isinusinv.o
/usr/bin/gcc  -c -O2 -DH5_USE_16_API -m64 -fPIC -pthread -s -m128bit-long-double -mcmodel=large -mlarge-data-threshold=90000000 -DLINUX64 -Df2cFortran -DHDF4_NETCDF_HAVE_SD -DLINUX64 -DPGS_TOOLKIT_COMPILE  -I/home/jsg/SIPS/eta2/TOOLKIT/include -I/home/jsg/SIPS/eta2/TOOLKIT/include/FW utmfor.c -o /home/jsg/SIPS/eta2/TOOLKIT/obj/linux64/GCT/utmfor.o
/usr/bin/gcc  -c -O2 -DH5_USE_16_API -m64 -fPIC -pthread -s -m128bit-long-double -mcmodel=large -mlarge-data-threshold=90000000 -DLINUX64 -Df2cFortran -DHDF4_NETCDF_HAVE_SD -DLINUX64 -DPGS_TOOLKIT_COMPILE  -I/home/jsg/SIPS/eta2/TOOLKIT/include -I/home/jsg/SIPS/eta2/TOOLKIT/include/FW utminv.c -o /home/jsg/SIPS/eta2/TOOLKIT/obj/linux64/GCT/utminv.o
make[1]: Leaving directory '/home/jsg/SIPS/eta2/TOOLKIT/src/GCT/freeware'

Updating /home/jsg/SIPS/eta2/TOOLKIT/lib/linux64/libPGSTK.a...

Building group: GCT to PGS Toolkit library
Copying files ...

cp alberfor.o tmp/GCTalberfor.o
cp alberinv.o tmp/GCTalberinv.o
cp alconfor.o tmp/GCTalconfor.o
cp alconinv.o tmp/GCTalconinv.o
cp azimfor.o tmp/GCTazimfor.o
cp aziminv.o tmp/GCTaziminv.o
cp bceafor.o tmp/GCTbceafor.o
cp bceainv.o tmp/GCTbceainv.o
cp ceafor.o tmp/GCTceafor.o
cp ceainv.o tmp/GCTceainv.o
cp cproj.o tmp/GCTcproj.o
cp eqconfor.o tmp/GCTeqconfor.o
cp eqconinv.o tmp/GCTeqconinv.o
cp equifor.o tmp/GCTequifor.o
cp equiinv.o tmp/GCTequiinv.o
cp gnomfor.o tmp/GCTgnomfor.o
cp gnominv.o tmp/GCTgnominv.o
cp goodfor.o tmp/GCTgoodfor.o
cp goodinv.o tmp/GCTgoodinv.o
cp gvnspfor.o tmp/GCTgvnspfor.o
cp gvnspinv.o tmp/GCTgvnspinv.o
cp hamfor.o tmp/GCThamfor.o
cp haminv.o tmp/GCThaminv.o
cp imolwfor.o tmp/GCTimolwfor.o
cp imolwinv.o tmp/GCTimolwinv.o
cp isinusfor.o tmp/GCTisinusfor.o
cp isinusinv.o tmp/GCTisinusinv.o
cp lamazfor.o tmp/GCTlamazfor.o
cp lamazinv.o tmp/GCTlamazinv.o
cp lamccfor.o tmp/GCTlamccfor.o
cp lamccinv.o tmp/GCTlamccinv.o
cp merfor.o tmp/GCTmerfor.o
cp merinv.o tmp/GCTmerinv.o
cp millfor.o tmp/GCTmillfor.o
cp millinv.o tmp/GCTmillinv.o
cp molwfor.o tmp/GCTmolwfor.o
cp molwinv.o tmp/GCTmolwinv.o
cp obleqfor.o tmp/GCTobleqfor.o
cp obleqinv.o tmp/GCTobleqinv.o
cp omerfor.o tmp/GCTomerfor.o
cp omerinv.o tmp/GCTomerinv.o
cp orthfor.o tmp/GCTorthfor.o
cp orthinv.o tmp/GCTorthinv.o
cp paksz.o tmp/GCTpaksz.o
cp PGS_GCT_bindFORTRAN.o tmp/GCTbindFORTRAN
cp PGS_GCT_Init.o tmp/GCTInit.o
cp PGS_GCT_Proj.o tmp/GCTProj.o
cp polyfor.o tmp/GCTpolyfor.o
cp polyinv.o tmp/GCTpolyinv.o
cp psfor.o tmp/GCTpsfor.o
cp psinv.o tmp/GCTpsinv.o
cp report.o tmp/GCTreport.o
cp robfor.o tmp/GCTrobfor.o
cp robinv.o tmp/GCTrobinv.o
cp sinfor.o tmp/GCTsinfor.o
cp sininv.o tmp/GCTsininv.o
cp somfor.o tmp/GCTsomfor.o
cp sominv.o tmp/GCTsominv.o
cp sphdz.o tmp/GCTsphdz.o
cp sterfor.o tmp/GCTsterfor.o
cp sterinv.o tmp/GCTsterinv.o
cp stplnfor.o tmp/GCTstplnfor.o
cp stplninv.o tmp/GCTstplninv.o
cp tmfor.o tmp/GCTtmfor.o
cp tminv.o tmp/GCTtminv.o
cp untfz.o tmp/GCTuntfz.o
cp utmfor.o tmp/GCTutmfor.o
cp utminv.o tmp/GCTutminv.o
cp vandgfor.o tmp/GCTvandgfor.o
cp vandginv.o tmp/GCTvandginv.o
cp wivfor.o tmp/GCTwivfor.o
cp wivinv.o tmp/GCTwivinv.o
cp wviifor.o tmp/GCTwviifor.o
cp wviiinv.o tmp/GCTwviiinv.o

Adding GCT files to library ...
Cleaning up GCT...


Done.

    
        Making all in IO
    
    Makefile for group: IO; Target: all

Making `all' in ./GEN
make[1]: Entering directory '/home/jsg/SIPS/eta2/TOOLKIT/src/IO/GEN'
    Makefile for subgroup: GEN; Target: all
The F77 version of FORTRAN IO tools will be built.
make[2]: Entering directory '/home/jsg/SIPS/eta2/TOOLKIT/src/IO/GEN'
/usr/bin/gcc  -c -O2 -DH5_USE_16_API -m64 -fPIC -pthread -s -m128bit-long-double -mcmodel=large -mlarge-data-threshold=90000000 -DLINUX64 -Df2cFortran -DHDF4_NETCDF_HAVE_SD -DLINUX64  -I/home/jsg/SIPS/eta2/TOOLKIT/include    PGS_IO_Gen_Close.c -o /home/jsg/SIPS/eta2/TOOLKIT/obj/linux64/IO/PGS_IO_Gen_Close.o
/usr/bin/gcc  -c -O2 -DH5_USE_16_API -m64 -fPIC -pthread -s -m128bit-long-double -mcmodel=large -mlarge-data-threshold=90000000 -DLINUX64 -Df2cFortran -DHDF4_NETCDF_HAVE_SD -DLINUX64  -I/home/jsg/SIPS/eta2/TOOLKIT/include    PGS_IO_Gen_Open.c -o /home/jsg/SIPS/eta2/TOOLKIT/obj/linux64/IO/PGS_IO_Gen_Open.o
/usr/bin/gcc  -c -O2 -DH5_USE_16_API -m64 -fPIC -pthread -s -m128bit-long-double -mcmodel=large -mlarge-data-threshold=90000000 -DLINUX64 -Df2cFortran -DHDF4_NETCDF_HAVE_SD -DLINUX64  -I/home/jsg/SIPS/eta2/TOOLKIT/include    PGS_IO_Gen_Temp_Delete.c -o /home/jsg/SIPS/eta2/TOOLKIT/obj/linux64/IO/PGS_IO_Gen_Temp_Delete.o
PGS_IO_Gen_Temp_Delete.c: In function ‘PGS_IO_Gen_Temp_Delete’:
PGS_IO_Gen_Temp_Delete.c:191:59: warning: cast to pointer from integer of different size [-Wint-to-pointer-cast]
     returnStatus = PGS_PC_PutPCSData( PGSd_PC_DELETE_TEMP,(void *) file_logical );
                                                           ^
/usr/bin/gcc  -c -O2 -DH5_USE_16_API -m64 -fPIC -pthread -s -m128bit-long-double -mcmodel=large -mlarge-data-threshold=90000000 -DLINUX64 -Df2cFortran -DHDF4_NETCDF_HAVE_SD -DLINUX64  -I/home/jsg/SIPS/eta2/TOOLKIT/include    PGS_IO_Gen_Temp_Open.c -o /home/jsg/SIPS/eta2/TOOLKIT/obj/linux64/IO/PGS_IO_Gen_Temp_Open.o
/usr/bin/gcc  -c -O2 -DH5_USE_16_API -m64 -fPIC -pthread -s -m128bit-long-double -mcmodel=large -mlarge-data-threshold=90000000 -DLINUX64 -Df2cFortran -DHDF4_NETCDF_HAVE_SD -DLINUX64  -I/home/jsg/SIPS/eta2/TOOLKIT/include    PGS_IO_Gen_Temp_Reference.c -o /home/jsg/SIPS/eta2/TOOLKIT/obj/linux64/IO/PGS_IO_Gen_Temp_Reference.o
cp /home/jsg/SIPS/eta2/TOOLKIT/include/PGS_IO.f PGS_IO.f
cp /home/jsg/SIPS/eta2/TOOLKIT/include/PGS_IO_1.f PGS_IO_1.f
cp /home/jsg/SIPS/eta2/TOOLKIT/include/PGS_PC.f PGS_PC.f
cp /home/jsg/SIPS/eta2/TOOLKIT/include/PGS_PC_9.f PGS_PC_9.f
cp /home/jsg/SIPS/eta2/TOOLKIT/include/PGS_SMF.f PGS_SMF.f
/usr/bin/gfortran  -c -O2 -DH5_USE_16_API -ff2c -m64 -fPIC -pthread -s -m128bit-long-double -fdec-structure -fdec -mcmodel=large -mlarge-data-threshold=90000000 -fno-second-underscore PGS_IO_Gen_CloseF.f -o /home/jsg/SIPS/eta2/TOOLKIT/obj/linux64/IO/PGS_IO_Gen_CloseF.o
/usr/bin/gfortran  -c -O2 -DH5_USE_16_API -ff2c -m64 -fPIC -pthread -s -m128bit-long-double -fdec-structure -fdec -mcmodel=large -mlarge-data-threshold=90000000 -fno-second-underscore PGS_IO_Gen_OpenF.f -o /home/jsg/SIPS/eta2/TOOLKIT/obj/linux64/IO/PGS_IO_Gen_OpenF.o
/usr/bin/gfortran  -c -O2 -DH5_USE_16_API -ff2c -m64 -fPIC -pthread -s -m128bit-long-double -fdec-structure -fdec -mcmodel=large -mlarge-data-threshold=90000000 -fno-second-underscore PGS_IO_Gen_Temp_OpenF.f -o /home/jsg/SIPS/eta2/TOOLKIT/obj/linux64/IO/PGS_IO_Gen_Temp_OpenF.o
/usr/bin/gfortran  -c -O2 -DH5_USE_16_API -ff2c -m64 -fPIC -pthread -s -m128bit-long-double -fdec-structure -fdec -mcmodel=large -mlarge-data-threshold=90000000 -fno-second-underscore PGS_IO_Gen_Track_LUN.f -o /home/jsg/SIPS/eta2/TOOLKIT/obj/linux64/IO/PGS_IO_Gen_Track_LUN.o
make[2]: Leaving directory '/home/jsg/SIPS/eta2/TOOLKIT/src/IO/GEN'
make[1]: Leaving directory '/home/jsg/SIPS/eta2/TOOLKIT/src/IO/GEN'

Making `all' in ./L0
make[1]: Entering directory '/home/jsg/SIPS/eta2/TOOLKIT/src/IO/L0'
    Makefile for subgroup: L0; Target: all
/usr/bin/gcc  -c -O2 -DH5_USE_16_API -m64 -fPIC -pthread -s -m128bit-long-double -mcmodel=large -mlarge-data-threshold=90000000 -DLINUX64 -Df2cFortran -DHDF4_NETCDF_HAVE_SD -DLINUX64  -I/home/jsg/SIPS/eta2/TOOLKIT/include   PGS_IO_L0_BYTEtoINT.c -o /home/jsg/SIPS/eta2/TOOLKIT/obj/linux64/IO/PGS_IO_L0_BYTEtoINT.o
/usr/bin/gcc  -c -O2 -DH5_USE_16_API -m64 -fPIC -pthread -s -m128bit-long-double -mcmodel=large -mlarge-data-threshold=90000000 -DLINUX64 -Df2cFortran -DHDF4_NETCDF_HAVE_SD -DLINUX64  -I/home/jsg/SIPS/eta2/TOOLKIT/include   PGS_IO_L0_Close.c -o /home/jsg/SIPS/eta2/TOOLKIT/obj/linux64/IO/PGS_IO_L0_Close.o
/usr/bin/gcc  -c -O2 -DH5_USE_16_API -m64 -fPIC -pthread -s -m128bit-long-double -mcmodel=large -mlarge-data-threshold=90000000 -DLINUX64 -Df2cFortran -DHDF4_NETCDF_HAVE_SD -DLINUX64  -I/home/jsg/SIPS/eta2/TOOLKIT/include   PGS_IO_L0_FileVersionInfo.c -o /home/jsg/SIPS/eta2/TOOLKIT/obj/linux64/IO/PGS_IO_L0_FileVersionInfo.o
/usr/bin/gcc  -c -O2 -DH5_USE_16_API -m64 -fPIC -pthread -s -m128bit-long-double -mcmodel=large -mlarge-data-threshold=90000000 -DLINUX64 -Df2cFortran -DHDF4_NETCDF_HAVE_SD -DLINUX64  -I/home/jsg/SIPS/eta2/TOOLKIT/include   PGS_IO_L0_GetEOSAMfileTimes.c -o /home/jsg/SIPS/eta2/TOOLKIT/obj/linux64/IO/PGS_IO_L0_GetEOSAMfileTimes.o
/usr/bin/gcc  -c -O2 -DH5_USE_16_API -m64 -fPIC -pthread -s -m128bit-long-double -mcmodel=large -mlarge-data-threshold=90000000 -DLINUX64 -Df2cFortran -DHDF4_NETCDF_HAVE_SD -DLINUX64  -I/home/jsg/SIPS/eta2/TOOLKIT/include   PGS_IO_L0_GetEOSPMGIISfileTimes.c -o /home/jsg/SIPS/eta2/TOOLKIT/obj/linux64/IO/PGS_IO_L0_GetEOSPMGIISfileTimes.o
/usr/bin/gcc  -c -O2 -DH5_USE_16_API -m64 -fPIC -pthread -s -m128bit-long-double -mcmodel=large -mlarge-data-threshold=90000000 -DLINUX64 -Df2cFortran -DHDF4_NETCDF_HAVE_SD -DLINUX64  -I/home/jsg/SIPS/eta2/TOOLKIT/include   PGS_IO_L0_GetEOSPMGIRDfileTimes.c -o /home/jsg/SIPS/eta2/TOOLKIT/obj/linux64/IO/PGS_IO_L0_GetEOSPMGIRDfileTimes.o
/usr/bin/gcc  -c -O2 -DH5_USE_16_API -m64 -fPIC -pthread -s -m128bit-long-double -mcmodel=large -mlarge-data-threshold=90000000 -DLINUX64 -Df2cFortran -DHDF4_NETCDF_HAVE_SD -DLINUX64  -I/home/jsg/SIPS/eta2/TOOLKIT/include   PGS_IO_L0_GetEOSAURAfileTimes.c -o /home/jsg/SIPS/eta2/TOOLKIT/obj/linux64/IO/PGS_IO_L0_GetEOSAURAfileTimes.o
/usr/bin/gcc  -c -O2 -DH5_USE_16_API -m64 -fPIC -pthread -s -m128bit-long-double -mcmodel=large -mlarge-data-threshold=90000000 -DLINUX64 -Df2cFortran -DHDF4_NETCDF_HAVE_SD -DLINUX64  -I/home/jsg/SIPS/eta2/TOOLKIT/include   PGS_IO_L0_GetHeader.c -o /home/jsg/SIPS/eta2/TOOLKIT/obj/linux64/IO/PGS_IO_L0_GetHeader.o
/usr/bin/gcc  -c -O2 -DH5_USE_16_API -m64 -fPIC -pthread -s -m128bit-long-double -mcmodel=large -mlarge-data-threshold=90000000 -DLINUX64 -Df2cFortran -DHDF4_NETCDF_HAVE_SD -DLINUX64  -I/home/jsg/SIPS/eta2/TOOLKIT/include   PGS_IO_L0_GetPacket.c -o /home/jsg/SIPS/eta2/TOOLKIT/obj/linux64/IO/PGS_IO_L0_GetPacket.o
/usr/bin/gcc  -c -O2 -DH5_USE_16_API -m64 -fPIC -pthread -s -m128bit-long-double -mcmodel=large -mlarge-data-threshold=90000000 -DLINUX64 -Df2cFortran -DHDF4_NETCDF_HAVE_SD -DLINUX64  -I/home/jsg/SIPS/eta2/TOOLKIT/include   PGS_IO_L0_ManageTable.c -o /home/jsg/SIPS/eta2/TOOLKIT/obj/linux64/IO/PGS_IO_L0_ManageTable.o
/usr/bin/gcc  -c -O2 -DH5_USE_16_API -m64 -fPIC -pthread -s -m128bit-long-double -mcmodel=large -mlarge-data-threshold=90000000 -DLINUX64 -Df2cFortran -DHDF4_NETCDF_HAVE_SD -DLINUX64  -I/home/jsg/SIPS/eta2/TOOLKIT/include   PGS_IO_L0_MapVersions.c -o /home/jsg/SIPS/eta2/TOOLKIT/obj/linux64/IO/PGS_IO_L0_MapVersions.o
/usr/bin/gcc  -c -O2 -DH5_USE_16_API -m64 -fPIC -pthread -s -m128bit-long-double -mcmodel=large -mlarge-data-threshold=90000000 -DLINUX64 -Df2cFortran -DHDF4_NETCDF_HAVE_SD -DLINUX64  -I/home/jsg/SIPS/eta2/TOOLKIT/include   PGS_IO_L0_NextPhysical.c -o /home/jsg/SIPS/eta2/TOOLKIT/obj/linux64/IO/PGS_IO_L0_NextPhysical.o
/usr/bin/gcc  -c -O2 -DH5_USE_16_API -m64 -fPIC -pthread -s -m128bit-long-double -mcmodel=large -mlarge-data-threshold=90000000 -DLINUX64 -Df2cFortran -DHDF4_NETCDF_HAVE_SD -DLINUX64  -I/home/jsg/SIPS/eta2/TOOLKIT/include   PGS_IO_L0_Open.c -o /home/jsg/SIPS/eta2/TOOLKIT/obj/linux64/IO/PGS_IO_L0_Open.o
/usr/bin/gcc  -c -O2 -DH5_USE_16_API -m64 -fPIC -pthread -s -m128bit-long-double -mcmodel=large -mlarge-data-threshold=90000000 -DLINUX64 -Df2cFortran -DHDF4_NETCDF_HAVE_SD -DLINUX64  -I/home/jsg/SIPS/eta2/TOOLKIT/include   PGS_IO_L0_SeekPacket.c -o /home/jsg/SIPS/eta2/TOOLKIT/obj/linux64/IO/PGS_IO_L0_SeekPacket.o
/usr/bin/gcc  -c -O2 -DH5_USE_16_API -m64 -fPIC -pthread -s -m128bit-long-double -mcmodel=large -mlarge-data-threshold=90000000 -DLINUX64 -Df2cFortran -DHDF4_NETCDF_HAVE_SD -DLINUX64  -I/home/jsg/SIPS/eta2/TOOLKIT/include   PGS_IO_L0_SetStart.c -o /home/jsg/SIPS/eta2/TOOLKIT/obj/linux64/IO/PGS_IO_L0_SetStart.o
/usr/bin/gcc  -c -O2 -DH5_USE_16_API -m64 -fPIC -pthread -s -m128bit-long-double -mcmodel=large -mlarge-data-threshold=90000000 -DLINUX64 -Df2cFortran -DHDF4_NETCDF_HAVE_SD -DLINUX64  -I/home/jsg/SIPS/eta2/TOOLKIT/include   PGS_IO_L0_SetStartCntPkts.c -o /home/jsg/SIPS/eta2/TOOLKIT/obj/linux64/IO/PGS_IO_L0_SetStartCntPkts.o
/usr/bin/gcc  -c -O2 -DH5_USE_16_API -m64 -fPIC -pthread -s -m128bit-long-double -mcmodel=large -mlarge-data-threshold=90000000 -DLINUX64 -Df2cFortran -DHDF4_NETCDF_HAVE_SD -DLINUX64  -I/home/jsg/SIPS/eta2/TOOLKIT/include   PGS_IO_L0_TRMM_HdrInfo.c -o /home/jsg/SIPS/eta2/TOOLKIT/obj/linux64/IO/PGS_IO_L0_TRMM_HdrInfo.o
/usr/bin/gcc  -c -O2 -DH5_USE_16_API -m64 -fPIC -pthread -s -m128bit-long-double -mcmodel=large -mlarge-data-threshold=90000000 -DLINUX64 -Df2cFortran -DHDF4_NETCDF_HAVE_SD -DLINUX64  -I/home/jsg/SIPS/eta2/TOOLKIT/include   PGS_IO_L0_VersionInfoCheck.c -o /home/jsg/SIPS/eta2/TOOLKIT/obj/linux64/IO/PGS_IO_L0_VersionInfoCheck.o
/usr/bin/gcc  -c -O2 -DH5_USE_16_API -m64 -fPIC -pthread -s -m128bit-long-double -mcmodel=large -mlarge-data-threshold=90000000 -DLINUX64 -Df2cFortran -DHDF4_NETCDF_HAVE_SD -DLINUX64  -I/home/jsg/SIPS/eta2/TOOLKIT/include   PGS_IO_L0_bindFORTRAN_L0.c -o /home/jsg/SIPS/eta2/TOOLKIT/obj/linux64/IO/PGS_IO_L0_bindFORTRAN_L0.o
make[1]: Leaving directory '/home/jsg/SIPS/eta2/TOOLKIT/src/IO/L0'

Updating /home/jsg/SIPS/eta2/TOOLKIT/lib/linux64/libPGSTK.a...

Building group: IO to PGS Toolkit library
Copying files ...

cp PGS_IO_Gen_CloseF.o tmp/IOGen_CloseF.
cp PGS_IO_Gen_Close.o tmp/IOGen_Close.o
cp PGS_IO_Gen_OpenF.o tmp/IOGen_OpenF.o
cp PGS_IO_Gen_Open.o tmp/IOGen_Open.o
cp PGS_IO_Gen_Temp_Delete.o tmp/IOTemp_Delete
cp PGS_IO_Gen_Temp_OpenF.o tmp/IO_Temp_OpenF
cp PGS_IO_Gen_Temp_Open.o tmp/IOn_Temp_Open
cp PGS_IO_Gen_Temp_Reference.o tmp/IOp_Reference
cp PGS_IO_Gen_Track_LUN.o tmp/IOn_Track_LUN
cp PGS_IO_L0_bindFORTRAN_L0.o tmp/IOdFORTRAN_L0
cp PGS_IO_L0_BYTEtoINT.o tmp/IO0_BYTEtoINT
cp PGS_IO_L0_Close.o tmp/IOL0_Close.o
cp PGS_IO_L0_FileVersionInfo.o tmp/IOVersionInfo
cp PGS_IO_L0_GetEOSAMfileTimes.o tmp/IOAMfileTimes
cp PGS_IO_L0_GetEOSAURAfileTimes.o tmp/IORAfileTimes
cp PGS_IO_L0_GetEOSPMGIISfileTimes.o tmp/IOISfileTimes
cp PGS_IO_L0_GetEOSPMGIRDfileTimes.o tmp/IORDfileTimes
cp PGS_IO_L0_GetHeader.o tmp/IO0_GetHeader
cp PGS_IO_L0_GetPacket.o tmp/IO0_GetPacket
cp PGS_IO_L0_ManageTable.o tmp/IOManageTable
cp PGS_IO_L0_MapVersions.o tmp/IOMapVersions
cp PGS_IO_L0_NextPhysical.o tmp/IOextPhysical
cp PGS_IO_L0_Open.o tmp/IOL0_Open.o
cp PGS_IO_L0_SeekPacket.o tmp/IO_SeekPacket
cp PGS_IO_L0_SetStartCntPkts.o tmp/IOtartCntPkts
cp PGS_IO_L0_SetStart.o tmp/IOL0_SetStart
cp PGS_IO_L0_TRMM_HdrInfo.o tmp/IORMM_HdrInfo
cp PGS_IO_L0_VersionInfoCheck.o tmp/IOonInfoCheck

Adding IO files to library ...
Cleaning up IO...


Done.

    
        Making all in MEM
    
    Makefile for group: MEM; Target: all
make[1]: Entering directory '/home/jsg/SIPS/eta2/TOOLKIT/src/MEM'
/usr/bin/gcc  -c -O2 -DH5_USE_16_API -m64 -fPIC -pthread -s -m128bit-long-double -mcmodel=large -mlarge-data-threshold=90000000 -DLINUX64 -Df2cFortran -DHDF4_NETCDF_HAVE_SD -DLINUX64 -DSHMMEM   -I/home/jsg/SIPS/eta2/TOOLKIT/include  PGS_MEM.c -o /home/jsg/SIPS/eta2/TOOLKIT/obj/linux64/MEM/PGS_MEM.o
/usr/bin/gcc  -c -O2 -DH5_USE_16_API -m64 -fPIC -pthread -s -m128bit-long-double -mcmodel=large -mlarge-data-threshold=90000000 -DLINUX64 -Df2cFortran -DHDF4_NETCDF_HAVE_SD -DLINUX64 -DSHMMEM   -I/home/jsg/SIPS/eta2/TOOLKIT/include  PGS_MEM1.c -o /home/jsg/SIPS/eta2/TOOLKIT/obj/linux64/MEM/PGS_MEM1.o
/usr/bin/gcc  -c -O2 -DH5_USE_16_API -m64 -fPIC -pthread -s -m128bit-long-double -mcmodel=large -mlarge-data-threshold=90000000 -DLINUX64 -Df2cFortran -DHDF4_NETCDF_HAVE_SD -DLINUX64 -DSHMMEM   -I/home/jsg/SIPS/eta2/TOOLKIT/include  PGS_MEM_ShmReadF.c -o /home/jsg/SIPS/eta2/TOOLKIT/obj/linux64/MEM/PGS_MEM_ShmReadF.o
/usr/bin/gcc  -c -O2 -DH5_USE_16_API -m64 -fPIC -pthread -s -m128bit-long-double -mcmodel=large -mlarge-data-threshold=90000000 -DLINUX64 -Df2cFortran -DHDF4_NETCDF_HAVE_SD -DLINUX64 -DSHMMEM   -I/home/jsg/SIPS/eta2/TOOLKIT/include  PGS_MEM_ShmWriteF.c -o /home/jsg/SIPS/eta2/TOOLKIT/obj/linux64/MEM/PGS_MEM_ShmWriteF.o
/usr/bin/gcc  -c -O2 -DH5_USE_16_API -m64 -fPIC -pthread -s -m128bit-long-double -mcmodel=large -mlarge-data-threshold=90000000 -DLINUX64 -Df2cFortran -DHDF4_NETCDF_HAVE_SD -DLINUX64 -DSHMMEM   -I/home/jsg/SIPS/eta2/TOOLKIT/include  PGS_MEM_bindFORTRAN.c -o /home/jsg/SIPS/eta2/TOOLKIT/obj/linux64/MEM/PGS_MEM_bindFORTRAN.o

Updating /home/jsg/SIPS/eta2/TOOLKIT/lib/linux64/libPGSTK.a...

Building group: MEM to PGS Toolkit library
Copying files ...

cp PGS_MEM1.o tmp/MEMMEM1.o
cp PGS_MEM_bindFORTRAN.o tmp/MEMbindFORTRAN
cp PGS_MEM.o tmp/MEMMEM.o
cp PGS_MEM_ShmReadF.o tmp/MEMShmReadF.o
cp PGS_MEM_ShmWriteF.o tmp/MEMShmWriteF.o

Adding MEM files to library ...
Cleaning up MEM...


Done.

make[1]: Leaving directory '/home/jsg/SIPS/eta2/TOOLKIT/src/MEM'
    
        Making all in MET
    
    Makefile for group: MET; Target: all
make[1]: Entering directory '/home/jsg/SIPS/eta2/TOOLKIT/src/MET'

Making `all' in ./support
make[2]: Entering directory '/home/jsg/SIPS/eta2/TOOLKIT/src/MET/support'
/usr/bin/gcc  -c -O2 -DH5_USE_16_API -m64 -fPIC -pthread -s -m128bit-long-double -mcmodel=large -mlarge-data-threshold=90000000 -DLINUX64 -Df2cFortran -DHDF4_NETCDF_HAVE_SD -DLINUX64 -DPGS_MET_COMPILE   -I/home/jsg/SIPS/eta2/TOOLKIT/include -I/home/jsg/SIPS/eta2/TOOLKIT/include/CUC -I/opt/packages/hdf4-4.2.15/include -I/opt/packages/hdf5-1.8.19/include PGS_MET_LoadAggregate.c -o /home/jsg/SIPS/eta2/TOOLKIT/obj/linux64/MET/PGS_MET_LoadAggregate.o
/usr/bin/gcc  -c -O2 -DH5_USE_16_API -m64 -fPIC -pthread -s -m128bit-long-double -mcmodel=large -mlarge-data-threshold=90000000 -DLINUX64 -Df2cFortran -DHDF4_NETCDF_HAVE_SD -DLINUX64 -DPGS_MET_COMPILE   -I/home/jsg/SIPS/eta2/TOOLKIT/include -I/home/jsg/SIPS/eta2/TOOLKIT/include/CUC -I/opt/packages/hdf4-4.2.15/include -I/opt/packages/hdf5-1.8.19/include PGS_MET_ErrorMsg.c -o /home/jsg/SIPS/eta2/TOOLKIT/obj/linux64/MET/PGS_MET_ErrorMsg.o
/usr/bin/gcc  -c -O2 -DH5_USE_16_API -m64 -fPIC -pthread -s -m128bit-long-double -mcmodel=large -mlarge-data-threshold=90000000 -DLINUX64 -Df2cFortran -DHDF4_NETCDF_HAVE_SD -DLINUX64 -DPGS_MET_COMPILE   -I/home/jsg/SIPS/eta2/TOOLKIT/include -I/home/jsg/SIPS/eta2/TOOLKIT/include/CUC -I/opt/packages/hdf4-4.2.15/include -I/opt/packages/hdf5-1.8.19/include PGS_MET_CheckAttr.c -o /home/jsg/SIPS/eta2/TOOLKIT/obj/linux64/MET/PGS_MET_CheckAttr.o
/usr/bin/gcc  -c -O2 -DH5_USE_16_API -m64 -fPIC -pthread -s -m128bit-long-double -mcmodel=large -mlarge-data-threshold=90000000 -DLINUX64 -Df2cFortran -DHDF4_NETCDF_HAVE_SD -DLINUX64 -DPGS_MET_COMPILE   -I/home/jsg/SIPS/eta2/TOOLKIT/include -I/home/jsg/SIPS/eta2/TOOLKIT/include/CUC -I/opt/packages/hdf4-4.2.15/include -I/opt/packages/hdf5-1.8.19/include PGS_MET_GetDDAttr.c -o /home/jsg/SIPS/eta2/TOOLKIT/obj/linux64/MET/PGS_MET_GetDDAttr.o
/usr/bin/gcc  -c -O2 -DH5_USE_16_API -m64 -fPIC -pthread -s -m128bit-long-double -mcmodel=large -mlarge-data-threshold=90000000 -DLINUX64 -Df2cFortran -DHDF4_NETCDF_HAVE_SD -DLINUX64 -DPGS_MET_COMPILE   -I/home/jsg/SIPS/eta2/TOOLKIT/include -I/home/jsg/SIPS/eta2/TOOLKIT/include/CUC -I/opt/packages/hdf4-4.2.15/include -I/opt/packages/hdf5-1.8.19/include PGS_MET_CheckAgainstDD.c -o /home/jsg/SIPS/eta2/TOOLKIT/obj/linux64/MET/PGS_MET_CheckAgainstDD.o
/usr/bin/gcc  -c -O2 -DH5_USE_16_API -m64 -fPIC -pthread -s -m128bit-long-double -mcmodel=large -mlarge-data-threshold=90000000 -DLINUX64 -Df2cFortran -DHDF4_NETCDF_HAVE_SD -DLINUX64 -DPGS_MET_COMPILE   -I/home/jsg/SIPS/eta2/TOOLKIT/include -I/home/jsg/SIPS/eta2/TOOLKIT/include/CUC -I/opt/packages/hdf4-4.2.15/include -I/opt/packages/hdf5-1.8.19/include PGS_MET_ConvertToOdl.c -o /home/jsg/SIPS/eta2/TOOLKIT/obj/linux64/MET/PGS_MET_ConvertToOdl.o
/usr/bin/gcc  -c -O2 -DH5_USE_16_API -m64 -fPIC -pthread -s -m128bit-long-double -mcmodel=large -mlarge-data-threshold=90000000 -DLINUX64 -Df2cFortran -DHDF4_NETCDF_HAVE_SD -DLINUX64 -DPGS_MET_COMPILE   -I/home/jsg/SIPS/eta2/TOOLKIT/include -I/home/jsg/SIPS/eta2/TOOLKIT/include/CUC -I/opt/packages/hdf4-4.2.15/include -I/opt/packages/hdf5-1.8.19/include PGS_MET_GetConfigByLabel.c -o /home/jsg/SIPS/eta2/TOOLKIT/obj/linux64/MET/PGS_MET_GetConfigByLabel.o
/usr/bin/gcc  -c -O2 -DH5_USE_16_API -m64 -fPIC -pthread -s -m128bit-long-double -mcmodel=large -mlarge-data-threshold=90000000 -DLINUX64 -Df2cFortran -DHDF4_NETCDF_HAVE_SD -DLINUX64 -DPGS_MET_COMPILE   -I/home/jsg/SIPS/eta2/TOOLKIT/include -I/home/jsg/SIPS/eta2/TOOLKIT/include/CUC -I/opt/packages/hdf4-4.2.15/include -I/opt/packages/hdf5-1.8.19/include PGS_MET_RetrieveConfigData.c -o /home/jsg/SIPS/eta2/TOOLKIT/obj/linux64/MET/PGS_MET_RetrieveConfigData.o
/usr/bin/gcc  -c -O2 -DH5_USE_16_API -m64 -fPIC -pthread -s -m128bit-long-double -mcmodel=large -mlarge-data-threshold=90000000 -DLINUX64 -Df2cFortran -DHDF4_NETCDF_HAVE_SD -DLINUX64 -DPGS_MET_COMPILE   -I/home/jsg/SIPS/eta2/TOOLKIT/include -I/home/jsg/SIPS/eta2/TOOLKIT/include/CUC -I/opt/packages/hdf4-4.2.15/include -I/opt/packages/hdf5-1.8.19/include PGS_MET_HDFToODL.c -o /home/jsg/SIPS/eta2/TOOLKIT/obj/linux64/MET/PGS_MET_HDFToODL.o
/usr/bin/gcc  -c -O2 -DH5_USE_16_API -m64 -fPIC -pthread -s -m128bit-long-double -mcmodel=large -mlarge-data-threshold=90000000 -DLINUX64 -Df2cFortran -DHDF4_NETCDF_HAVE_SD -DLINUX64 -DPGS_MET_COMPILE   -I/home/jsg/SIPS/eta2/TOOLKIT/include -I/home/jsg/SIPS/eta2/TOOLKIT/include/CUC -I/opt/packages/hdf4-4.2.15/include -I/opt/packages/hdf5-1.8.19/include PGS_MET_NameAndClass.c -o /home/jsg/SIPS/eta2/TOOLKIT/obj/linux64/MET/PGS_MET_NameAndClass.o
/usr/bin/gcc  -c -O2 -DH5_USE_16_API -m64 -fPIC -pthread -s -m128bit-long-double -mcmodel=large -mlarge-data-threshold=90000000 -DLINUX64 -Df2cFortran -DHDF4_NETCDF_HAVE_SD -DLINUX64 -DPGS_MET_COMPILE   -I/home/jsg/SIPS/eta2/TOOLKIT/include -I/home/jsg/SIPS/eta2/TOOLKIT/include/CUC -I/opt/packages/hdf4-4.2.15/include -I/opt/packages/hdf5-1.8.19/include PGS_MET_SearchAttr.c -o /home/jsg/SIPS/eta2/TOOLKIT/obj/linux64/MET/PGS_MET_SearchAttr.o
/usr/bin/gcc  -c -O2 -DH5_USE_16_API -m64 -fPIC -pthread -s -m128bit-long-double -mcmodel=large -mlarge-data-threshold=90000000 -DLINUX64 -Df2cFortran -DHDF4_NETCDF_HAVE_SD -DLINUX64 -DPGS_MET_COMPILE   -I/home/jsg/SIPS/eta2/TOOLKIT/include -I/home/jsg/SIPS/eta2/TOOLKIT/include/CUC -I/opt/packages/hdf4-4.2.15/include -I/opt/packages/hdf5-1.8.19/include PGS_MET_SearchAttrF.c -o /home/jsg/SIPS/eta2/TOOLKIT/obj/linux64/MET/PGS_MET_SearchAttrF.o
/usr/bin/gcc  -c -O2 -DH5_USE_16_API -m64 -fPIC -pthread -s -m128bit-long-double -mcmodel=large -mlarge-data-threshold=90000000 -DLINUX64 -Df2cFortran -DHDF4_NETCDF_HAVE_SD -DLINUX64 -DPGS_MET_COMPILE   -I/home/jsg/SIPS/eta2/TOOLKIT/include -I/home/jsg/SIPS/eta2/TOOLKIT/include/CUC -I/opt/packages/hdf4-4.2.15/include -I/opt/packages/hdf5-1.8.19/include PGS_MET_ConvertToMCF.c -o /home/jsg/SIPS/eta2/TOOLKIT/obj/linux64/MET/PGS_MET_ConvertToMCF.o
/usr/bin/gcc  -c -O2 -DH5_USE_16_API -m64 -fPIC -pthread -s -m128bit-long-double -mcmodel=large -mlarge-data-threshold=90000000 -DLINUX64 -Df2cFortran -DHDF4_NETCDF_HAVE_SD -DLINUX64 -DPGS_MET_COMPILE   -I/home/jsg/SIPS/eta2/TOOLKIT/include -I/home/jsg/SIPS/eta2/TOOLKIT/include/CUC -I/opt/packages/hdf4-4.2.15/include -I/opt/packages/hdf5-1.8.19/include PGS_MET_GetSetAttrTD.c -o /home/jsg/SIPS/eta2/TOOLKIT/obj/linux64/MET/PGS_MET_GetSetAttrTD.o
/usr/bin/gcc  -c -O2 -DH5_USE_16_API -m64 -fPIC -pthread -s -m128bit-long-double -mcmodel=large -mlarge-data-threshold=90000000 -DLINUX64 -Df2cFortran -DHDF4_NETCDF_HAVE_SD -DLINUX64 -DPGS_MET_COMPILE   -I/home/jsg/SIPS/eta2/TOOLKIT/include -I/home/jsg/SIPS/eta2/TOOLKIT/include/CUC -I/opt/packages/hdf4-4.2.15/include -I/opt/packages/hdf5-1.8.19/include PGS_MET_ODLToXML.c -o /home/jsg/SIPS/eta2/TOOLKIT/obj/linux64/MET/PGS_MET_ODLToXML.o
PGS_MET_ODLToXML.c: In function ‘PGS_MET_Setup’:
PGS_MET_ODLToXML.c:835:4: warning: ‘strncpy’ specified bound depends on the length of the source argument [-Wstringop-overflow=]
    strncpy(xmlFilename, tempTemp,  str_length);
    ^~~~~~~~~~~~~~~~~~~~~~~~~~~~~~~~~~~~~~~~~~~
PGS_MET_ODLToXML.c:830:19: note: length computed here
    str2_length  = strlen(tempTemp);    /* length of the entire tif string */
                   ^~~~~~~~~~~~~~~~
/usr/bin/gcc  -c -O2 -DH5_USE_16_API -m64 -fPIC -pthread -s -m128bit-long-double -mcmodel=large -mlarge-data-threshold=90000000 -DLINUX64 -Df2cFortran -DHDF4_NETCDF_HAVE_SD -DLINUX64 -DPGS_MET_COMPILE   -I/home/jsg/SIPS/eta2/TOOLKIT/include -I/home/jsg/SIPS/eta2/TOOLKIT/include/CUC -I/opt/packages/hdf4-4.2.15/include -I/opt/packages/hdf5-1.8.19/include PGS_MET_WriteXML.c -o /home/jsg/SIPS/eta2/TOOLKIT/obj/linux64/MET/PGS_MET_WriteXML.o
PGS_MET_WriteXML.c: In function ‘PGS_MET_WriteXML’:
PGS_MET_WriteXML.c:261:25: warning: cast from pointer to integer of different size [-Wpointer-to-int-cast]
         if(hdfFileId != (PGSt_integer)NULL)
                         ^
/usr/bin/gcc  -c -O2 -DH5_USE_16_API -m64 -fPIC -pthread -s -m128bit-long-double -mcmodel=large -mlarge-data-threshold=90000000 -DLINUX64 -Df2cFortran -DHDF4_NETCDF_HAVE_SD -DLINUX64 -DPGS_MET_COMPILE   -I/home/jsg/SIPS/eta2/TOOLKIT/include -I/home/jsg/SIPS/eta2/TOOLKIT/include/CUC -I/opt/packages/hdf4-4.2.15/include -I/opt/packages/hdf5-1.8.19/include PGS_MET_XslProcessor.c -o /home/jsg/SIPS/eta2/TOOLKIT/obj/linux64/MET/PGS_MET_XslProcessor.o
In file included from PGS_MET_XslProcessor.c:48:
/home/jsg/SIPS/eta2/TOOLKIT/include/libxml/DOCBparser.h:22:2: warning: #warning "The DOCBparser module has been deprecated in libxml2-2.6.0" [-Wcpp]
 #warning "The DOCBparser module has been deprecated in libxml2-2.6.0"
  ^~~~~~~
make[2]: Leaving directory '/home/jsg/SIPS/eta2/TOOLKIT/src/MET/support'

Making `all' in ./tools
make[2]: Entering directory '/home/jsg/SIPS/eta2/TOOLKIT/src/MET/tools'
/usr/bin/gcc  -c -O2 -DH5_USE_16_API -m64 -fPIC -pthread -s -m128bit-long-double -mcmodel=large -mlarge-data-threshold=90000000 -DLINUX64 -Df2cFortran -DHDF4_NETCDF_HAVE_SD -DLINUX64 -DPGS_MET_COMPILE  -I/home/jsg/SIPS/eta2/TOOLKIT/include -I/home/jsg/SIPS/eta2/TOOLKIT/include/CUC -I/opt/packages/hdf4-4.2.15/include -I/opt/packages/hdf5-1.8.19/include PGS_MET_GetSetAttr.c -o /home/jsg/SIPS/eta2/TOOLKIT/obj/linux64/MET/PGS_MET_GetSetAttr.o
/usr/bin/gcc  -c -O2 -DH5_USE_16_API -m64 -fPIC -pthread -s -m128bit-long-double -mcmodel=large -mlarge-data-threshold=90000000 -DLINUX64 -Df2cFortran -DHDF4_NETCDF_HAVE_SD -DLINUX64 -DPGS_MET_COMPILE  -I/home/jsg/SIPS/eta2/TOOLKIT/include -I/home/jsg/SIPS/eta2/TOOLKIT/include/CUC -I/opt/packages/hdf4-4.2.15/include -I/opt/packages/hdf5-1.8.19/include PGS_MET_GetSetAttrF.c -o /home/jsg/SIPS/eta2/TOOLKIT/obj/linux64/MET/PGS_MET_GetSetAttrF.o
/usr/bin/gcc  -c -O2 -DH5_USE_16_API -m64 -fPIC -pthread -s -m128bit-long-double -mcmodel=large -mlarge-data-threshold=90000000 -DLINUX64 -Df2cFortran -DHDF4_NETCDF_HAVE_SD -DLINUX64 -DPGS_MET_COMPILE  -I/home/jsg/SIPS/eta2/TOOLKIT/include -I/home/jsg/SIPS/eta2/TOOLKIT/include/CUC -I/opt/packages/hdf4-4.2.15/include -I/opt/packages/hdf5-1.8.19/include PGS_MET_Init.c -o /home/jsg/SIPS/eta2/TOOLKIT/obj/linux64/MET/PGS_MET_Init.o
/usr/bin/gcc  -c -O2 -DH5_USE_16_API -m64 -fPIC -pthread -s -m128bit-long-double -mcmodel=large -mlarge-data-threshold=90000000 -DLINUX64 -Df2cFortran -DHDF4_NETCDF_HAVE_SD -DLINUX64 -DPGS_MET_COMPILE  -I/home/jsg/SIPS/eta2/TOOLKIT/include -I/home/jsg/SIPS/eta2/TOOLKIT/include/CUC -I/opt/packages/hdf4-4.2.15/include -I/opt/packages/hdf5-1.8.19/include PGS_MET_SetAttr.c -o /home/jsg/SIPS/eta2/TOOLKIT/obj/linux64/MET/PGS_MET_SetAttr.o
/usr/bin/gcc  -c -O2 -DH5_USE_16_API -m64 -fPIC -pthread -s -m128bit-long-double -mcmodel=large -mlarge-data-threshold=90000000 -DLINUX64 -Df2cFortran -DHDF4_NETCDF_HAVE_SD -DLINUX64 -DPGS_MET_COMPILE  -I/home/jsg/SIPS/eta2/TOOLKIT/include -I/home/jsg/SIPS/eta2/TOOLKIT/include/CUC -I/opt/packages/hdf4-4.2.15/include -I/opt/packages/hdf5-1.8.19/include PGS_MET_SetAttrF.c -o /home/jsg/SIPS/eta2/TOOLKIT/obj/linux64/MET/PGS_MET_SetAttrF.o
/usr/bin/gcc  -c -O2 -DH5_USE_16_API -m64 -fPIC -pthread -s -m128bit-long-double -mcmodel=large -mlarge-data-threshold=90000000 -DLINUX64 -Df2cFortran -DHDF4_NETCDF_HAVE_SD -DLINUX64 -DPGS_MET_COMPILE  -I/home/jsg/SIPS/eta2/TOOLKIT/include -I/home/jsg/SIPS/eta2/TOOLKIT/include/CUC -I/opt/packages/hdf4-4.2.15/include -I/opt/packages/hdf5-1.8.19/include PGS_MET_SetMultiAttr.c -o /home/jsg/SIPS/eta2/TOOLKIT/obj/linux64/MET/PGS_MET_SetMultiAttr.o
/usr/bin/gcc  -c -O2 -DH5_USE_16_API -m64 -fPIC -pthread -s -m128bit-long-double -mcmodel=large -mlarge-data-threshold=90000000 -DLINUX64 -Df2cFortran -DHDF4_NETCDF_HAVE_SD -DLINUX64 -DPGS_MET_COMPILE  -I/home/jsg/SIPS/eta2/TOOLKIT/include -I/home/jsg/SIPS/eta2/TOOLKIT/include/CUC -I/opt/packages/hdf4-4.2.15/include -I/opt/packages/hdf5-1.8.19/include PGS_MET_SetMultiAttrF.c -o /home/jsg/SIPS/eta2/TOOLKIT/obj/linux64/MET/PGS_MET_SetMultiAttrF.o
/usr/bin/gcc  -c -O2 -DH5_USE_16_API -m64 -fPIC -pthread -s -m128bit-long-double -mcmodel=large -mlarge-data-threshold=90000000 -DLINUX64 -Df2cFortran -DHDF4_NETCDF_HAVE_SD -DLINUX64 -DPGS_MET_COMPILE  -I/home/jsg/SIPS/eta2/TOOLKIT/include -I/home/jsg/SIPS/eta2/TOOLKIT/include/CUC -I/opt/packages/hdf4-4.2.15/include -I/opt/packages/hdf5-1.8.19/include PGS_MET_GetPCAttr.c -o /home/jsg/SIPS/eta2/TOOLKIT/obj/linux64/MET/PGS_MET_GetPCAttr.o
/usr/bin/gcc  -c -O2 -DH5_USE_16_API -m64 -fPIC -pthread -s -m128bit-long-double -mcmodel=large -mlarge-data-threshold=90000000 -DLINUX64 -Df2cFortran -DHDF4_NETCDF_HAVE_SD -DLINUX64 -DPGS_MET_COMPILE  -I/home/jsg/SIPS/eta2/TOOLKIT/include -I/home/jsg/SIPS/eta2/TOOLKIT/include/CUC -I/opt/packages/hdf4-4.2.15/include -I/opt/packages/hdf5-1.8.19/include PGS_MET_GetPCAttrF.c -o /home/jsg/SIPS/eta2/TOOLKIT/obj/linux64/MET/PGS_MET_GetPCAttrF.o
/usr/bin/gcc  -c -O2 -DH5_USE_16_API -m64 -fPIC -pthread -s -m128bit-long-double -mcmodel=large -mlarge-data-threshold=90000000 -DLINUX64 -Df2cFortran -DHDF4_NETCDF_HAVE_SD -DLINUX64 -DPGS_MET_COMPILE  -I/home/jsg/SIPS/eta2/TOOLKIT/include -I/home/jsg/SIPS/eta2/TOOLKIT/include/CUC -I/opt/packages/hdf4-4.2.15/include -I/opt/packages/hdf5-1.8.19/include PGS_MET_GetConfigData.c -o /home/jsg/SIPS/eta2/TOOLKIT/obj/linux64/MET/PGS_MET_GetConfigData.o
/usr/bin/gcc  -c -O2 -DH5_USE_16_API -m64 -fPIC -pthread -s -m128bit-long-double -mcmodel=large -mlarge-data-threshold=90000000 -DLINUX64 -Df2cFortran -DHDF4_NETCDF_HAVE_SD -DLINUX64 -DPGS_MET_COMPILE  -I/home/jsg/SIPS/eta2/TOOLKIT/include -I/home/jsg/SIPS/eta2/TOOLKIT/include/CUC -I/opt/packages/hdf4-4.2.15/include -I/opt/packages/hdf5-1.8.19/include PGS_MET_GetConfigDataF.c -o /home/jsg/SIPS/eta2/TOOLKIT/obj/linux64/MET/PGS_MET_GetConfigDataF.o
/usr/bin/gcc  -c -O2 -DH5_USE_16_API -m64 -fPIC -pthread -s -m128bit-long-double -mcmodel=large -mlarge-data-threshold=90000000 -DLINUX64 -Df2cFortran -DHDF4_NETCDF_HAVE_SD -DLINUX64 -DPGS_MET_COMPILE  -I/home/jsg/SIPS/eta2/TOOLKIT/include -I/home/jsg/SIPS/eta2/TOOLKIT/include/CUC -I/opt/packages/hdf4-4.2.15/include -I/opt/packages/hdf5-1.8.19/include PGS_MET_Write.c -o /home/jsg/SIPS/eta2/TOOLKIT/obj/linux64/MET/PGS_MET_Write.o
PGS_MET_Write.c: In function ‘PGS_MET_Write’:
PGS_MET_Write.c:729:19: warning: cast from pointer to integer of different size [-Wpointer-to-int-cast]
   if(hdfFileId == (PGSt_integer)NULL)
                   ^
PGS_MET_Write.c:962:28: warning: cast from pointer to integer of different size [-Wpointer-to-int-cast]
            if(hdfFileId != (PGSt_integer)NULL)
                            ^
PGS_MET_Write.c:973:41: warning: cast from pointer to integer of different size [-Wpointer-to-int-cast]
                         if(hdfFileId != (PGSt_integer)NULL)
                                         ^
PGS_MET_Write.c:1062:22: warning: cast from pointer to integer of different size [-Wpointer-to-int-cast]
      if(hdfFileId != (PGSt_integer)NULL)
                      ^
PGS_MET_Write.c:1104:25: warning: cast from pointer to integer of different size [-Wpointer-to-int-cast]
         if(hdfFileId != (PGSt_integer)NULL)
                         ^
PGS_MET_Write.c:1229:18: warning: cast from pointer to integer of different size [-Wpointer-to-int-cast]
  if(hdfFileId == (PGSt_integer)NULL)
                  ^
/usr/bin/gcc  -c -O2 -DH5_USE_16_API -m64 -fPIC -pthread -s -m128bit-long-double -mcmodel=large -mlarge-data-threshold=90000000 -DLINUX64 -Df2cFortran -DHDF4_NETCDF_HAVE_SD -DLINUX64 -DPGS_MET_COMPILE  -I/home/jsg/SIPS/eta2/TOOLKIT/include -I/home/jsg/SIPS/eta2/TOOLKIT/include/CUC -I/opt/packages/hdf4-4.2.15/include -I/opt/packages/hdf5-1.8.19/include PGS_MET_Remove.c -o /home/jsg/SIPS/eta2/TOOLKIT/obj/linux64/MET/PGS_MET_Remove.o
/usr/bin/gcc  -c -O2 -DH5_USE_16_API -m64 -fPIC -pthread -s -m128bit-long-double -mcmodel=large -mlarge-data-threshold=90000000 -DLINUX64 -Df2cFortran -DHDF4_NETCDF_HAVE_SD -DLINUX64 -DPGS_MET_COMPILE  -I/home/jsg/SIPS/eta2/TOOLKIT/include -I/home/jsg/SIPS/eta2/TOOLKIT/include/CUC -I/opt/packages/hdf4-4.2.15/include -I/opt/packages/hdf5-1.8.19/include PGS_MET_HDFFileType.c -o /home/jsg/SIPS/eta2/TOOLKIT/obj/linux64/MET/PGS_MET_HDFFileType.o
/usr/bin/gcc  -c -O2 -DH5_USE_16_API -m64 -fPIC -pthread -s -m128bit-long-double -mcmodel=large -mlarge-data-threshold=90000000 -DLINUX64 -Df2cFortran -DHDF4_NETCDF_HAVE_SD -DLINUX64 -DPGS_MET_COMPILE  -I/home/jsg/SIPS/eta2/TOOLKIT/include -I/home/jsg/SIPS/eta2/TOOLKIT/include/CUC -I/opt/packages/hdf4-4.2.15/include -I/opt/packages/hdf5-1.8.19/include PGS_MET_HDFSDstart.c -o /home/jsg/SIPS/eta2/TOOLKIT/obj/linux64/MET/PGS_MET_HDFSDstart.o
/usr/bin/gcc  -c -O2 -DH5_USE_16_API -m64 -fPIC -pthread -s -m128bit-long-double -mcmodel=large -mlarge-data-threshold=90000000 -DLINUX64 -Df2cFortran -DHDF4_NETCDF_HAVE_SD -DLINUX64 -DPGS_MET_COMPILE  -I/home/jsg/SIPS/eta2/TOOLKIT/include -I/home/jsg/SIPS/eta2/TOOLKIT/include/CUC -I/opt/packages/hdf4-4.2.15/include -I/opt/packages/hdf5-1.8.19/include PGS_MET_bindFORTRAN.c -o /home/jsg/SIPS/eta2/TOOLKIT/obj/linux64/MET/PGS_MET_bindFORTRAN.o
make[2]: Leaving directory '/home/jsg/SIPS/eta2/TOOLKIT/src/MET/tools'

Updating /home/jsg/SIPS/eta2/TOOLKIT/lib/linux64/libPGSTK.a...

Building group: MET to PGS Toolkit library
Copying files ...

cp PGS_MET_bindFORTRAN.o tmp/METbindFORTRAN
cp PGS_MET_CheckAgainstDD.o tmp/METckAgainstDD
cp PGS_MET_CheckAttr.o tmp/METCheckAttr.o
cp PGS_MET_ConvertToMCF.o tmp/METonvertToMCF
cp PGS_MET_ConvertToOdl.o tmp/METonvertToOdl
cp PGS_MET_ErrorMsg.o tmp/METErrorMsg.o
cp PGS_MET_GetConfigByLabel.o tmp/METnfigByLabel
cp PGS_MET_GetConfigDataF.o tmp/METConfigDataF
cp PGS_MET_GetConfigData.o tmp/METtConfigData
cp PGS_MET_GetDDAttr.o tmp/METGetDDAttr.o
cp PGS_MET_GetPCAttrF.o tmp/METGetPCAttrF.
cp PGS_MET_GetPCAttr.o tmp/METGetPCAttr.o
cp PGS_MET_GetSetAttrF.o tmp/METGetSetAttrF
cp PGS_MET_GetSetAttr.o tmp/METGetSetAttr.
cp PGS_MET_GetSetAttrTD.o tmp/METetSetAttrTD
cp PGS_MET_HDFFileType.o tmp/METHDFFileType
cp PGS_MET_HDFSDstart.o tmp/METHDFSDstart.
cp PGS_MET_HDFToODL.o tmp/METHDFToODL.o
cp PGS_MET_Init.o tmp/METInit.o
cp PGS_MET_LoadAggregate.o tmp/METadAggregate
cp PGS_MET_NameAndClass.o tmp/METameAndClass
cp PGS_MET_ODLToXML.o tmp/METODLToXML.o
cp PGS_MET_Remove.o tmp/METRemove.o
cp PGS_MET_RetrieveConfigData.o tmp/METeConfigData
cp PGS_MET_SearchAttrF.o tmp/METSearchAttrF
cp PGS_MET_SearchAttr.o tmp/METSearchAttr.
cp PGS_MET_SetAttrF.o tmp/METSetAttrF.o
cp PGS_MET_SetAttr.o tmp/METSetAttr.o
cp PGS_MET_SetMultiAttrF.o tmp/METtMultiAttrF
cp PGS_MET_SetMultiAttr.o tmp/METetMultiAttr
cp PGS_MET_Write.o tmp/METWrite.o
cp PGS_MET_WriteXML.o tmp/METWriteXML.o
cp PGS_MET_XslProcessor.o tmp/METslProcessor

Adding MET files to library ...
Cleaning up MET...


Done.

make[1]: Leaving directory '/home/jsg/SIPS/eta2/TOOLKIT/src/MET'
    
        Making all in PC
    
    Makefile for group: PC; Target: all
/usr/bin/gcc  -c -O2 -DH5_USE_16_API -m64 -fPIC -pthread -s -m128bit-long-double -mcmodel=large -mlarge-data-threshold=90000000 -DLINUX64 -Df2cFortran -DHDF4_NETCDF_HAVE_SD -DLINUX64  -I/home/jsg/SIPS/eta2/TOOLKIT/include  PGS_PC_PutPCSData.c -o /home/jsg/SIPS/eta2/TOOLKIT/obj/linux64/PC/PGS_PC_PutPCSData.o
/usr/bin/gcc  -c -O2 -DH5_USE_16_API -m64 -fPIC -pthread -s -m128bit-long-double -mcmodel=large -mlarge-data-threshold=90000000 -DLINUX64 -Df2cFortran -DHDF4_NETCDF_HAVE_SD -DLINUX64  -I/home/jsg/SIPS/eta2/TOOLKIT/include  PGS_PC_GetPCSData.c -o /home/jsg/SIPS/eta2/TOOLKIT/obj/linux64/PC/PGS_PC_GetPCSData.o
/usr/bin/gcc  -c -O2 -DH5_USE_16_API -m64 -fPIC -pthread -s -m128bit-long-double -mcmodel=large -mlarge-data-threshold=90000000 -DLINUX64 -Df2cFortran -DHDF4_NETCDF_HAVE_SD -DLINUX64  -I/home/jsg/SIPS/eta2/TOOLKIT/include  PGS_PC_OpenPCSFile.c -o /home/jsg/SIPS/eta2/TOOLKIT/obj/linux64/PC/PGS_PC_OpenPCSFile.o
/usr/bin/gcc  -c -O2 -DH5_USE_16_API -m64 -fPIC -pthread -s -m128bit-long-double -mcmodel=large -mlarge-data-threshold=90000000 -DLINUX64 -Df2cFortran -DHDF4_NETCDF_HAVE_SD -DLINUX64  -I/home/jsg/SIPS/eta2/TOOLKIT/include  PGS_PC_LocateEntry.c -o /home/jsg/SIPS/eta2/TOOLKIT/obj/linux64/PC/PGS_PC_LocateEntry.o
/usr/bin/gcc  -c -O2 -DH5_USE_16_API -m64 -fPIC -pthread -s -m128bit-long-double -mcmodel=large -mlarge-data-threshold=90000000 -DLINUX64 -Df2cFortran -DHDF4_NETCDF_HAVE_SD -DLINUX64  -I/home/jsg/SIPS/eta2/TOOLKIT/include  PGS_PC_AdvanceArea.c -o /home/jsg/SIPS/eta2/TOOLKIT/obj/linux64/PC/PGS_PC_AdvanceArea.o
/usr/bin/gcc  -c -O2 -DH5_USE_16_API -m64 -fPIC -pthread -s -m128bit-long-double -mcmodel=large -mlarge-data-threshold=90000000 -DLINUX64 -Df2cFortran -DHDF4_NETCDF_HAVE_SD -DLINUX64  -I/home/jsg/SIPS/eta2/TOOLKIT/include  PGS_PC_GetIndex.c -o /home/jsg/SIPS/eta2/TOOLKIT/obj/linux64/PC/PGS_PC_GetIndex.o
/usr/bin/gcc  -c -O2 -DH5_USE_16_API -m64 -fPIC -pthread -s -m128bit-long-double -mcmodel=large -mlarge-data-threshold=90000000 -DLINUX64 -Df2cFortran -DHDF4_NETCDF_HAVE_SD -DLINUX64  -I/home/jsg/SIPS/eta2/TOOLKIT/include  PGS_PC_RetrieveData.c -o /home/jsg/SIPS/eta2/TOOLKIT/obj/linux64/PC/PGS_PC_RetrieveData.o
/usr/bin/gcc  -c -O2 -DH5_USE_16_API -m64 -fPIC -pthread -s -m128bit-long-double -mcmodel=large -mlarge-data-threshold=90000000 -DLINUX64 -Df2cFortran -DHDF4_NETCDF_HAVE_SD -DLINUX64  -I/home/jsg/SIPS/eta2/TOOLKIT/include  PGS_PC_GetRequest.c -o /home/jsg/SIPS/eta2/TOOLKIT/obj/linux64/PC/PGS_PC_GetRequest.o
/usr/bin/gcc  -c -O2 -DH5_USE_16_API -m64 -fPIC -pthread -s -m128bit-long-double -mcmodel=large -mlarge-data-threshold=90000000 -DLINUX64 -Df2cFortran -DHDF4_NETCDF_HAVE_SD -DLINUX64  -I/home/jsg/SIPS/eta2/TOOLKIT/include  PGS_PC_GetFileName.c -o /home/jsg/SIPS/eta2/TOOLKIT/obj/linux64/PC/PGS_PC_GetFileName.o
/usr/bin/gcc  -c -O2 -DH5_USE_16_API -m64 -fPIC -pthread -s -m128bit-long-double -mcmodel=large -mlarge-data-threshold=90000000 -DLINUX64 -Df2cFortran -DHDF4_NETCDF_HAVE_SD -DLINUX64  -I/home/jsg/SIPS/eta2/TOOLKIT/include  PGS_PC_OpenFiles.c -o /home/jsg/SIPS/eta2/TOOLKIT/obj/linux64/PC/PGS_PC_OpenFiles.o
/usr/bin/gcc  -c -O2 -DH5_USE_16_API -m64 -fPIC -pthread -s -m128bit-long-double -mcmodel=large -mlarge-data-threshold=90000000 -DLINUX64 -Df2cFortran -DHDF4_NETCDF_HAVE_SD -DLINUX64  -I/home/jsg/SIPS/eta2/TOOLKIT/include  PGS_PC_AdvanceToLoc.c -o /home/jsg/SIPS/eta2/TOOLKIT/obj/linux64/PC/PGS_PC_AdvanceToLoc.o
/usr/bin/gcc  -c -O2 -DH5_USE_16_API -m64 -fPIC -pthread -s -m128bit-long-double -mcmodel=large -mlarge-data-threshold=90000000 -DLINUX64 -Df2cFortran -DHDF4_NETCDF_HAVE_SD -DLINUX64  -I/home/jsg/SIPS/eta2/TOOLKIT/include  PGS_PC_PutInArea.c -o /home/jsg/SIPS/eta2/TOOLKIT/obj/linux64/PC/PGS_PC_PutInArea.o
/usr/bin/gcc  -c -O2 -DH5_USE_16_API -m64 -fPIC -pthread -s -m128bit-long-double -mcmodel=large -mlarge-data-threshold=90000000 -DLINUX64 -Df2cFortran -DHDF4_NETCDF_HAVE_SD -DLINUX64  -I/home/jsg/SIPS/eta2/TOOLKIT/include  PGS_PC_InsertCheck.c -o /home/jsg/SIPS/eta2/TOOLKIT/obj/linux64/PC/PGS_PC_InsertCheck.o
/usr/bin/gcc  -c -O2 -DH5_USE_16_API -m64 -fPIC -pthread -s -m128bit-long-double -mcmodel=large -mlarge-data-threshold=90000000 -DLINUX64 -Df2cFortran -DHDF4_NETCDF_HAVE_SD -DLINUX64  -I/home/jsg/SIPS/eta2/TOOLKIT/include  PGS_PC_SkipCheck.c -o /home/jsg/SIPS/eta2/TOOLKIT/obj/linux64/PC/PGS_PC_SkipCheck.o
/usr/bin/gcc  -c -O2 -DH5_USE_16_API -m64 -fPIC -pthread -s -m128bit-long-double -mcmodel=large -mlarge-data-threshold=90000000 -DLINUX64 -Df2cFortran -DHDF4_NETCDF_HAVE_SD -DLINUX64  -I/home/jsg/SIPS/eta2/TOOLKIT/include  PGS_PC_FixBuffer.c -o /home/jsg/SIPS/eta2/TOOLKIT/obj/linux64/PC/PGS_PC_FixBuffer.o
/usr/bin/gcc  -c -O2 -DH5_USE_16_API -m64 -fPIC -pthread -s -m128bit-long-double -mcmodel=large -mlarge-data-threshold=90000000 -DLINUX64 -Df2cFortran -DHDF4_NETCDF_HAVE_SD -DLINUX64  -I/home/jsg/SIPS/eta2/TOOLKIT/include  PGS_PC_GetReference.c -o /home/jsg/SIPS/eta2/TOOLKIT/obj/linux64/PC/PGS_PC_GetReference.o
/usr/bin/gcc  -c -O2 -DH5_USE_16_API -m64 -fPIC -pthread -s -m128bit-long-double -mcmodel=large -mlarge-data-threshold=90000000 -DLINUX64 -Df2cFortran -DHDF4_NETCDF_HAVE_SD -DLINUX64  -I/home/jsg/SIPS/eta2/TOOLKIT/include  PGS_PC_GetConfigData.c -o /home/jsg/SIPS/eta2/TOOLKIT/obj/linux64/PC/PGS_PC_GetConfigData.o
/usr/bin/gcc  -c -O2 -DH5_USE_16_API -m64 -fPIC -pthread -s -m128bit-long-double -mcmodel=large -mlarge-data-threshold=90000000 -DLINUX64 -Df2cFortran -DHDF4_NETCDF_HAVE_SD -DLINUX64  -I/home/jsg/SIPS/eta2/TOOLKIT/include  PGS_PC_GetNumberOfFiles.c -o /home/jsg/SIPS/eta2/TOOLKIT/obj/linux64/PC/PGS_PC_GetNumberOfFiles.o
/usr/bin/gcc  -c -O2 -DH5_USE_16_API -m64 -fPIC -pthread -s -m128bit-long-double -mcmodel=large -mlarge-data-threshold=90000000 -DLINUX64 -Df2cFortran -DHDF4_NETCDF_HAVE_SD -DLINUX64  -I/home/jsg/SIPS/eta2/TOOLKIT/include  PGS_PC_GenUniqueID.c -o /home/jsg/SIPS/eta2/TOOLKIT/obj/linux64/PC/PGS_PC_GenUniqueID.o
/usr/bin/gcc  -c -O2 -DH5_USE_16_API -m64 -fPIC -pthread -s -m128bit-long-double -mcmodel=large -mlarge-data-threshold=90000000 -DLINUX64 -Df2cFortran -DHDF4_NETCDF_HAVE_SD -DLINUX64  -I/home/jsg/SIPS/eta2/TOOLKIT/include  PGS_PC_GetFileAttr.c -o /home/jsg/SIPS/eta2/TOOLKIT/obj/linux64/PC/PGS_PC_GetFileAttr.o
/usr/bin/gcc  -c -O2 -DH5_USE_16_API -m64 -fPIC -pthread -s -m128bit-long-double -mcmodel=large -mlarge-data-threshold=90000000 -DLINUX64 -Df2cFortran -DHDF4_NETCDF_HAVE_SD -DLINUX64  -I/home/jsg/SIPS/eta2/TOOLKIT/include  PGS_PC_BuildAttribute.c -o /home/jsg/SIPS/eta2/TOOLKIT/obj/linux64/PC/PGS_PC_BuildAttribute.o
/usr/bin/gcc  -c -O2 -DH5_USE_16_API -m64 -fPIC -pthread -s -m128bit-long-double -mcmodel=large -mlarge-data-threshold=90000000 -DLINUX64 -Df2cFortran -DHDF4_NETCDF_HAVE_SD -DLINUX64  -I/home/jsg/SIPS/eta2/TOOLKIT/include  PGS_PC_GetFileByAttr.c -o /home/jsg/SIPS/eta2/TOOLKIT/obj/linux64/PC/PGS_PC_GetFileByAttr.o
/usr/bin/gcc  -c -O2 -DH5_USE_16_API -m64 -fPIC -pthread -s -m128bit-long-double -mcmodel=large -mlarge-data-threshold=90000000 -DLINUX64 -Df2cFortran -DHDF4_NETCDF_HAVE_SD -DLINUX64  -I/home/jsg/SIPS/eta2/TOOLKIT/include  PGS_PC_BuildFileShm.c -o /home/jsg/SIPS/eta2/TOOLKIT/obj/linux64/PC/PGS_PC_BuildFileShm.o
/usr/bin/gcc  -c -O2 -DH5_USE_16_API -m64 -fPIC -pthread -s -m128bit-long-double -mcmodel=large -mlarge-data-threshold=90000000 -DLINUX64 -Df2cFortran -DHDF4_NETCDF_HAVE_SD -DLINUX64  -I/home/jsg/SIPS/eta2/TOOLKIT/include  PGS_PC_GetDataFromShm.c -o /home/jsg/SIPS/eta2/TOOLKIT/obj/linux64/PC/PGS_PC_GetDataFromShm.o
PGS_PC_GetDataFromShm.c: In function ‘PGS_PC_GetDataFromShm’:
PGS_PC_GetDataFromShm.c:370:20: warning: cast from pointer to integer of different size [-Wpointer-to-int-cast]
        ((offSet != (PGSt_uinteger) NULL) || (byPass == PGS_TRUE)))
                    ^
/usr/bin/gcc  -c -O2 -DH5_USE_16_API -m64 -fPIC -pthread -s -m128bit-long-double -mcmodel=large -mlarge-data-threshold=90000000 -DLINUX64 -Df2cFortran -DHDF4_NETCDF_HAVE_SD -DLINUX64  -I/home/jsg/SIPS/eta2/TOOLKIT/include  PGS_PC_GetFileFromShm.c -o /home/jsg/SIPS/eta2/TOOLKIT/obj/linux64/PC/PGS_PC_GetFileFromShm.o
PGS_PC_GetFileFromShm.c: In function ‘PGS_PC_GetFileFromShm’:
PGS_PC_GetFileFromShm.c:212:45: warning: cast from pointer to integer of different size [-Wpointer-to-int-cast]
         if ((outStruct->fileStruct.index == (PGSt_PC_Logical) NULL) &&
                                             ^
/usr/bin/gcc  -c -O2 -DH5_USE_16_API -m64 -fPIC -pthread -s -m128bit-long-double -mcmodel=large -mlarge-data-threshold=90000000 -DLINUX64 -Df2cFortran -DHDF4_NETCDF_HAVE_SD -DLINUX64  -I/home/jsg/SIPS/eta2/TOOLKIT/include  PGS_PC_SearchShm.c -o /home/jsg/SIPS/eta2/TOOLKIT/obj/linux64/PC/PGS_PC_SearchShm.o
PGS_PC_SearchShm.c: In function ‘PGS_PC_SearchShm’:
PGS_PC_SearchShm.c:355:58: warning: cast from pointer to integer of different size [-Wpointer-to-int-cast]
                     if (userConfig.configStruct.index == (PGSt_PC_Logical) NULL)
                                                          ^
PGS_PC_SearchShm.c:712:51: warning: cast from pointer to integer of different size [-Wpointer-to-int-cast]
                 if (fileShm.fileStruct.entries == (PGSt_PC_Logical) NULL)
                                                   ^
/usr/bin/gcc  -c -O2 -DH5_USE_16_API -m64 -fPIC -pthread -s -m128bit-long-double -mcmodel=large -mlarge-data-threshold=90000000 -DLINUX64 -Df2cFortran -DHDF4_NETCDF_HAVE_SD -DLINUX64  -I/home/jsg/SIPS/eta2/TOOLKIT/include  PGS_PC_PutDataInShm.c -o /home/jsg/SIPS/eta2/TOOLKIT/obj/linux64/PC/PGS_PC_PutDataInShm.o
PGS_PC_PutDataInShm.c: In function ‘PGS_PC_PutDataInShm’:
PGS_PC_PutDataInShm.c:259:55: warning: cast from pointer to integer of different size [-Wpointer-to-int-cast]
     if ((returnStatus == PGS_S_SUCCESS) && (offSet != (PGSt_uinteger) NULL))
                                                       ^
/usr/bin/gcc  -c -O2 -DH5_USE_16_API -m64 -fPIC -pthread -s -m128bit-long-double -mcmodel=large -mlarge-data-threshold=90000000 -DLINUX64 -Df2cFortran -DHDF4_NETCDF_HAVE_SD -DLINUX64  -I/home/jsg/SIPS/eta2/TOOLKIT/include  PGS_PC_DeleteFileShm.c -o /home/jsg/SIPS/eta2/TOOLKIT/obj/linux64/PC/PGS_PC_DeleteFileShm.o
PGS_PC_DeleteFileShm.c: In function ‘PGS_PC_DeleteFileShm’:
PGS_PC_DeleteFileShm.c:214:45: warning: cast from pointer to integer of different size [-Wpointer-to-int-cast]
             if (fileShm.fileStruct.index == (PGSt_PC_Logical) NULL)
                                             ^
/usr/bin/gcc  -c -O2 -DH5_USE_16_API -m64 -fPIC -pthread -s -m128bit-long-double -mcmodel=large -mlarge-data-threshold=90000000 -DLINUX64 -Df2cFortran -DHDF4_NETCDF_HAVE_SD -DLINUX64  -I/home/jsg/SIPS/eta2/TOOLKIT/include  PGS_PC_WriteNewToShm.c -o /home/jsg/SIPS/eta2/TOOLKIT/obj/linux64/PC/PGS_PC_WriteNewToShm.o
PGS_PC_WriteNewToShm.c: In function ‘PGS_PC_WriteNewToShm’:
PGS_PC_WriteNewToShm.c:249:45: warning: cast from pointer to integer of different size [-Wpointer-to-int-cast]
             if (fileShm.fileStruct.index == (PGSt_PC_Logical) NULL)
                                             ^
/usr/bin/gcc  -c -O2 -DH5_USE_16_API -m64 -fPIC -pthread -s -m128bit-long-double -mcmodel=large -mlarge-data-threshold=90000000 -DLINUX64 -Df2cFortran -DHDF4_NETCDF_HAVE_SD -DLINUX64  -I/home/jsg/SIPS/eta2/TOOLKIT/include  PGS_PC_MarkAtTerm.c -o /home/jsg/SIPS/eta2/TOOLKIT/obj/linux64/PC/PGS_PC_MarkAtTerm.o
/usr/bin/gcc  -c -O2 -DH5_USE_16_API -m64 -fPIC -pthread -s -m128bit-long-double -mcmodel=large -mlarge-data-threshold=90000000 -DLINUX64 -Df2cFortran -DHDF4_NETCDF_HAVE_SD -DLINUX64  -I/home/jsg/SIPS/eta2/TOOLKIT/include  PGS_PC_BuildNumericInput.c -o /home/jsg/SIPS/eta2/TOOLKIT/obj/linux64/PC/PGS_PC_BuildNumericInput.o
/usr/bin/gcc  -c -O2 -DH5_USE_16_API -m64 -fPIC -pthread -s -m128bit-long-double -mcmodel=large -mlarge-data-threshold=90000000 -DLINUX64 -Df2cFortran -DHDF4_NETCDF_HAVE_SD -DLINUX64  -I/home/jsg/SIPS/eta2/TOOLKIT/include  PGS_PC_CalcArrayIndex.c -o /home/jsg/SIPS/eta2/TOOLKIT/obj/linux64/PC/PGS_PC_CalcArrayIndex.o
/usr/bin/gcc  -c -O2 -DH5_USE_16_API -m64 -fPIC -pthread -s -m128bit-long-double -mcmodel=large -mlarge-data-threshold=90000000 -DLINUX64 -Df2cFortran -DHDF4_NETCDF_HAVE_SD -DLINUX64  -I/home/jsg/SIPS/eta2/TOOLKIT/include  PGS_PC_FindDefaultLocLine.c -o /home/jsg/SIPS/eta2/TOOLKIT/obj/linux64/PC/PGS_PC_FindDefaultLocLine.o
/usr/bin/gcc  -c -O2 -DH5_USE_16_API -m64 -fPIC -pthread -s -m128bit-long-double -mcmodel=large -mlarge-data-threshold=90000000 -DLINUX64 -Df2cFortran -DHDF4_NETCDF_HAVE_SD -DLINUX64  -I/home/jsg/SIPS/eta2/TOOLKIT/include  PGS_PC_GetPCEnv.c -o /home/jsg/SIPS/eta2/TOOLKIT/obj/linux64/PC/PGS_PC_GetPCEnv.o
/usr/bin/gcc  -c -O2 -DH5_USE_16_API -m64 -fPIC -pthread -s -m128bit-long-double -mcmodel=large -mlarge-data-threshold=90000000 -DLINUX64 -Df2cFortran -DHDF4_NETCDF_HAVE_SD -DLINUX64  -I/home/jsg/SIPS/eta2/TOOLKIT/include  PGS_PC_GetReferenceType.c -o /home/jsg/SIPS/eta2/TOOLKIT/obj/linux64/PC/PGS_PC_GetReferenceType.o
/usr/bin/gcc  -c -O2 -DH5_USE_16_API -m64 -fPIC -pthread -s -m128bit-long-double -mcmodel=large -mlarge-data-threshold=90000000 -DLINUX64 -Df2cFortran -DHDF4_NETCDF_HAVE_SD -DLINUX64  -I/home/jsg/SIPS/eta2/TOOLKIT/include  PGS_PC_CheckFlags.c -o /home/jsg/SIPS/eta2/TOOLKIT/obj/linux64/PC/PGS_PC_CheckFlags.o
/usr/bin/gcc  -c -O2 -DH5_USE_16_API -m64 -fPIC -pthread -s -m128bit-long-double -mcmodel=large -mlarge-data-threshold=90000000 -DLINUX64 -Df2cFortran -DHDF4_NETCDF_HAVE_SD -DLINUX64  -I/home/jsg/SIPS/eta2/TOOLKIT/include  PGS_PC_OneMarkRuntime.c -o /home/jsg/SIPS/eta2/TOOLKIT/obj/linux64/PC/PGS_PC_OneMarkRuntime.o
/usr/bin/gcc  -c -O2 -DH5_USE_16_API -m64 -fPIC -pthread -s -m128bit-long-double -mcmodel=large -mlarge-data-threshold=90000000 -DLINUX64 -Df2cFortran -DHDF4_NETCDF_HAVE_SD -DLINUX64  -I/home/jsg/SIPS/eta2/TOOLKIT/include  PGS_PC_MarkRuntimeAscii.c -o /home/jsg/SIPS/eta2/TOOLKIT/obj/linux64/PC/PGS_PC_MarkRuntimeAscii.o
/usr/bin/gcc  -c -O2 -DH5_USE_16_API -m64 -fPIC -pthread -s -m128bit-long-double -mcmodel=large -mlarge-data-threshold=90000000 -DLINUX64 -Df2cFortran -DHDF4_NETCDF_HAVE_SD -DLINUX64  -I/home/jsg/SIPS/eta2/TOOLKIT/include  PGS_PC_MarkRuntimeShm.c -o /home/jsg/SIPS/eta2/TOOLKIT/obj/linux64/PC/PGS_PC_MarkRuntimeShm.o
PGS_PC_MarkRuntimeShm.c: In function ‘PGS_PC_MarkRuntimeShm’:
PGS_PC_MarkRuntimeShm.c:297:45: warning: cast from pointer to integer of different size [-Wpointer-to-int-cast]
             if (fileShm.fileStruct.index == (PGSt_PC_Logical) NULL)
                                             ^
/usr/bin/gcc  -c -O2 -DH5_USE_16_API -m64 -fPIC -pthread -s -m128bit-long-double -mcmodel=large -mlarge-data-threshold=90000000 -DLINUX64 -Df2cFortran -DHDF4_NETCDF_HAVE_SD -DLINUX64  -I/home/jsg/SIPS/eta2/TOOLKIT/include  PGS_PC_MultiRuntimes.c -o /home/jsg/SIPS/eta2/TOOLKIT/obj/linux64/PC/PGS_PC_MultiRuntimes.o
/usr/bin/gcc  -c -O2 -DH5_USE_16_API -m64 -fPIC -pthread -s -m128bit-long-double -mcmodel=large -mlarge-data-threshold=90000000 -DLINUX64 -Df2cFortran -DHDF4_NETCDF_HAVE_SD -DLINUX64  -I/home/jsg/SIPS/eta2/TOOLKIT/include  PGS_PC_GetFileByAttrF.c -o /home/jsg/SIPS/eta2/TOOLKIT/obj/linux64/PC/PGS_PC_GetFileByAttrF.o
/usr/bin/gcc  -c -O2 -DH5_USE_16_API -m64 -fPIC -pthread -s -m128bit-long-double -mcmodel=large -mlarge-data-threshold=90000000 -DLINUX64 -Df2cFortran -DHDF4_NETCDF_HAVE_SD -DLINUX64  -I/home/jsg/SIPS/eta2/TOOLKIT/include  PGS_PC_GetPCFTemp.c -o /home/jsg/SIPS/eta2/TOOLKIT/obj/linux64/PC/PGS_PC_GetPCFTemp.o
/usr/bin/gcc  -c -O2 -DH5_USE_16_API -m64 -fPIC -pthread -s -m128bit-long-double -mcmodel=large -mlarge-data-threshold=90000000 -DLINUX64 -Df2cFortran -DHDF4_NETCDF_HAVE_SD -DLINUX64  -I/home/jsg/SIPS/eta2/TOOLKIT/include  PGS_PC_GetUniversalRef.c -o /home/jsg/SIPS/eta2/TOOLKIT/obj/linux64/PC/PGS_PC_GetUniversalRef.o
/usr/bin/gcc  -c -O2 -DH5_USE_16_API -m64 -fPIC -pthread -s -m128bit-long-double -mcmodel=large -mlarge-data-threshold=90000000 -DLINUX64 -Df2cFortran -DHDF4_NETCDF_HAVE_SD -DLINUX64  -I/home/jsg/SIPS/eta2/TOOLKIT/include  PGS_PC_bindFORTRAN.c -o /home/jsg/SIPS/eta2/TOOLKIT/obj/linux64/PC/PGS_PC_bindFORTRAN.o
/usr/bin/gcc  -c -O2 -DH5_USE_16_API -m64 -fPIC -pthread -s -m128bit-long-double -mcmodel=large -mlarge-data-threshold=90000000 -DLINUX64 -Df2cFortran -DHDF4_NETCDF_HAVE_SD -DLINUX64  -I/home/jsg/SIPS/eta2/TOOLKIT/include  PGS_PC_GetFileSize.c -o /home/jsg/SIPS/eta2/TOOLKIT/obj/linux64/PC/PGS_PC_GetFileSize.o

Updating /home/jsg/SIPS/eta2/TOOLKIT/lib/linux64/libPGSTK.a...

Building group: PC to PGS Toolkit library
Copying files ...

cp PGS_PC_AdvanceArea.o tmp/PCAdvanceArea
cp PGS_PC_AdvanceToLoc.o tmp/PCdvanceToLoc
cp PGS_PC_bindFORTRAN.o tmp/PCbindFORTRAN
cp PGS_PC_BuildAttribute.o tmp/PCldAttribute
cp PGS_PC_BuildFileShm.o tmp/PCuildFileShm
cp PGS_PC_BuildNumericInput.o tmp/PCumericInput
cp PGS_PC_CalcArrayIndex.o tmp/PCcArrayIndex
cp PGS_PC_CheckFlags.o tmp/PCCheckFlags.
cp PGS_PC_DeleteFileShm.o tmp/PCleteFileShm
cp PGS_PC_FindDefaultLocLine.o tmp/PCaultLocLine
cp PGS_PC_FixBuffer.o tmp/PCFixBuffer.o
cp PGS_PC_GenUniqueID.o tmp/PCGenUniqueID
cp PGS_PC_GetConfigData.o tmp/PCtConfigData
cp PGS_PC_GetDataFromShm.o tmp/PCDataFromShm
cp PGS_PC_GetFileAttr.o tmp/PCGetFileAttr
cp PGS_PC_GetFileByAttrF.o tmp/PCFileByAttrF
cp PGS_PC_GetFileByAttr.o tmp/PCtFileByAttr
cp PGS_PC_GetFileFromShm.o tmp/PCFileFromShm
cp PGS_PC_GetFileName.o tmp/PCGetFileName
cp PGS_PC_GetFileSize.o tmp/PCGetFileSize
cp PGS_PC_GetIndex.o tmp/PCGetIndex.o
cp PGS_PC_GetNumberOfFiles.o tmp/PCmberOfFiles
cp PGS_PC_GetPCEnv.o tmp/PCGetPCEnv.o
cp PGS_PC_GetPCFTemp.o tmp/PCGetPCFTemp.
cp PGS_PC_GetPCSData.o tmp/PCGetPCSData.
cp PGS_PC_GetReference.o tmp/PCetReference
cp PGS_PC_GetReferenceType.o tmp/PCferenceType
cp PGS_PC_GetRequest.o tmp/PCGetRequest.
cp PGS_PC_GetUniversalRef.o tmp/PCniversalRef
cp PGS_PC_InsertCheck.o tmp/PCInsertCheck
cp PGS_PC_LocateEntry.o tmp/PCLocateEntry
cp PGS_PC_MarkAtTerm.o tmp/PCMarkAtTerm.
cp PGS_PC_MarkRuntimeAscii.o tmp/PCuntimeAscii
cp PGS_PC_MarkRuntimeShm.o tmp/PCkRuntimeShm
cp PGS_PC_MultiRuntimes.o tmp/PCltiRuntimes
cp PGS_PC_OneMarkRuntime.o tmp/PCMarkRuntime
cp PGS_PC_OpenFiles.o tmp/PCOpenFiles.o
cp PGS_PC_OpenPCSFile.o tmp/PCOpenPCSFile
cp PGS_PC_PutDataInShm.o tmp/PCutDataInShm
cp PGS_PC_PutInArea.o tmp/PCPutInArea.o
cp PGS_PC_PutPCSData.o tmp/PCPutPCSData.
cp PGS_PC_RetrieveData.o tmp/PCetrieveData
cp PGS_PC_SearchShm.o tmp/PCSearchShm.o
cp PGS_PC_SkipCheck.o tmp/PCSkipCheck.o
cp PGS_PC_WriteNewToShm.o tmp/PCiteNewToShm

Adding PC files to library ...
Cleaning up PC...


Done.

    
        Making all in SMF
    
    Makefile for group: SMF; Target: all
/usr/bin/gcc  -c -O2 -DH5_USE_16_API -m64 -fPIC -pthread -s -m128bit-long-double -mcmodel=large -mlarge-data-threshold=90000000 -DLINUX64 -Df2cFortran -DHDF4_NETCDF_HAVE_SD -DLINUX64   -I/home/jsg/SIPS/eta2/TOOLKIT/include  PGS_SMF.c -o /home/jsg/SIPS/eta2/TOOLKIT/obj/linux64/SMF/PGS_SMF.o
PGS_SMF.c: In function ‘PGS_SMF_Begin’:
PGS_SMF.c:547:59: warning: cast from pointer to integer of different size [-Wpointer-to-int-cast]
     returnStatus = PGS_SMF_LoggingControl(PGSd_QUERY_ALL, (PGSt_SMF_code) NULL);
                                                           ^
PGS_SMF.c: In function ‘PGS_SMF_End’:
PGS_SMF.c:1855:60: warning: cast from pointer to integer of different size [-Wpointer-to-int-cast]
     loggingStatus = PGS_SMF_LoggingControl(PGSd_QUERY_ALL, (PGSt_SMF_code) NULL);
                                                            ^
PGS_SMF.c: In function ‘PGS_SMF_WriteBanner’:
PGS_SMF.c:8319:60: warning: cast from pointer to integer of different size [-Wpointer-to-int-cast]
     loggingStatus = PGS_SMF_LoggingControl(PGSd_QUERY_ALL, (PGSt_SMF_code) NULL);
                                                            ^
PGS_SMF.c:8357:24: warning: cast from pointer to integer of different size [-Wpointer-to-int-cast]
     if (*pid_string != (char) NULL)
                        ^
PGS_SMF.c:8496:20: warning: cast from pointer to integer of different size [-Wpointer-to-int-cast]
  while (*chrPtr != (char) NULL)
                    ^
PGS_SMF.c:8550:40: warning: cast from pointer to integer of different size [-Wpointer-to-int-cast]
      returnStatus = PGS_SMF_DecodeCode((int) NULL, next_item,
                                        ^
/usr/bin/gcc  -c -O2 -DH5_USE_16_API -m64 -fPIC -pthread -s -m128bit-long-double -mcmodel=large -mlarge-data-threshold=90000000 -DLINUX64 -Df2cFortran -DHDF4_NETCDF_HAVE_SD -DLINUX64  -I/home/jsg/SIPS/eta2/TOOLKIT/include  PGS_SMF1.c -o /home/jsg/SIPS/eta2/TOOLKIT/obj/linux64/SMF/PGS_SMF1.o
/usr/bin/gcc  -c -O2 -DH5_USE_16_API -m64 -fPIC -pthread -s -m128bit-long-double -mcmodel=large -mlarge-data-threshold=90000000 -DLINUX64 -Df2cFortran -DHDF4_NETCDF_HAVE_SD -DLINUX64  -I/home/jsg/SIPS/eta2/TOOLKIT/include  PGS_SMF_CacheMsgDynm.c -o /home/jsg/SIPS/eta2/TOOLKIT/obj/linux64/SMF/PGS_SMF_CacheMsgDynm.o
/usr/bin/gcc  -c -O2 -DH5_USE_16_API -m64 -fPIC -pthread -s -m128bit-long-double -mcmodel=large -mlarge-data-threshold=90000000 -DLINUX64 -Df2cFortran -DHDF4_NETCDF_HAVE_SD -DLINUX64  -I/home/jsg/SIPS/eta2/TOOLKIT/include  PGS_SMF_Comm.c -o /home/jsg/SIPS/eta2/TOOLKIT/obj/linux64/SMF/PGS_SMF_Comm.o
/usr/bin/gcc  -c -O2 -DH5_USE_16_API -m64 -fPIC -pthread -s -m128bit-long-double -mcmodel=large -mlarge-data-threshold=90000000 -DLINUX64 -Df2cFortran -DHDF4_NETCDF_HAVE_SD -DLINUX64  -I/home/jsg/SIPS/eta2/TOOLKIT/include  PGS_SMF_GetToolkitVersion.c -o /home/jsg/SIPS/eta2/TOOLKIT/obj/linux64/SMF/PGS_SMF_GetToolkitVersion.o
/usr/bin/gcc  -c -O2 -DH5_USE_16_API -m64 -fPIC -pthread -s -m128bit-long-double -mcmodel=large -mlarge-data-threshold=90000000 -DLINUX64 -Df2cFortran -DHDF4_NETCDF_HAVE_SD -DLINUX64  -I/home/jsg/SIPS/eta2/TOOLKIT/include  PGS_SMF_InitializeLogging.c -o /home/jsg/SIPS/eta2/TOOLKIT/obj/linux64/SMF/PGS_SMF_InitializeLogging.o
PGS_SMF_InitializeLogging.c: In function ‘PGS_SMF_InitializeLogging’:
PGS_SMF_InitializeLogging.c:225:47: warning: cast from pointer to integer of different size [-Wpointer-to-int-cast]
      PGS_SMF_LoggingControl(PGSd_DISABLE_ALL, (int) NULL);
                                               ^
PGS_SMF_InitializeLogging.c:400:20: warning: cast from pointer to integer of different size [-Wpointer-to-int-cast]
  while (*chrPtr != (char) NULL)
                    ^
PGS_SMF_InitializeLogging.c:439:40: warning: cast from pointer to integer of different size [-Wpointer-to-int-cast]
      returnStatus = PGS_SMF_DecodeCode((int) NULL, next_item,
                                        ^
/usr/bin/gcc  -c -O2 -DH5_USE_16_API -m64 -fPIC -pthread -s -m128bit-long-double -mcmodel=large -mlarge-data-threshold=90000000 -DLINUX64 -Df2cFortran -DHDF4_NETCDF_HAVE_SD -DLINUX64  -I/home/jsg/SIPS/eta2/TOOLKIT/include  PGS_SMF_LogPID.c -o /home/jsg/SIPS/eta2/TOOLKIT/obj/linux64/SMF/PGS_SMF_LogPID.o
/usr/bin/gcc  -c -O2 -DH5_USE_16_API -m64 -fPIC -pthread -s -m128bit-long-double -mcmodel=large -mlarge-data-threshold=90000000 -DLINUX64 -Df2cFortran -DHDF4_NETCDF_HAVE_SD -DLINUX64  -I/home/jsg/SIPS/eta2/TOOLKIT/include  PGS_SMF_LoggingControl.c -o /home/jsg/SIPS/eta2/TOOLKIT/obj/linux64/SMF/PGS_SMF_LoggingControl.o
PGS_SMF_LoggingControl.c: In function ‘PGS_SMF_LoggingControl’:
PGS_SMF_LoggingControl.c:407:26: warning: passing argument 4 of ‘PGS_SMF_ManageLogControlList’ makes integer from pointer without a cast [-Wint-conversion]
          PGSd_FREE_LIST, NULL);
                          ^~~~
In file included from PGS_SMF_LoggingControl.c:158:
/home/jsg/SIPS/eta2/TOOLKIT/include/PGS_SMF.h:672:10: note: expected ‘PGSt_SMF_status’ {aka ‘int’} but argument is of type ‘void *’
          PGSt_SMF_status);
          ^~~~~~~~~~~~~~~
PGS_SMF_LoggingControl.c:409:26: warning: passing argument 4 of ‘PGS_SMF_ManageLogControlList’ makes integer from pointer without a cast [-Wint-conversion]
          PGSd_FREE_LIST, NULL);
                          ^~~~
In file included from PGS_SMF_LoggingControl.c:158:
/home/jsg/SIPS/eta2/TOOLKIT/include/PGS_SMF.h:672:10: note: expected ‘PGSt_SMF_status’ {aka ‘int’} but argument is of type ‘void *’
          PGSt_SMF_status);
          ^~~~~~~~~~~~~~~
PGS_SMF_LoggingControl.c:411:26: warning: passing argument 4 of ‘PGS_SMF_ManageLogControlList’ makes integer from pointer without a cast [-Wint-conversion]
          PGSd_FREE_LIST, NULL);
                          ^~~~
In file included from PGS_SMF_LoggingControl.c:158:
/home/jsg/SIPS/eta2/TOOLKIT/include/PGS_SMF.h:672:10: note: expected ‘PGSt_SMF_status’ {aka ‘int’} but argument is of type ‘void *’
          PGSt_SMF_status);
          ^~~~~~~~~~~~~~~
/usr/bin/gcc  -c -O2 -DH5_USE_16_API -m64 -fPIC -pthread -s -m128bit-long-double -mcmodel=large -mlarge-data-threshold=90000000 -DLINUX64 -Df2cFortran -DHDF4_NETCDF_HAVE_SD -DLINUX64  -I/home/jsg/SIPS/eta2/TOOLKIT/include  PGS_SMF_ManageLogControlList.c -o /home/jsg/SIPS/eta2/TOOLKIT/obj/linux64/SMF/PGS_SMF_ManageLogControlList.o
/usr/bin/gcc  -c -O2 -DH5_USE_16_API -m64 -fPIC -pthread -s -m128bit-long-double -mcmodel=large -mlarge-data-threshold=90000000 -DLINUX64 -Df2cFortran -DHDF4_NETCDF_HAVE_SD -DLINUX64  -I/home/jsg/SIPS/eta2/TOOLKIT/include  PGS_SMF_SendRuntimeData.c -o /home/jsg/SIPS/eta2/TOOLKIT/obj/linux64/SMF/PGS_SMF_SendRuntimeData.o
/usr/bin/gcc  -c -O2 -DH5_USE_16_API -m64 -fPIC -pthread -s -m128bit-long-double -mcmodel=large -mlarge-data-threshold=90000000 -DLINUX64 -Df2cFortran -DHDF4_NETCDF_HAVE_SD -DLINUX64  -I/home/jsg/SIPS/eta2/TOOLKIT/include  PGS_SMF_SendStatusReport.c -o /home/jsg/SIPS/eta2/TOOLKIT/obj/linux64/SMF/PGS_SMF_SendStatusReport.o
/usr/bin/gcc  -c -O2 -DH5_USE_16_API -m64 -fPIC -pthread -s -m128bit-long-double -mcmodel=large -mlarge-data-threshold=90000000 -DLINUX64 -Df2cFortran -DHDF4_NETCDF_HAVE_SD -DLINUX64  -I/home/jsg/SIPS/eta2/TOOLKIT/include  PGS_SMF_TraceControl.c -o /home/jsg/SIPS/eta2/TOOLKIT/obj/linux64/SMF/PGS_SMF_TraceControl.o
/usr/bin/gcc  -c -O2 -DH5_USE_16_API -m64 -fPIC -pthread -s -m128bit-long-double -mcmodel=large -mlarge-data-threshold=90000000 -DLINUX64 -Df2cFortran -DHDF4_NETCDF_HAVE_SD -DLINUX64  -I/home/jsg/SIPS/eta2/TOOLKIT/include  PGS_SMF_bindFORTRAN.c -o /home/jsg/SIPS/eta2/TOOLKIT/obj/linux64/SMF/PGS_SMF_bindFORTRAN.o

Updating /home/jsg/SIPS/eta2/TOOLKIT/lib/linux64/libPGSTK.a...

Building group: SMF to PGS Toolkit library
Copying files ...

cp PGS_SMF1.o tmp/SMFSMF1.o
cp PGS_SMF_bindFORTRAN.o tmp/SMFbindFORTRAN
cp PGS_SMF_CacheMsgDynm.o tmp/SMFacheMsgDynm
cp PGS_SMF_Comm.o tmp/SMFComm.o
cp PGS_SMF_GetToolkitVersion.o tmp/SMFlkitVersion
cp PGS_SMF_InitializeLogging.o tmp/SMFlizeLogging
cp PGS_SMF_LoggingControl.o tmp/SMFgingControl
cp PGS_SMF_LogPID.o tmp/SMFLogPID.o
cp PGS_SMF_ManageLogControlList.o tmp/SMFControlList
cp PGS_SMF.o tmp/SMFSMF.o
cp PGS_SMF_SendRuntimeData.o tmp/SMFRuntimeData
cp PGS_SMF_SendStatusReport.o tmp/SMFtatusReport
cp PGS_SMF_TraceControl.o tmp/SMFraceControl

Adding SMF files to library ...
Cleaning up SMF...


Done.

    
        Making all in TD
    
    Makefile for group: TD; Target: all
/usr/bin/gcc  -c -O2 -DH5_USE_16_API -m64 -fPIC -pthread -s -m128bit-long-double -mcmodel=large -mlarge-data-threshold=90000000 -DLINUX64 -Df2cFortran -DHDF4_NETCDF_HAVE_SD -DLINUX64  -I/home/jsg/SIPS/eta2/TOOLKIT/include   PGS_TD_ADEOSIItoTAI.c -o /home/jsg/SIPS/eta2/TOOLKIT/obj/linux64/TD/PGS_TD_ADEOSIItoTAI.o
/usr/bin/gcc  -c -O2 -DH5_USE_16_API -m64 -fPIC -pthread -s -m128bit-long-double -mcmodel=large -mlarge-data-threshold=90000000 -DLINUX64 -Df2cFortran -DHDF4_NETCDF_HAVE_SD -DLINUX64  -I/home/jsg/SIPS/eta2/TOOLKIT/include   PGS_TD_ADEOSIItoUTC.c -o /home/jsg/SIPS/eta2/TOOLKIT/obj/linux64/TD/PGS_TD_ADEOSIItoUTC.o
/usr/bin/gcc  -c -O2 -DH5_USE_16_API -m64 -fPIC -pthread -s -m128bit-long-double -mcmodel=large -mlarge-data-threshold=90000000 -DLINUX64 -Df2cFortran -DHDF4_NETCDF_HAVE_SD -DLINUX64  -I/home/jsg/SIPS/eta2/TOOLKIT/include   PGS_TD_ASCIItime_AtoB.c -o /home/jsg/SIPS/eta2/TOOLKIT/obj/linux64/TD/PGS_TD_ASCIItime_AtoB.o
/usr/bin/gcc  -c -O2 -DH5_USE_16_API -m64 -fPIC -pthread -s -m128bit-long-double -mcmodel=large -mlarge-data-threshold=90000000 -DLINUX64 -Df2cFortran -DHDF4_NETCDF_HAVE_SD -DLINUX64  -I/home/jsg/SIPS/eta2/TOOLKIT/include   PGS_TD_ASCIItime_BtoA.c -o /home/jsg/SIPS/eta2/TOOLKIT/obj/linux64/TD/PGS_TD_ASCIItime_BtoA.o
/usr/bin/gcc  -c -O2 -DH5_USE_16_API -m64 -fPIC -pthread -s -m128bit-long-double -mcmodel=large -mlarge-data-threshold=90000000 -DLINUX64 -Df2cFortran -DHDF4_NETCDF_HAVE_SD -DLINUX64  -I/home/jsg/SIPS/eta2/TOOLKIT/include   PGS_TD_EOSAMtoTAI.c -o /home/jsg/SIPS/eta2/TOOLKIT/obj/linux64/TD/PGS_TD_EOSAMtoTAI.o
/usr/bin/gcc  -c -O2 -DH5_USE_16_API -m64 -fPIC -pthread -s -m128bit-long-double -mcmodel=large -mlarge-data-threshold=90000000 -DLINUX64 -Df2cFortran -DHDF4_NETCDF_HAVE_SD -DLINUX64  -I/home/jsg/SIPS/eta2/TOOLKIT/include   PGS_TD_EOSAMtoUTC.c -o /home/jsg/SIPS/eta2/TOOLKIT/obj/linux64/TD/PGS_TD_EOSAMtoUTC.o
/usr/bin/gcc  -c -O2 -DH5_USE_16_API -m64 -fPIC -pthread -s -m128bit-long-double -mcmodel=large -mlarge-data-threshold=90000000 -DLINUX64 -Df2cFortran -DHDF4_NETCDF_HAVE_SD -DLINUX64  -I/home/jsg/SIPS/eta2/TOOLKIT/include   PGS_TD_EOSPMtoTAI.c -o /home/jsg/SIPS/eta2/TOOLKIT/obj/linux64/TD/PGS_TD_EOSPMtoTAI.o
/usr/bin/gcc  -c -O2 -DH5_USE_16_API -m64 -fPIC -pthread -s -m128bit-long-double -mcmodel=large -mlarge-data-threshold=90000000 -DLINUX64 -Df2cFortran -DHDF4_NETCDF_HAVE_SD -DLINUX64  -I/home/jsg/SIPS/eta2/TOOLKIT/include   PGS_TD_EOSPMGIIStoTAI.c -o /home/jsg/SIPS/eta2/TOOLKIT/obj/linux64/TD/PGS_TD_EOSPMGIIStoTAI.o
/usr/bin/gcc  -c -O2 -DH5_USE_16_API -m64 -fPIC -pthread -s -m128bit-long-double -mcmodel=large -mlarge-data-threshold=90000000 -DLINUX64 -Df2cFortran -DHDF4_NETCDF_HAVE_SD -DLINUX64  -I/home/jsg/SIPS/eta2/TOOLKIT/include   PGS_TD_EOSPMGIRDtoTAI.c -o /home/jsg/SIPS/eta2/TOOLKIT/obj/linux64/TD/PGS_TD_EOSPMGIRDtoTAI.o
/usr/bin/gcc  -c -O2 -DH5_USE_16_API -m64 -fPIC -pthread -s -m128bit-long-double -mcmodel=large -mlarge-data-threshold=90000000 -DLINUX64 -Df2cFortran -DHDF4_NETCDF_HAVE_SD -DLINUX64  -I/home/jsg/SIPS/eta2/TOOLKIT/include   PGS_TD_EOSPMtoUTC.c -o /home/jsg/SIPS/eta2/TOOLKIT/obj/linux64/TD/PGS_TD_EOSPMtoUTC.o
/usr/bin/gcc  -c -O2 -DH5_USE_16_API -m64 -fPIC -pthread -s -m128bit-long-double -mcmodel=large -mlarge-data-threshold=90000000 -DLINUX64 -Df2cFortran -DHDF4_NETCDF_HAVE_SD -DLINUX64  -I/home/jsg/SIPS/eta2/TOOLKIT/include   PGS_TD_EOSPMGIIStoUTC.c -o /home/jsg/SIPS/eta2/TOOLKIT/obj/linux64/TD/PGS_TD_EOSPMGIIStoUTC.o
/usr/bin/gcc  -c -O2 -DH5_USE_16_API -m64 -fPIC -pthread -s -m128bit-long-double -mcmodel=large -mlarge-data-threshold=90000000 -DLINUX64 -Df2cFortran -DHDF4_NETCDF_HAVE_SD -DLINUX64  -I/home/jsg/SIPS/eta2/TOOLKIT/include   PGS_TD_EOSPMGIRDtoUTC.c -o /home/jsg/SIPS/eta2/TOOLKIT/obj/linux64/TD/PGS_TD_EOSPMGIRDtoUTC.o
/usr/bin/gcc  -c -O2 -DH5_USE_16_API -m64 -fPIC -pthread -s -m128bit-long-double -mcmodel=large -mlarge-data-threshold=90000000 -DLINUX64 -Df2cFortran -DHDF4_NETCDF_HAVE_SD -DLINUX64  -I/home/jsg/SIPS/eta2/TOOLKIT/include   PGS_TD_EOSAURAGIIStoTAI.c -o /home/jsg/SIPS/eta2/TOOLKIT/obj/linux64/TD/PGS_TD_EOSAURAGIIStoTAI.o
/usr/bin/gcc  -c -O2 -DH5_USE_16_API -m64 -fPIC -pthread -s -m128bit-long-double -mcmodel=large -mlarge-data-threshold=90000000 -DLINUX64 -Df2cFortran -DHDF4_NETCDF_HAVE_SD -DLINUX64  -I/home/jsg/SIPS/eta2/TOOLKIT/include   PGS_TD_EOSAURAGIRDtoTAI.c -o /home/jsg/SIPS/eta2/TOOLKIT/obj/linux64/TD/PGS_TD_EOSAURAGIRDtoTAI.o
/usr/bin/gcc  -c -O2 -DH5_USE_16_API -m64 -fPIC -pthread -s -m128bit-long-double -mcmodel=large -mlarge-data-threshold=90000000 -DLINUX64 -Df2cFortran -DHDF4_NETCDF_HAVE_SD -DLINUX64  -I/home/jsg/SIPS/eta2/TOOLKIT/include   PGS_TD_EOSAURAtoUTC.c -o /home/jsg/SIPS/eta2/TOOLKIT/obj/linux64/TD/PGS_TD_EOSAURAtoUTC.o
/usr/bin/gcc  -c -O2 -DH5_USE_16_API -m64 -fPIC -pthread -s -m128bit-long-double -mcmodel=large -mlarge-data-threshold=90000000 -DLINUX64 -Df2cFortran -DHDF4_NETCDF_HAVE_SD -DLINUX64  -I/home/jsg/SIPS/eta2/TOOLKIT/include   PGS_TD_FGDCtoUTC.c -o /home/jsg/SIPS/eta2/TOOLKIT/obj/linux64/TD/PGS_TD_FGDCtoUTC.o
/usr/bin/gcc  -c -O2 -DH5_USE_16_API -m64 -fPIC -pthread -s -m128bit-long-double -mcmodel=large -mlarge-data-threshold=90000000 -DLINUX64 -Df2cFortran -DHDF4_NETCDF_HAVE_SD -DLINUX64  -I/home/jsg/SIPS/eta2/TOOLKIT/include   PGS_TD_GPStoUTC.c -o /home/jsg/SIPS/eta2/TOOLKIT/obj/linux64/TD/PGS_TD_GPStoUTC.o
/usr/bin/gcc  -c -O2 -DH5_USE_16_API -m64 -fPIC -pthread -s -m128bit-long-double -mcmodel=large -mlarge-data-threshold=90000000 -DLINUX64 -Df2cFortran -DHDF4_NETCDF_HAVE_SD -DLINUX64  -I/home/jsg/SIPS/eta2/TOOLKIT/include   PGS_TD_ISOinttoTAI.c -o /home/jsg/SIPS/eta2/TOOLKIT/obj/linux64/TD/PGS_TD_ISOinttoTAI.o
/usr/bin/gcc  -c -O2 -DH5_USE_16_API -m64 -fPIC -pthread -s -m128bit-long-double -mcmodel=large -mlarge-data-threshold=90000000 -DLINUX64 -Df2cFortran -DHDF4_NETCDF_HAVE_SD -DLINUX64  -I/home/jsg/SIPS/eta2/TOOLKIT/include   PGS_TD_ISOinttoUTCjd.c -o /home/jsg/SIPS/eta2/TOOLKIT/obj/linux64/TD/PGS_TD_ISOinttoUTCjd.o
/usr/bin/gcc  -c -O2 -DH5_USE_16_API -m64 -fPIC -pthread -s -m128bit-long-double -mcmodel=large -mlarge-data-threshold=90000000 -DLINUX64 -Df2cFortran -DHDF4_NETCDF_HAVE_SD -DLINUX64  -I/home/jsg/SIPS/eta2/TOOLKIT/include   PGS_TD_JDtoMJD.c -o /home/jsg/SIPS/eta2/TOOLKIT/obj/linux64/TD/PGS_TD_JDtoMJD.o
/usr/bin/gcc  -c -O2 -DH5_USE_16_API -m64 -fPIC -pthread -s -m128bit-long-double -mcmodel=large -mlarge-data-threshold=90000000 -DLINUX64 -Df2cFortran -DHDF4_NETCDF_HAVE_SD -DLINUX64  -I/home/jsg/SIPS/eta2/TOOLKIT/include   PGS_TD_JDtoTJD.c -o /home/jsg/SIPS/eta2/TOOLKIT/obj/linux64/TD/PGS_TD_JDtoTJD.o
/usr/bin/gcc  -c -O2 -DH5_USE_16_API -m64 -fPIC -pthread -s -m128bit-long-double -mcmodel=large -mlarge-data-threshold=90000000 -DLINUX64 -Df2cFortran -DHDF4_NETCDF_HAVE_SD -DLINUX64  -I/home/jsg/SIPS/eta2/TOOLKIT/include   PGS_TD_JulianDateSplit.c -o /home/jsg/SIPS/eta2/TOOLKIT/obj/linux64/TD/PGS_TD_JulianDateSplit.o
/usr/bin/gcc  -c -O2 -DH5_USE_16_API -m64 -fPIC -pthread -s -m128bit-long-double -mcmodel=large -mlarge-data-threshold=90000000 -DLINUX64 -Df2cFortran -DHDF4_NETCDF_HAVE_SD -DLINUX64  -I/home/jsg/SIPS/eta2/TOOLKIT/include   PGS_TD_LeapSec.c -o /home/jsg/SIPS/eta2/TOOLKIT/obj/linux64/TD/PGS_TD_LeapSec.o
/usr/bin/gcc  -c -O2 -DH5_USE_16_API -m64 -fPIC -pthread -s -m128bit-long-double -mcmodel=large -mlarge-data-threshold=90000000 -DLINUX64 -Df2cFortran -DHDF4_NETCDF_HAVE_SD -DLINUX64  -I/home/jsg/SIPS/eta2/TOOLKIT/include   PGS_TD_MJDtoJD.c -o /home/jsg/SIPS/eta2/TOOLKIT/obj/linux64/TD/PGS_TD_MJDtoJD.o
/usr/bin/gcc  -c -O2 -DH5_USE_16_API -m64 -fPIC -pthread -s -m128bit-long-double -mcmodel=large -mlarge-data-threshold=90000000 -DLINUX64 -Df2cFortran -DHDF4_NETCDF_HAVE_SD -DLINUX64  -I/home/jsg/SIPS/eta2/TOOLKIT/include   PGS_TD_ManageTMDF.c -o /home/jsg/SIPS/eta2/TOOLKIT/obj/linux64/TD/PGS_TD_ManageTMDF.o
/usr/bin/gcc  -c -O2 -DH5_USE_16_API -m64 -fPIC -pthread -s -m128bit-long-double -mcmodel=large -mlarge-data-threshold=90000000 -DLINUX64 -Df2cFortran -DHDF4_NETCDF_HAVE_SD -DLINUX64  -I/home/jsg/SIPS/eta2/TOOLKIT/include   PGS_TD_ManageUTCF.c -o /home/jsg/SIPS/eta2/TOOLKIT/obj/linux64/TD/PGS_TD_ManageUTCF.o
/usr/bin/gcc  -c -O2 -DH5_USE_16_API -m64 -fPIC -pthread -s -m128bit-long-double -mcmodel=large -mlarge-data-threshold=90000000 -DLINUX64 -Df2cFortran -DHDF4_NETCDF_HAVE_SD -DLINUX64  -I/home/jsg/SIPS/eta2/TOOLKIT/include   PGS_TD_PB5CtoUTCjd.c -o /home/jsg/SIPS/eta2/TOOLKIT/obj/linux64/TD/PGS_TD_PB5CtoUTCjd.o
/usr/bin/gcc  -c -O2 -DH5_USE_16_API -m64 -fPIC -pthread -s -m128bit-long-double -mcmodel=large -mlarge-data-threshold=90000000 -DLINUX64 -Df2cFortran -DHDF4_NETCDF_HAVE_SD -DLINUX64  -I/home/jsg/SIPS/eta2/TOOLKIT/include   PGS_TD_PB5toTAI.c -o /home/jsg/SIPS/eta2/TOOLKIT/obj/linux64/TD/PGS_TD_PB5toTAI.o
/usr/bin/gcc  -c -O2 -DH5_USE_16_API -m64 -fPIC -pthread -s -m128bit-long-double -mcmodel=large -mlarge-data-threshold=90000000 -DLINUX64 -Df2cFortran -DHDF4_NETCDF_HAVE_SD -DLINUX64  -I/home/jsg/SIPS/eta2/TOOLKIT/include   PGS_TD_PB5toUTCjd.c -o /home/jsg/SIPS/eta2/TOOLKIT/obj/linux64/TD/PGS_TD_PB5toUTCjd.o
/usr/bin/gcc  -c -O2 -DH5_USE_16_API -m64 -fPIC -pthread -s -m128bit-long-double -mcmodel=large -mlarge-data-threshold=90000000 -DLINUX64 -Df2cFortran -DHDF4_NETCDF_HAVE_SD -DLINUX64  -I/home/jsg/SIPS/eta2/TOOLKIT/include   PGS_TD_SCtime_to_UTC.c -o /home/jsg/SIPS/eta2/TOOLKIT/obj/linux64/TD/PGS_TD_SCtime_to_UTC.o
/usr/bin/gcc  -c -O2 -DH5_USE_16_API -m64 -fPIC -pthread -s -m128bit-long-double -mcmodel=large -mlarge-data-threshold=90000000 -DLINUX64 -Df2cFortran -DHDF4_NETCDF_HAVE_SD -DLINUX64  -I/home/jsg/SIPS/eta2/TOOLKIT/include   PGS_TD_TAIjdtoTAI.c -o /home/jsg/SIPS/eta2/TOOLKIT/obj/linux64/TD/PGS_TD_TAIjdtoTAI.o
/usr/bin/gcc  -c -O2 -DH5_USE_16_API -m64 -fPIC -pthread -s -m128bit-long-double -mcmodel=large -mlarge-data-threshold=90000000 -DLINUX64 -Df2cFortran -DHDF4_NETCDF_HAVE_SD -DLINUX64  -I/home/jsg/SIPS/eta2/TOOLKIT/include   PGS_TD_TAIjdtoTDTjed.c -o /home/jsg/SIPS/eta2/TOOLKIT/obj/linux64/TD/PGS_TD_TAIjdtoTDTjed.o
/usr/bin/gcc  -c -O2 -DH5_USE_16_API -m64 -fPIC -pthread -s -m128bit-long-double -mcmodel=large -mlarge-data-threshold=90000000 -DLINUX64 -Df2cFortran -DHDF4_NETCDF_HAVE_SD -DLINUX64  -I/home/jsg/SIPS/eta2/TOOLKIT/include   PGS_TD_TAIjdtoUTCjd.c -o /home/jsg/SIPS/eta2/TOOLKIT/obj/linux64/TD/PGS_TD_TAIjdtoUTCjd.o
/usr/bin/gcc  -c -O2 -DH5_USE_16_API -m64 -fPIC -pthread -s -m128bit-long-double -mcmodel=large -mlarge-data-threshold=90000000 -DLINUX64 -Df2cFortran -DHDF4_NETCDF_HAVE_SD -DLINUX64  -I/home/jsg/SIPS/eta2/TOOLKIT/include   PGS_TD_TAItoGAST.c -o /home/jsg/SIPS/eta2/TOOLKIT/obj/linux64/TD/PGS_TD_TAItoGAST.o
/usr/bin/gcc  -c -O2 -DH5_USE_16_API -m64 -fPIC -pthread -s -m128bit-long-double -mcmodel=large -mlarge-data-threshold=90000000 -DLINUX64 -Df2cFortran -DHDF4_NETCDF_HAVE_SD -DLINUX64  -I/home/jsg/SIPS/eta2/TOOLKIT/include   PGS_TD_TAItoISOint.c -o /home/jsg/SIPS/eta2/TOOLKIT/obj/linux64/TD/PGS_TD_TAItoISOint.o
/usr/bin/gcc  -c -O2 -DH5_USE_16_API -m64 -fPIC -pthread -s -m128bit-long-double -mcmodel=large -mlarge-data-threshold=90000000 -DLINUX64 -Df2cFortran -DHDF4_NETCDF_HAVE_SD -DLINUX64  -I/home/jsg/SIPS/eta2/TOOLKIT/include   PGS_TD_TAItoTAIjd.c -o /home/jsg/SIPS/eta2/TOOLKIT/obj/linux64/TD/PGS_TD_TAItoTAIjd.o
/usr/bin/gcc  -c -O2 -DH5_USE_16_API -m64 -fPIC -pthread -s -m128bit-long-double -mcmodel=large -mlarge-data-threshold=90000000 -DLINUX64 -Df2cFortran -DHDF4_NETCDF_HAVE_SD -DLINUX64  -I/home/jsg/SIPS/eta2/TOOLKIT/include   PGS_TD_TAItoUDTF.c -o /home/jsg/SIPS/eta2/TOOLKIT/obj/linux64/TD/PGS_TD_TAItoUDTF.o
/usr/bin/gcc  -c -O2 -DH5_USE_16_API -m64 -fPIC -pthread -s -m128bit-long-double -mcmodel=large -mlarge-data-threshold=90000000 -DLINUX64 -Df2cFortran -DHDF4_NETCDF_HAVE_SD -DLINUX64  -I/home/jsg/SIPS/eta2/TOOLKIT/include   PGS_TD_TAItoUT1jd.c -o /home/jsg/SIPS/eta2/TOOLKIT/obj/linux64/TD/PGS_TD_TAItoUT1jd.o
/usr/bin/gcc  -c -O2 -DH5_USE_16_API -m64 -fPIC -pthread -s -m128bit-long-double -mcmodel=large -mlarge-data-threshold=90000000 -DLINUX64 -Df2cFortran -DHDF4_NETCDF_HAVE_SD -DLINUX64  -I/home/jsg/SIPS/eta2/TOOLKIT/include   PGS_TD_TAItoUT1pole.c -o /home/jsg/SIPS/eta2/TOOLKIT/obj/linux64/TD/PGS_TD_TAItoUT1pole.o
/usr/bin/gcc  -c -O2 -DH5_USE_16_API -m64 -fPIC -pthread -s -m128bit-long-double -mcmodel=large -mlarge-data-threshold=90000000 -DLINUX64 -Df2cFortran -DHDF4_NETCDF_HAVE_SD -DLINUX64  -I/home/jsg/SIPS/eta2/TOOLKIT/include   PGS_TD_TAItoUTC.c -o /home/jsg/SIPS/eta2/TOOLKIT/obj/linux64/TD/PGS_TD_TAItoUTC.o
/usr/bin/gcc  -c -O2 -DH5_USE_16_API -m64 -fPIC -pthread -s -m128bit-long-double -mcmodel=large -mlarge-data-threshold=90000000 -DLINUX64 -Df2cFortran -DHDF4_NETCDF_HAVE_SD -DLINUX64  -I/home/jsg/SIPS/eta2/TOOLKIT/include   PGS_TD_TAItoUTCjd.c -o /home/jsg/SIPS/eta2/TOOLKIT/obj/linux64/TD/PGS_TD_TAItoUTCjd.o
/usr/bin/gcc  -c -O2 -DH5_USE_16_API -m64 -fPIC -pthread -s -m128bit-long-double -mcmodel=large -mlarge-data-threshold=90000000 -DLINUX64 -Df2cFortran -DHDF4_NETCDF_HAVE_SD -DLINUX64  -I/home/jsg/SIPS/eta2/TOOLKIT/include   PGS_TD_TDBjedtoTDTjed.c -o /home/jsg/SIPS/eta2/TOOLKIT/obj/linux64/TD/PGS_TD_TDBjedtoTDTjed.o
/usr/bin/gcc  -c -O2 -DH5_USE_16_API -m64 -fPIC -pthread -s -m128bit-long-double -mcmodel=large -mlarge-data-threshold=90000000 -DLINUX64 -Df2cFortran -DHDF4_NETCDF_HAVE_SD -DLINUX64  -I/home/jsg/SIPS/eta2/TOOLKIT/include   PGS_TD_TDTjedtoTAIjd.c -o /home/jsg/SIPS/eta2/TOOLKIT/obj/linux64/TD/PGS_TD_TDTjedtoTAIjd.o
/usr/bin/gcc  -c -O2 -DH5_USE_16_API -m64 -fPIC -pthread -s -m128bit-long-double -mcmodel=large -mlarge-data-threshold=90000000 -DLINUX64 -Df2cFortran -DHDF4_NETCDF_HAVE_SD -DLINUX64  -I/home/jsg/SIPS/eta2/TOOLKIT/include   PGS_TD_TDTjedtoTDBjed.c -o /home/jsg/SIPS/eta2/TOOLKIT/obj/linux64/TD/PGS_TD_TDTjedtoTDBjed.o
/usr/bin/gcc  -c -O2 -DH5_USE_16_API -m64 -fPIC -pthread -s -m128bit-long-double -mcmodel=large -mlarge-data-threshold=90000000 -DLINUX64 -Df2cFortran -DHDF4_NETCDF_HAVE_SD -DLINUX64  -I/home/jsg/SIPS/eta2/TOOLKIT/include   PGS_TD_TJDtoJD.c -o /home/jsg/SIPS/eta2/TOOLKIT/obj/linux64/TD/PGS_TD_TJDtoJD.o
/usr/bin/gcc  -c -O2 -DH5_USE_16_API -m64 -fPIC -pthread -s -m128bit-long-double -mcmodel=large -mlarge-data-threshold=90000000 -DLINUX64 -Df2cFortran -DHDF4_NETCDF_HAVE_SD -DLINUX64  -I/home/jsg/SIPS/eta2/TOOLKIT/include   PGS_TD_TRMMtoTAI.c -o /home/jsg/SIPS/eta2/TOOLKIT/obj/linux64/TD/PGS_TD_TRMMtoTAI.o
/usr/bin/gcc  -c -O2 -DH5_USE_16_API -m64 -fPIC -pthread -s -m128bit-long-double -mcmodel=large -mlarge-data-threshold=90000000 -DLINUX64 -Df2cFortran -DHDF4_NETCDF_HAVE_SD -DLINUX64  -I/home/jsg/SIPS/eta2/TOOLKIT/include   PGS_TD_TRMMtoUTC.c -o /home/jsg/SIPS/eta2/TOOLKIT/obj/linux64/TD/PGS_TD_TRMMtoUTC.o
/usr/bin/gcc  -c -O2 -DH5_USE_16_API -m64 -fPIC -pthread -s -m128bit-long-double -mcmodel=large -mlarge-data-threshold=90000000 -DLINUX64 -Df2cFortran -DHDF4_NETCDF_HAVE_SD -DLINUX64  -I/home/jsg/SIPS/eta2/TOOLKIT/include   PGS_TD_TimeInterval.c -o /home/jsg/SIPS/eta2/TOOLKIT/obj/linux64/TD/PGS_TD_TimeInterval.o
/usr/bin/gcc  -c -O2 -DH5_USE_16_API -m64 -fPIC -pthread -s -m128bit-long-double -mcmodel=large -mlarge-data-threshold=90000000 -DLINUX64 -Df2cFortran -DHDF4_NETCDF_HAVE_SD -DLINUX64  -I/home/jsg/SIPS/eta2/TOOLKIT/include   PGS_TD_UDTFtoTAI.c -o /home/jsg/SIPS/eta2/TOOLKIT/obj/linux64/TD/PGS_TD_UDTFtoTAI.o
/usr/bin/gcc  -c -O2 -DH5_USE_16_API -m64 -fPIC -pthread -s -m128bit-long-double -mcmodel=large -mlarge-data-threshold=90000000 -DLINUX64 -Df2cFortran -DHDF4_NETCDF_HAVE_SD -DLINUX64  -I/home/jsg/SIPS/eta2/TOOLKIT/include   PGS_TD_UDTFtoUTCjd.c -o /home/jsg/SIPS/eta2/TOOLKIT/obj/linux64/TD/PGS_TD_UDTFtoUTCjd.o
/usr/bin/gcc  -c -O2 -DH5_USE_16_API -m64 -fPIC -pthread -s -m128bit-long-double -mcmodel=large -mlarge-data-threshold=90000000 -DLINUX64 -Df2cFortran -DHDF4_NETCDF_HAVE_SD -DLINUX64  -I/home/jsg/SIPS/eta2/TOOLKIT/include   PGS_TD_UT1jdtoUTCjd.c -o /home/jsg/SIPS/eta2/TOOLKIT/obj/linux64/TD/PGS_TD_UT1jdtoUTCjd.o
/usr/bin/gcc  -c -O2 -DH5_USE_16_API -m64 -fPIC -pthread -s -m128bit-long-double -mcmodel=large -mlarge-data-threshold=90000000 -DLINUX64 -Df2cFortran -DHDF4_NETCDF_HAVE_SD -DLINUX64  -I/home/jsg/SIPS/eta2/TOOLKIT/include   PGS_TD_UTC_to_SCtime.c -o /home/jsg/SIPS/eta2/TOOLKIT/obj/linux64/TD/PGS_TD_UTC_to_SCtime.o
/usr/bin/gcc  -c -O2 -DH5_USE_16_API -m64 -fPIC -pthread -s -m128bit-long-double -mcmodel=large -mlarge-data-threshold=90000000 -DLINUX64 -Df2cFortran -DHDF4_NETCDF_HAVE_SD -DLINUX64  -I/home/jsg/SIPS/eta2/TOOLKIT/include   PGS_TD_UTCjdtoISOint.c -o /home/jsg/SIPS/eta2/TOOLKIT/obj/linux64/TD/PGS_TD_UTCjdtoISOint.o
/usr/bin/gcc  -c -O2 -DH5_USE_16_API -m64 -fPIC -pthread -s -m128bit-long-double -mcmodel=large -mlarge-data-threshold=90000000 -DLINUX64 -Df2cFortran -DHDF4_NETCDF_HAVE_SD -DLINUX64  -I/home/jsg/SIPS/eta2/TOOLKIT/include   PGS_TD_UTCjdtoPB5.c -o /home/jsg/SIPS/eta2/TOOLKIT/obj/linux64/TD/PGS_TD_UTCjdtoPB5.o
/usr/bin/gcc  -c -O2 -DH5_USE_16_API -m64 -fPIC -pthread -s -m128bit-long-double -mcmodel=large -mlarge-data-threshold=90000000 -DLINUX64 -Df2cFortran -DHDF4_NETCDF_HAVE_SD -DLINUX64  -I/home/jsg/SIPS/eta2/TOOLKIT/include   PGS_TD_UTCjdtoPB5C.c -o /home/jsg/SIPS/eta2/TOOLKIT/obj/linux64/TD/PGS_TD_UTCjdtoPB5C.o
/usr/bin/gcc  -c -O2 -DH5_USE_16_API -m64 -fPIC -pthread -s -m128bit-long-double -mcmodel=large -mlarge-data-threshold=90000000 -DLINUX64 -Df2cFortran -DHDF4_NETCDF_HAVE_SD -DLINUX64  -I/home/jsg/SIPS/eta2/TOOLKIT/include   PGS_TD_UTCjdtoTAIjd.c -o /home/jsg/SIPS/eta2/TOOLKIT/obj/linux64/TD/PGS_TD_UTCjdtoTAIjd.o
/usr/bin/gcc  -c -O2 -DH5_USE_16_API -m64 -fPIC -pthread -s -m128bit-long-double -mcmodel=large -mlarge-data-threshold=90000000 -DLINUX64 -Df2cFortran -DHDF4_NETCDF_HAVE_SD -DLINUX64  -I/home/jsg/SIPS/eta2/TOOLKIT/include   PGS_TD_UTCjdtoUDTF.c -o /home/jsg/SIPS/eta2/TOOLKIT/obj/linux64/TD/PGS_TD_UTCjdtoUDTF.o
/usr/bin/gcc  -c -O2 -DH5_USE_16_API -m64 -fPIC -pthread -s -m128bit-long-double -mcmodel=large -mlarge-data-threshold=90000000 -DLINUX64 -Df2cFortran -DHDF4_NETCDF_HAVE_SD -DLINUX64  -I/home/jsg/SIPS/eta2/TOOLKIT/include   PGS_TD_UTCjdtoUT1jd.c -o /home/jsg/SIPS/eta2/TOOLKIT/obj/linux64/TD/PGS_TD_UTCjdtoUT1jd.o
/usr/bin/gcc  -c -O2 -DH5_USE_16_API -m64 -fPIC -pthread -s -m128bit-long-double -mcmodel=large -mlarge-data-threshold=90000000 -DLINUX64 -Df2cFortran -DHDF4_NETCDF_HAVE_SD -DLINUX64  -I/home/jsg/SIPS/eta2/TOOLKIT/include   PGS_TD_UTCjdtoUTC.c -o /home/jsg/SIPS/eta2/TOOLKIT/obj/linux64/TD/PGS_TD_UTCjdtoUTC.o
/usr/bin/gcc  -c -O2 -DH5_USE_16_API -m64 -fPIC -pthread -s -m128bit-long-double -mcmodel=large -mlarge-data-threshold=90000000 -DLINUX64 -Df2cFortran -DHDF4_NETCDF_HAVE_SD -DLINUX64  -I/home/jsg/SIPS/eta2/TOOLKIT/include   PGS_TD_UTCtoADEOSII.c -o /home/jsg/SIPS/eta2/TOOLKIT/obj/linux64/TD/PGS_TD_UTCtoADEOSII.o
/usr/bin/gcc  -c -O2 -DH5_USE_16_API -m64 -fPIC -pthread -s -m128bit-long-double -mcmodel=large -mlarge-data-threshold=90000000 -DLINUX64 -Df2cFortran -DHDF4_NETCDF_HAVE_SD -DLINUX64  -I/home/jsg/SIPS/eta2/TOOLKIT/include   PGS_TD_UTCtoEOSAM.c -o /home/jsg/SIPS/eta2/TOOLKIT/obj/linux64/TD/PGS_TD_UTCtoEOSAM.o
/usr/bin/gcc  -c -O2 -DH5_USE_16_API -m64 -fPIC -pthread -s -m128bit-long-double -mcmodel=large -mlarge-data-threshold=90000000 -DLINUX64 -Df2cFortran -DHDF4_NETCDF_HAVE_SD -DLINUX64  -I/home/jsg/SIPS/eta2/TOOLKIT/include   PGS_TD_UTCtoEOSPM.c -o /home/jsg/SIPS/eta2/TOOLKIT/obj/linux64/TD/PGS_TD_UTCtoEOSPM.o
/usr/bin/gcc  -c -O2 -DH5_USE_16_API -m64 -fPIC -pthread -s -m128bit-long-double -mcmodel=large -mlarge-data-threshold=90000000 -DLINUX64 -Df2cFortran -DHDF4_NETCDF_HAVE_SD -DLINUX64  -I/home/jsg/SIPS/eta2/TOOLKIT/include   PGS_TD_UTCtoEOSPMGIIS.c -o /home/jsg/SIPS/eta2/TOOLKIT/obj/linux64/TD/PGS_TD_UTCtoEOSPMGIIS.o
/usr/bin/gcc  -c -O2 -DH5_USE_16_API -m64 -fPIC -pthread -s -m128bit-long-double -mcmodel=large -mlarge-data-threshold=90000000 -DLINUX64 -Df2cFortran -DHDF4_NETCDF_HAVE_SD -DLINUX64  -I/home/jsg/SIPS/eta2/TOOLKIT/include   PGS_TD_UTCtoEOSPMGIRD.c -o /home/jsg/SIPS/eta2/TOOLKIT/obj/linux64/TD/PGS_TD_UTCtoEOSPMGIRD.o
/usr/bin/gcc  -c -O2 -DH5_USE_16_API -m64 -fPIC -pthread -s -m128bit-long-double -mcmodel=large -mlarge-data-threshold=90000000 -DLINUX64 -Df2cFortran -DHDF4_NETCDF_HAVE_SD -DLINUX64  -I/home/jsg/SIPS/eta2/TOOLKIT/include   PGS_TD_UTCtoEOSAURAGIIS.c -o /home/jsg/SIPS/eta2/TOOLKIT/obj/linux64/TD/PGS_TD_UTCtoEOSAURAGIIS.o
/usr/bin/gcc  -c -O2 -DH5_USE_16_API -m64 -fPIC -pthread -s -m128bit-long-double -mcmodel=large -mlarge-data-threshold=90000000 -DLINUX64 -Df2cFortran -DHDF4_NETCDF_HAVE_SD -DLINUX64  -I/home/jsg/SIPS/eta2/TOOLKIT/include   PGS_TD_UTCtoEOSAURAGIRD.c -o /home/jsg/SIPS/eta2/TOOLKIT/obj/linux64/TD/PGS_TD_UTCtoEOSAURAGIRD.o
/usr/bin/gcc  -c -O2 -DH5_USE_16_API -m64 -fPIC -pthread -s -m128bit-long-double -mcmodel=large -mlarge-data-threshold=90000000 -DLINUX64 -Df2cFortran -DHDF4_NETCDF_HAVE_SD -DLINUX64  -I/home/jsg/SIPS/eta2/TOOLKIT/include   PGS_TD_UTCtoFGDC.c -o /home/jsg/SIPS/eta2/TOOLKIT/obj/linux64/TD/PGS_TD_UTCtoFGDC.o
/usr/bin/gcc  -c -O2 -DH5_USE_16_API -m64 -fPIC -pthread -s -m128bit-long-double -mcmodel=large -mlarge-data-threshold=90000000 -DLINUX64 -Df2cFortran -DHDF4_NETCDF_HAVE_SD -DLINUX64  -I/home/jsg/SIPS/eta2/TOOLKIT/include   PGS_TD_UTCtoGPS.c -o /home/jsg/SIPS/eta2/TOOLKIT/obj/linux64/TD/PGS_TD_UTCtoGPS.o
/usr/bin/gcc  -c -O2 -DH5_USE_16_API -m64 -fPIC -pthread -s -m128bit-long-double -mcmodel=large -mlarge-data-threshold=90000000 -DLINUX64 -Df2cFortran -DHDF4_NETCDF_HAVE_SD -DLINUX64  -I/home/jsg/SIPS/eta2/TOOLKIT/include   PGS_TD_UTCtoTAI.c -o /home/jsg/SIPS/eta2/TOOLKIT/obj/linux64/TD/PGS_TD_UTCtoTAI.o
/usr/bin/gcc  -c -O2 -DH5_USE_16_API -m64 -fPIC -pthread -s -m128bit-long-double -mcmodel=large -mlarge-data-threshold=90000000 -DLINUX64 -Df2cFortran -DHDF4_NETCDF_HAVE_SD -DLINUX64  -I/home/jsg/SIPS/eta2/TOOLKIT/include   PGS_TD_UTCtoTAIjd.c -o /home/jsg/SIPS/eta2/TOOLKIT/obj/linux64/TD/PGS_TD_UTCtoTAIjd.o
/usr/bin/gcc  -c -O2 -DH5_USE_16_API -m64 -fPIC -pthread -s -m128bit-long-double -mcmodel=large -mlarge-data-threshold=90000000 -DLINUX64 -Df2cFortran -DHDF4_NETCDF_HAVE_SD -DLINUX64  -I/home/jsg/SIPS/eta2/TOOLKIT/include   PGS_TD_UTCtoTDBjed.c -o /home/jsg/SIPS/eta2/TOOLKIT/obj/linux64/TD/PGS_TD_UTCtoTDBjed.o
/usr/bin/gcc  -c -O2 -DH5_USE_16_API -m64 -fPIC -pthread -s -m128bit-long-double -mcmodel=large -mlarge-data-threshold=90000000 -DLINUX64 -Df2cFortran -DHDF4_NETCDF_HAVE_SD -DLINUX64  -I/home/jsg/SIPS/eta2/TOOLKIT/include   PGS_TD_UTCtoTDTjed.c -o /home/jsg/SIPS/eta2/TOOLKIT/obj/linux64/TD/PGS_TD_UTCtoTDTjed.o
/usr/bin/gcc  -c -O2 -DH5_USE_16_API -m64 -fPIC -pthread -s -m128bit-long-double -mcmodel=large -mlarge-data-threshold=90000000 -DLINUX64 -Df2cFortran -DHDF4_NETCDF_HAVE_SD -DLINUX64  -I/home/jsg/SIPS/eta2/TOOLKIT/include   PGS_TD_UTCtoTRMM.c -o /home/jsg/SIPS/eta2/TOOLKIT/obj/linux64/TD/PGS_TD_UTCtoTRMM.o
/usr/bin/gcc  -c -O2 -DH5_USE_16_API -m64 -fPIC -pthread -s -m128bit-long-double -mcmodel=large -mlarge-data-threshold=90000000 -DLINUX64 -Df2cFortran -DHDF4_NETCDF_HAVE_SD -DLINUX64  -I/home/jsg/SIPS/eta2/TOOLKIT/include   PGS_TD_UTCtoUT1.c -o /home/jsg/SIPS/eta2/TOOLKIT/obj/linux64/TD/PGS_TD_UTCtoUT1.o
/usr/bin/gcc  -c -O2 -DH5_USE_16_API -m64 -fPIC -pthread -s -m128bit-long-double -mcmodel=large -mlarge-data-threshold=90000000 -DLINUX64 -Df2cFortran -DHDF4_NETCDF_HAVE_SD -DLINUX64  -I/home/jsg/SIPS/eta2/TOOLKIT/include   PGS_TD_UTCtoUT1jd.c -o /home/jsg/SIPS/eta2/TOOLKIT/obj/linux64/TD/PGS_TD_UTCtoUT1jd.o
/usr/bin/gcc  -c -O2 -DH5_USE_16_API -m64 -fPIC -pthread -s -m128bit-long-double -mcmodel=large -mlarge-data-threshold=90000000 -DLINUX64 -Df2cFortran -DHDF4_NETCDF_HAVE_SD -DLINUX64  -I/home/jsg/SIPS/eta2/TOOLKIT/include   PGS_TD_UTCtoUTCjd.c -o /home/jsg/SIPS/eta2/TOOLKIT/obj/linux64/TD/PGS_TD_UTCtoUTCjd.o
/usr/bin/gcc  -c -O2 -DH5_USE_16_API -m64 -fPIC -pthread -s -m128bit-long-double -mcmodel=large -mlarge-data-threshold=90000000 -DLINUX64 -Df2cFortran -DHDF4_NETCDF_HAVE_SD -DLINUX64  -I/home/jsg/SIPS/eta2/TOOLKIT/include   PGS_TD_bindFORTRAN.c -o /home/jsg/SIPS/eta2/TOOLKIT/obj/linux64/TD/PGS_TD_bindFORTRAN.o
/usr/bin/gcc  -c -O2 -DH5_USE_16_API -m64 -fPIC -pthread -s -m128bit-long-double -mcmodel=large -mlarge-data-threshold=90000000 -DLINUX64 -Df2cFortran -DHDF4_NETCDF_HAVE_SD -DLINUX64  -I/home/jsg/SIPS/eta2/TOOLKIT/include   PGS_TD_calday.c -o /home/jsg/SIPS/eta2/TOOLKIT/obj/linux64/TD/PGS_TD_calday.o
/usr/bin/gcc  -c -O2 -DH5_USE_16_API -m64 -fPIC -pthread -s -m128bit-long-double -mcmodel=large -mlarge-data-threshold=90000000 -DLINUX64 -Df2cFortran -DHDF4_NETCDF_HAVE_SD -DLINUX64  -I/home/jsg/SIPS/eta2/TOOLKIT/include   PGS_TD_gast.c -o /home/jsg/SIPS/eta2/TOOLKIT/obj/linux64/TD/PGS_TD_gast.o
/usr/bin/gcc  -c -O2 -DH5_USE_16_API -m64 -fPIC -pthread -s -m128bit-long-double -mcmodel=large -mlarge-data-threshold=90000000 -DLINUX64 -Df2cFortran -DHDF4_NETCDF_HAVE_SD -DLINUX64  -I/home/jsg/SIPS/eta2/TOOLKIT/include   PGS_TD_gmst.c -o /home/jsg/SIPS/eta2/TOOLKIT/obj/linux64/TD/PGS_TD_gmst.o
/usr/bin/gcc  -c -O2 -DH5_USE_16_API -m64 -fPIC -pthread -s -m128bit-long-double -mcmodel=large -mlarge-data-threshold=90000000 -DLINUX64 -Df2cFortran -DHDF4_NETCDF_HAVE_SD -DLINUX64  -I/home/jsg/SIPS/eta2/TOOLKIT/include   PGS_TD_julday.c -o /home/jsg/SIPS/eta2/TOOLKIT/obj/linux64/TD/PGS_TD_julday.o
/usr/bin/gcc  -c -O2 -DH5_USE_16_API -m64 -fPIC -pthread -s -m128bit-long-double -mcmodel=large -mlarge-data-threshold=90000000 -DLINUX64 -Df2cFortran -DHDF4_NETCDF_HAVE_SD -DLINUX64  -I/home/jsg/SIPS/eta2/TOOLKIT/include   PGS_TD_sortArrayIndices.c -o /home/jsg/SIPS/eta2/TOOLKIT/obj/linux64/TD/PGS_TD_sortArrayIndices.o
/usr/bin/gcc  -c -O2 -DH5_USE_16_API -m64 -fPIC -pthread -s -m128bit-long-double -mcmodel=large -mlarge-data-threshold=90000000 -DLINUX64 -Df2cFortran -DHDF4_NETCDF_HAVE_SD -DLINUX64  -I/home/jsg/SIPS/eta2/TOOLKIT/include   PGS_TD_timeCheck.c -o /home/jsg/SIPS/eta2/TOOLKIT/obj/linux64/TD/PGS_TD_timeCheck.o

Updating /home/jsg/SIPS/eta2/TOOLKIT/lib/linux64/libPGSTK.a...

Building group: TD to PGS Toolkit library
Copying files ...

cp PGS_TD_ADEOSIItoTAI.o tmp/TDDEOSIItoTAI
cp PGS_TD_ADEOSIItoUTC.o tmp/TDDEOSIItoUTC
cp PGS_TD_ASCIItime_AtoB.o tmp/TDIItime_AtoB
cp PGS_TD_ASCIItime_BtoA.o tmp/TDIItime_BtoA
cp PGS_TD_bindFORTRAN.o tmp/TDbindFORTRAN
cp PGS_TD_calday.o tmp/TDcalday.o
cp PGS_TD_EOSAMtoTAI.o tmp/TDEOSAMtoTAI.
cp PGS_TD_EOSAMtoUTC.o tmp/TDEOSAMtoUTC.
cp PGS_TD_EOSAURAGIIStoTAI.o tmp/TDRAGIIStoTAI
cp PGS_TD_EOSAURAGIRDtoTAI.o tmp/TDRAGIRDtoTAI
cp PGS_TD_EOSAURAtoUTC.o tmp/TDOSAURAtoUTC
cp PGS_TD_EOSPMGIIStoTAI.o tmp/TDPMGIIStoTAI
cp PGS_TD_EOSPMGIIStoUTC.o tmp/TDPMGIIStoUTC
cp PGS_TD_EOSPMGIRDtoTAI.o tmp/TDPMGIRDtoTAI
cp PGS_TD_EOSPMGIRDtoUTC.o tmp/TDPMGIRDtoUTC
cp PGS_TD_EOSPMtoTAI.o tmp/TDEOSPMtoTAI.
cp PGS_TD_EOSPMtoUTC.o tmp/TDEOSPMtoUTC.
cp PGS_TD_FGDCtoUTC.o tmp/TDFGDCtoUTC.o
cp PGS_TD_gast.o tmp/TDgast.o
cp PGS_TD_gmst.o tmp/TDgmst.o
cp PGS_TD_GPStoUTC.o tmp/TDGPStoUTC.o
cp PGS_TD_ISOinttoTAI.o tmp/TDISOinttoTAI
cp PGS_TD_ISOinttoUTCjd.o tmp/TDOinttoUTCjd
cp PGS_TD_JDtoMJD.o tmp/TDJDtoMJD.o
cp PGS_TD_JDtoTJD.o tmp/TDJDtoTJD.o
cp PGS_TD_julday.o tmp/TDjulday.o
cp PGS_TD_JulianDateSplit.o tmp/TDanDateSplit
cp PGS_TD_LeapSec.o tmp/TDLeapSec.o
cp PGS_TD_ManageTMDF.o tmp/TDManageTMDF.
cp PGS_TD_ManageUTCF.o tmp/TDManageUTCF.
cp PGS_TD_MJDtoJD.o tmp/TDMJDtoJD.o
cp PGS_TD_PB5CtoUTCjd.o tmp/TDPB5CtoUTCjd
cp PGS_TD_PB5toTAI.o tmp/TDPB5toTAI.o
cp PGS_TD_PB5toUTCjd.o tmp/TDPB5toUTCjd.
cp PGS_TD_SCtime_to_UTC.o tmp/TDtime_to_UTC
cp PGS_TD_sortArrayIndices.o tmp/TDrrayIndices
cp PGS_TD_TAIjdtoTAI.o tmp/TDTAIjdtoTAI.
cp PGS_TD_TAIjdtoTDTjed.o tmp/TDIjdtoTDTjed
cp PGS_TD_TAIjdtoUTCjd.o tmp/TDAIjdtoUTCjd
cp PGS_TD_TAItoGAST.o tmp/TDTAItoGAST.o
cp PGS_TD_TAItoISOint.o tmp/TDTAItoISOint
cp PGS_TD_TAItoTAIjd.o tmp/TDTAItoTAIjd.
cp PGS_TD_TAItoUDTF.o tmp/TDTAItoUDTF.o
cp PGS_TD_TAItoUT1jd.o tmp/TDTAItoUT1jd.
cp PGS_TD_TAItoUT1pole.o tmp/TDAItoUT1pole
cp PGS_TD_TAItoUTCjd.o tmp/TDTAItoUTCjd.
cp PGS_TD_TAItoUTC.o tmp/TDTAItoUTC.o
cp PGS_TD_TDBjedtoTDTjed.o tmp/TDjedtoTDTjed
cp PGS_TD_TDTjedtoTAIjd.o tmp/TDTjedtoTAIjd
cp PGS_TD_TDTjedtoTDBjed.o tmp/TDjedtoTDBjed
cp PGS_TD_timeCheck.o tmp/TDtimeCheck.o
cp PGS_TD_TimeInterval.o tmp/TDimeInterval
cp PGS_TD_TJDtoJD.o tmp/TDTJDtoJD.o
cp PGS_TD_TRMMtoTAI.o tmp/TDTRMMtoTAI.o
cp PGS_TD_TRMMtoUTC.o tmp/TDTRMMtoUTC.o
cp PGS_TD_UDTFtoTAI.o tmp/TDUDTFtoTAI.o
cp PGS_TD_UDTFtoUTCjd.o tmp/TDUDTFtoUTCjd
cp PGS_TD_UT1jdtoUTCjd.o tmp/TDT1jdtoUTCjd
cp PGS_TD_UTCjdtoISOint.o tmp/TDCjdtoISOint
cp PGS_TD_UTCjdtoPB5C.o tmp/TDUTCjdtoPB5C
cp PGS_TD_UTCjdtoPB5.o tmp/TDUTCjdtoPB5.
cp PGS_TD_UTCjdtoTAIjd.o tmp/TDTCjdtoTAIjd
cp PGS_TD_UTCjdtoUDTF.o tmp/TDUTCjdtoUDTF
cp PGS_TD_UTCjdtoUT1jd.o tmp/TDTCjdtoUT1jd
cp PGS_TD_UTCjdtoUTC.o tmp/TDUTCjdtoUTC.
cp PGS_TD_UTCtoADEOSII.o tmp/TDTCtoADEOSII
cp PGS_TD_UTCtoEOSAM.o tmp/TDUTCtoEOSAM.
cp PGS_TD_UTCtoEOSAURAGIIS.o tmp/TDEOSAURAGIIS
cp PGS_TD_UTCtoEOSAURAGIRD.o tmp/TDEOSAURAGIRD
cp PGS_TD_UTCtoEOSPMGIIS.o tmp/TDtoEOSPMGIIS
cp PGS_TD_UTCtoEOSPMGIRD.o tmp/TDtoEOSPMGIRD
cp PGS_TD_UTCtoEOSPM.o tmp/TDUTCtoEOSPM.
cp PGS_TD_UTCtoFGDC.o tmp/TDUTCtoFGDC.o
cp PGS_TD_UTCtoGPS.o tmp/TDUTCtoGPS.o
cp PGS_TD_UTC_to_SCtime.o tmp/TDC_to_SCtime
cp PGS_TD_UTCtoTAIjd.o tmp/TDUTCtoTAIjd.
cp PGS_TD_UTCtoTAI.o tmp/TDUTCtoTAI.o
cp PGS_TD_UTCtoTDBjed.o tmp/TDUTCtoTDBjed
cp PGS_TD_UTCtoTDTjed.o tmp/TDUTCtoTDTjed
cp PGS_TD_UTCtoTRMM.o tmp/TDUTCtoTRMM.o
cp PGS_TD_UTCtoUT1jd.o tmp/TDUTCtoUT1jd.
cp PGS_TD_UTCtoUT1.o tmp/TDUTCtoUT1.o
cp PGS_TD_UTCtoUTCjd.o tmp/TDUTCtoUTCjd.

Adding TD files to library ...
Cleaning up TD...


Done.

    
        Making all in XML
    
    Makefile for group: XML; Target: all

Making `all' in ./xml
make[1]: Entering directory '/home/jsg/SIPS/eta2/TOOLKIT/src/XML/xml'
Compiling on LINUX64.  NOTE: FLAG added.
make[2]: Entering directory '/home/jsg/SIPS/eta2/TOOLKIT/src/XML/xml'
/usr/bin/gcc  -c -DLINUX64 -O2 -DH5_USE_16_API -m64 -fPIC -pthread -s -m128bit-long-double -mcmodel=large -mlarge-data-threshold=90000000 -DLINUX64 -Df2cFortran -DHDF4_NETCDF_HAVE_SD -O -DSUN_UNIX -I.  -I/home/jsg/SIPS/eta2/TOOLKIT/include -I/home/jsg/SIPS/eta2/TOOLKIT/include/libxml SAX.c -o /home/jsg/SIPS/eta2/TOOLKIT/obj/linux64/XML/SAX.o
/usr/bin/gcc  -c -DLINUX64 -O2 -DH5_USE_16_API -m64 -fPIC -pthread -s -m128bit-long-double -mcmodel=large -mlarge-data-threshold=90000000 -DLINUX64 -Df2cFortran -DHDF4_NETCDF_HAVE_SD -O -DSUN_UNIX -I.  -I/home/jsg/SIPS/eta2/TOOLKIT/include -I/home/jsg/SIPS/eta2/TOOLKIT/include/libxml entities.c -o /home/jsg/SIPS/eta2/TOOLKIT/obj/linux64/XML/entities.o
/usr/bin/gcc  -c -DLINUX64 -O2 -DH5_USE_16_API -m64 -fPIC -pthread -s -m128bit-long-double -mcmodel=large -mlarge-data-threshold=90000000 -DLINUX64 -Df2cFortran -DHDF4_NETCDF_HAVE_SD -O -DSUN_UNIX -I.  -I/home/jsg/SIPS/eta2/TOOLKIT/include -I/home/jsg/SIPS/eta2/TOOLKIT/include/libxml encoding.c -o /home/jsg/SIPS/eta2/TOOLKIT/obj/linux64/XML/encoding.o
/usr/bin/gcc  -c -DLINUX64 -O2 -DH5_USE_16_API -m64 -fPIC -pthread -s -m128bit-long-double -mcmodel=large -mlarge-data-threshold=90000000 -DLINUX64 -Df2cFortran -DHDF4_NETCDF_HAVE_SD -O -DSUN_UNIX -I.  -I/home/jsg/SIPS/eta2/TOOLKIT/include -I/home/jsg/SIPS/eta2/TOOLKIT/include/libxml error.c -o /home/jsg/SIPS/eta2/TOOLKIT/obj/linux64/XML/error.o
/usr/bin/gcc  -c -DLINUX64 -O2 -DH5_USE_16_API -m64 -fPIC -pthread -s -m128bit-long-double -mcmodel=large -mlarge-data-threshold=90000000 -DLINUX64 -Df2cFortran -DHDF4_NETCDF_HAVE_SD -O -DSUN_UNIX -I.  -I/home/jsg/SIPS/eta2/TOOLKIT/include -I/home/jsg/SIPS/eta2/TOOLKIT/include/libxml parserInternals.c -o /home/jsg/SIPS/eta2/TOOLKIT/obj/linux64/XML/parserInternals.o
/usr/bin/gcc  -c -DLINUX64 -O2 -DH5_USE_16_API -m64 -fPIC -pthread -s -m128bit-long-double -mcmodel=large -mlarge-data-threshold=90000000 -DLINUX64 -Df2cFortran -DHDF4_NETCDF_HAVE_SD -O -DSUN_UNIX -I.  -I/home/jsg/SIPS/eta2/TOOLKIT/include -I/home/jsg/SIPS/eta2/TOOLKIT/include/libxml parser.c -o /home/jsg/SIPS/eta2/TOOLKIT/obj/linux64/XML/parser.o
/usr/bin/gcc  -c -DLINUX64 -O2 -DH5_USE_16_API -m64 -fPIC -pthread -s -m128bit-long-double -mcmodel=large -mlarge-data-threshold=90000000 -DLINUX64 -Df2cFortran -DHDF4_NETCDF_HAVE_SD -O -DSUN_UNIX -I.  -I/home/jsg/SIPS/eta2/TOOLKIT/include -I/home/jsg/SIPS/eta2/TOOLKIT/include/libxml tree.c -o /home/jsg/SIPS/eta2/TOOLKIT/obj/linux64/XML/tree.o
/usr/bin/gcc  -c -DLINUX64 -O2 -DH5_USE_16_API -m64 -fPIC -pthread -s -m128bit-long-double -mcmodel=large -mlarge-data-threshold=90000000 -DLINUX64 -Df2cFortran -DHDF4_NETCDF_HAVE_SD -O -DSUN_UNIX -I.  -I/home/jsg/SIPS/eta2/TOOLKIT/include -I/home/jsg/SIPS/eta2/TOOLKIT/include/libxml hash.c -o /home/jsg/SIPS/eta2/TOOLKIT/obj/linux64/XML/hash.o
/usr/bin/gcc  -c -DLINUX64 -O2 -DH5_USE_16_API -m64 -fPIC -pthread -s -m128bit-long-double -mcmodel=large -mlarge-data-threshold=90000000 -DLINUX64 -Df2cFortran -DHDF4_NETCDF_HAVE_SD -O -DSUN_UNIX -I.  -I/home/jsg/SIPS/eta2/TOOLKIT/include -I/home/jsg/SIPS/eta2/TOOLKIT/include/libxml list.c -o /home/jsg/SIPS/eta2/TOOLKIT/obj/linux64/XML/list.o
/usr/bin/gcc  -c -DLINUX64 -O2 -DH5_USE_16_API -m64 -fPIC -pthread -s -m128bit-long-double -mcmodel=large -mlarge-data-threshold=90000000 -DLINUX64 -Df2cFortran -DHDF4_NETCDF_HAVE_SD -O -DSUN_UNIX -I.  -I/home/jsg/SIPS/eta2/TOOLKIT/include -I/home/jsg/SIPS/eta2/TOOLKIT/include/libxml xmlIO.c -o /home/jsg/SIPS/eta2/TOOLKIT/obj/linux64/XML/xmlIO.o
/usr/bin/gcc  -c -DLINUX64 -O2 -DH5_USE_16_API -m64 -fPIC -pthread -s -m128bit-long-double -mcmodel=large -mlarge-data-threshold=90000000 -DLINUX64 -Df2cFortran -DHDF4_NETCDF_HAVE_SD -O -DSUN_UNIX -I.  -I/home/jsg/SIPS/eta2/TOOLKIT/include -I/home/jsg/SIPS/eta2/TOOLKIT/include/libxml xmlmemory.c -o /home/jsg/SIPS/eta2/TOOLKIT/obj/linux64/XML/xmlmemory.o
/usr/bin/gcc  -c -DLINUX64 -O2 -DH5_USE_16_API -m64 -fPIC -pthread -s -m128bit-long-double -mcmodel=large -mlarge-data-threshold=90000000 -DLINUX64 -Df2cFortran -DHDF4_NETCDF_HAVE_SD -O -DSUN_UNIX -I.  -I/home/jsg/SIPS/eta2/TOOLKIT/include -I/home/jsg/SIPS/eta2/TOOLKIT/include/libxml uri.c -o /home/jsg/SIPS/eta2/TOOLKIT/obj/linux64/XML/uri.o
/usr/bin/gcc  -c -DLINUX64 -O2 -DH5_USE_16_API -m64 -fPIC -pthread -s -m128bit-long-double -mcmodel=large -mlarge-data-threshold=90000000 -DLINUX64 -Df2cFortran -DHDF4_NETCDF_HAVE_SD -O -DSUN_UNIX -I.  -I/home/jsg/SIPS/eta2/TOOLKIT/include -I/home/jsg/SIPS/eta2/TOOLKIT/include/libxml valid.c -o /home/jsg/SIPS/eta2/TOOLKIT/obj/linux64/XML/valid.o
/usr/bin/gcc  -c -DLINUX64 -O2 -DH5_USE_16_API -m64 -fPIC -pthread -s -m128bit-long-double -mcmodel=large -mlarge-data-threshold=90000000 -DLINUX64 -Df2cFortran -DHDF4_NETCDF_HAVE_SD -O -DSUN_UNIX -I.  -I/home/jsg/SIPS/eta2/TOOLKIT/include -I/home/jsg/SIPS/eta2/TOOLKIT/include/libxml xlink.c -o /home/jsg/SIPS/eta2/TOOLKIT/obj/linux64/XML/xlink.o
/usr/bin/gcc  -c -DLINUX64 -O2 -DH5_USE_16_API -m64 -fPIC -pthread -s -m128bit-long-double -mcmodel=large -mlarge-data-threshold=90000000 -DLINUX64 -Df2cFortran -DHDF4_NETCDF_HAVE_SD -O -DSUN_UNIX -I.  -I/home/jsg/SIPS/eta2/TOOLKIT/include -I/home/jsg/SIPS/eta2/TOOLKIT/include/libxml HTMLparser.c -o /home/jsg/SIPS/eta2/TOOLKIT/obj/linux64/XML/HTMLparser.o
/usr/bin/gcc  -c -DLINUX64 -O2 -DH5_USE_16_API -m64 -fPIC -pthread -s -m128bit-long-double -mcmodel=large -mlarge-data-threshold=90000000 -DLINUX64 -Df2cFortran -DHDF4_NETCDF_HAVE_SD -O -DSUN_UNIX -I.  -I/home/jsg/SIPS/eta2/TOOLKIT/include -I/home/jsg/SIPS/eta2/TOOLKIT/include/libxml HTMLtree.c -o /home/jsg/SIPS/eta2/TOOLKIT/obj/linux64/XML/HTMLtree.o
/usr/bin/gcc  -c -DLINUX64 -O2 -DH5_USE_16_API -m64 -fPIC -pthread -s -m128bit-long-double -mcmodel=large -mlarge-data-threshold=90000000 -DLINUX64 -Df2cFortran -DHDF4_NETCDF_HAVE_SD -O -DSUN_UNIX -I.  -I/home/jsg/SIPS/eta2/TOOLKIT/include -I/home/jsg/SIPS/eta2/TOOLKIT/include/libxml debugXML.c -o /home/jsg/SIPS/eta2/TOOLKIT/obj/linux64/XML/debugXML.o
/usr/bin/gcc  -c -DLINUX64 -O2 -DH5_USE_16_API -m64 -fPIC -pthread -s -m128bit-long-double -mcmodel=large -mlarge-data-threshold=90000000 -DLINUX64 -Df2cFortran -DHDF4_NETCDF_HAVE_SD -O -DSUN_UNIX -I.  -I/home/jsg/SIPS/eta2/TOOLKIT/include -I/home/jsg/SIPS/eta2/TOOLKIT/include/libxml xpath.c -o /home/jsg/SIPS/eta2/TOOLKIT/obj/linux64/XML/xpath.o
/usr/bin/gcc  -c -DLINUX64 -O2 -DH5_USE_16_API -m64 -fPIC -pthread -s -m128bit-long-double -mcmodel=large -mlarge-data-threshold=90000000 -DLINUX64 -Df2cFortran -DHDF4_NETCDF_HAVE_SD -O -DSUN_UNIX -I.  -I/home/jsg/SIPS/eta2/TOOLKIT/include -I/home/jsg/SIPS/eta2/TOOLKIT/include/libxml xpointer.c -o /home/jsg/SIPS/eta2/TOOLKIT/obj/linux64/XML/xpointer.o
/usr/bin/gcc  -c -DLINUX64 -O2 -DH5_USE_16_API -m64 -fPIC -pthread -s -m128bit-long-double -mcmodel=large -mlarge-data-threshold=90000000 -DLINUX64 -Df2cFortran -DHDF4_NETCDF_HAVE_SD -O -DSUN_UNIX -I.  -I/home/jsg/SIPS/eta2/TOOLKIT/include -I/home/jsg/SIPS/eta2/TOOLKIT/include/libxml xinclude.c -o /home/jsg/SIPS/eta2/TOOLKIT/obj/linux64/XML/xinclude.o
/usr/bin/gcc  -c -DLINUX64 -O2 -DH5_USE_16_API -m64 -fPIC -pthread -s -m128bit-long-double -mcmodel=large -mlarge-data-threshold=90000000 -DLINUX64 -Df2cFortran -DHDF4_NETCDF_HAVE_SD -O -DSUN_UNIX -I.  -I/home/jsg/SIPS/eta2/TOOLKIT/include -I/home/jsg/SIPS/eta2/TOOLKIT/include/libxml nanohttp.c -o /home/jsg/SIPS/eta2/TOOLKIT/obj/linux64/XML/nanohttp.o
/usr/bin/gcc  -c -DLINUX64 -O2 -DH5_USE_16_API -m64 -fPIC -pthread -s -m128bit-long-double -mcmodel=large -mlarge-data-threshold=90000000 -DLINUX64 -Df2cFortran -DHDF4_NETCDF_HAVE_SD -O -DSUN_UNIX -I.  -I/home/jsg/SIPS/eta2/TOOLKIT/include -I/home/jsg/SIPS/eta2/TOOLKIT/include/libxml nanoftp.c -o /home/jsg/SIPS/eta2/TOOLKIT/obj/linux64/XML/nanoftp.o
/usr/bin/gcc  -c -DLINUX64 -O2 -DH5_USE_16_API -m64 -fPIC -pthread -s -m128bit-long-double -mcmodel=large -mlarge-data-threshold=90000000 -DLINUX64 -Df2cFortran -DHDF4_NETCDF_HAVE_SD -O -DSUN_UNIX -I.  -I/home/jsg/SIPS/eta2/TOOLKIT/include -I/home/jsg/SIPS/eta2/TOOLKIT/include/libxml DOCBparser.c -o /home/jsg/SIPS/eta2/TOOLKIT/obj/linux64/XML/DOCBparser.o
/usr/bin/gcc  -c -DLINUX64 -O2 -DH5_USE_16_API -m64 -fPIC -pthread -s -m128bit-long-double -mcmodel=large -mlarge-data-threshold=90000000 -DLINUX64 -Df2cFortran -DHDF4_NETCDF_HAVE_SD -O -DSUN_UNIX -I.  -I/home/jsg/SIPS/eta2/TOOLKIT/include -I/home/jsg/SIPS/eta2/TOOLKIT/include/libxml catalog.c -o /home/jsg/SIPS/eta2/TOOLKIT/obj/linux64/XML/catalog.o
/usr/bin/gcc  -c -DLINUX64 -O2 -DH5_USE_16_API -m64 -fPIC -pthread -s -m128bit-long-double -mcmodel=large -mlarge-data-threshold=90000000 -DLINUX64 -Df2cFortran -DHDF4_NETCDF_HAVE_SD -O -DSUN_UNIX -I.  -I/home/jsg/SIPS/eta2/TOOLKIT/include -I/home/jsg/SIPS/eta2/TOOLKIT/include/libxml globals.c -o /home/jsg/SIPS/eta2/TOOLKIT/obj/linux64/XML/globals.o
/usr/bin/gcc  -c -DLINUX64 -O2 -DH5_USE_16_API -m64 -fPIC -pthread -s -m128bit-long-double -mcmodel=large -mlarge-data-threshold=90000000 -DLINUX64 -Df2cFortran -DHDF4_NETCDF_HAVE_SD -O -DSUN_UNIX -I.  -I/home/jsg/SIPS/eta2/TOOLKIT/include -I/home/jsg/SIPS/eta2/TOOLKIT/include/libxml threads.c -o /home/jsg/SIPS/eta2/TOOLKIT/obj/linux64/XML/threads.o
/usr/bin/gcc  -c -DLINUX64 -O2 -DH5_USE_16_API -m64 -fPIC -pthread -s -m128bit-long-double -mcmodel=large -mlarge-data-threshold=90000000 -DLINUX64 -Df2cFortran -DHDF4_NETCDF_HAVE_SD -O -DSUN_UNIX -I.  -I/home/jsg/SIPS/eta2/TOOLKIT/include -I/home/jsg/SIPS/eta2/TOOLKIT/include/libxml c14n.c -o /home/jsg/SIPS/eta2/TOOLKIT/obj/linux64/XML/c14n.o
/usr/bin/gcc  -c -DLINUX64 -O2 -DH5_USE_16_API -m64 -fPIC -pthread -s -m128bit-long-double -mcmodel=large -mlarge-data-threshold=90000000 -DLINUX64 -Df2cFortran -DHDF4_NETCDF_HAVE_SD -O -DSUN_UNIX -I.  -I/home/jsg/SIPS/eta2/TOOLKIT/include -I/home/jsg/SIPS/eta2/TOOLKIT/include/libxml xmlstring.c -o /home/jsg/SIPS/eta2/TOOLKIT/obj/linux64/XML/xmlstring.o
/usr/bin/gcc  -c -DLINUX64 -O2 -DH5_USE_16_API -m64 -fPIC -pthread -s -m128bit-long-double -mcmodel=large -mlarge-data-threshold=90000000 -DLINUX64 -Df2cFortran -DHDF4_NETCDF_HAVE_SD -O -DSUN_UNIX -I.  -I/home/jsg/SIPS/eta2/TOOLKIT/include -I/home/jsg/SIPS/eta2/TOOLKIT/include/libxml xmlregexp.c -o /home/jsg/SIPS/eta2/TOOLKIT/obj/linux64/XML/xmlregexp.o
/usr/bin/gcc  -c -DLINUX64 -O2 -DH5_USE_16_API -m64 -fPIC -pthread -s -m128bit-long-double -mcmodel=large -mlarge-data-threshold=90000000 -DLINUX64 -Df2cFortran -DHDF4_NETCDF_HAVE_SD -O -DSUN_UNIX -I.  -I/home/jsg/SIPS/eta2/TOOLKIT/include -I/home/jsg/SIPS/eta2/TOOLKIT/include/libxml xmlschemas.c -o /home/jsg/SIPS/eta2/TOOLKIT/obj/linux64/XML/xmlschemas.o
/usr/bin/gcc  -c -DLINUX64 -O2 -DH5_USE_16_API -m64 -fPIC -pthread -s -m128bit-long-double -mcmodel=large -mlarge-data-threshold=90000000 -DLINUX64 -Df2cFortran -DHDF4_NETCDF_HAVE_SD -O -DSUN_UNIX -I.  -I/home/jsg/SIPS/eta2/TOOLKIT/include -I/home/jsg/SIPS/eta2/TOOLKIT/include/libxml xmlschemastypes.c -o /home/jsg/SIPS/eta2/TOOLKIT/obj/linux64/XML/xmlschemastypes.o
/usr/bin/gcc  -c -DLINUX64 -O2 -DH5_USE_16_API -m64 -fPIC -pthread -s -m128bit-long-double -mcmodel=large -mlarge-data-threshold=90000000 -DLINUX64 -Df2cFortran -DHDF4_NETCDF_HAVE_SD -O -DSUN_UNIX -I.  -I/home/jsg/SIPS/eta2/TOOLKIT/include -I/home/jsg/SIPS/eta2/TOOLKIT/include/libxml xmlunicode.c -o /home/jsg/SIPS/eta2/TOOLKIT/obj/linux64/XML/xmlunicode.o
/usr/bin/gcc  -c -DLINUX64 -O2 -DH5_USE_16_API -m64 -fPIC -pthread -s -m128bit-long-double -mcmodel=large -mlarge-data-threshold=90000000 -DLINUX64 -Df2cFortran -DHDF4_NETCDF_HAVE_SD -O -DSUN_UNIX -I.  -I/home/jsg/SIPS/eta2/TOOLKIT/include -I/home/jsg/SIPS/eta2/TOOLKIT/include/libxml xmlreader.c -o /home/jsg/SIPS/eta2/TOOLKIT/obj/linux64/XML/xmlreader.o
/usr/bin/gcc  -c -DLINUX64 -O2 -DH5_USE_16_API -m64 -fPIC -pthread -s -m128bit-long-double -mcmodel=large -mlarge-data-threshold=90000000 -DLINUX64 -Df2cFortran -DHDF4_NETCDF_HAVE_SD -O -DSUN_UNIX -I.  -I/home/jsg/SIPS/eta2/TOOLKIT/include -I/home/jsg/SIPS/eta2/TOOLKIT/include/libxml relaxng.c -o /home/jsg/SIPS/eta2/TOOLKIT/obj/linux64/XML/relaxng.o
/usr/bin/gcc  -c -DLINUX64 -O2 -DH5_USE_16_API -m64 -fPIC -pthread -s -m128bit-long-double -mcmodel=large -mlarge-data-threshold=90000000 -DLINUX64 -Df2cFortran -DHDF4_NETCDF_HAVE_SD -O -DSUN_UNIX -I.  -I/home/jsg/SIPS/eta2/TOOLKIT/include -I/home/jsg/SIPS/eta2/TOOLKIT/include/libxml dict.c -o /home/jsg/SIPS/eta2/TOOLKIT/obj/linux64/XML/dict.o
/usr/bin/gcc  -c -DLINUX64 -O2 -DH5_USE_16_API -m64 -fPIC -pthread -s -m128bit-long-double -mcmodel=large -mlarge-data-threshold=90000000 -DLINUX64 -Df2cFortran -DHDF4_NETCDF_HAVE_SD -O -DSUN_UNIX -I.  -I/home/jsg/SIPS/eta2/TOOLKIT/include -I/home/jsg/SIPS/eta2/TOOLKIT/include/libxml SAX2.c -o /home/jsg/SIPS/eta2/TOOLKIT/obj/linux64/XML/SAX2.o
/usr/bin/gcc  -c -DLINUX64 -O2 -DH5_USE_16_API -m64 -fPIC -pthread -s -m128bit-long-double -mcmodel=large -mlarge-data-threshold=90000000 -DLINUX64 -Df2cFortran -DHDF4_NETCDF_HAVE_SD -O -DSUN_UNIX -I.  -I/home/jsg/SIPS/eta2/TOOLKIT/include -I/home/jsg/SIPS/eta2/TOOLKIT/include/libxml xmlwriter.c -o /home/jsg/SIPS/eta2/TOOLKIT/obj/linux64/XML/xmlwriter.o
/usr/bin/gcc  -c -DLINUX64 -O2 -DH5_USE_16_API -m64 -fPIC -pthread -s -m128bit-long-double -mcmodel=large -mlarge-data-threshold=90000000 -DLINUX64 -Df2cFortran -DHDF4_NETCDF_HAVE_SD -O -DSUN_UNIX -I.  -I/home/jsg/SIPS/eta2/TOOLKIT/include -I/home/jsg/SIPS/eta2/TOOLKIT/include/libxml legacy.c -o /home/jsg/SIPS/eta2/TOOLKIT/obj/linux64/XML/legacy.o
/usr/bin/gcc  -c -DLINUX64 -O2 -DH5_USE_16_API -m64 -fPIC -pthread -s -m128bit-long-double -mcmodel=large -mlarge-data-threshold=90000000 -DLINUX64 -Df2cFortran -DHDF4_NETCDF_HAVE_SD -O -DSUN_UNIX -I.  -I/home/jsg/SIPS/eta2/TOOLKIT/include -I/home/jsg/SIPS/eta2/TOOLKIT/include/libxml chvalid.c -o /home/jsg/SIPS/eta2/TOOLKIT/obj/linux64/XML/chvalid.o
/usr/bin/gcc  -c -DLINUX64 -O2 -DH5_USE_16_API -m64 -fPIC -pthread -s -m128bit-long-double -mcmodel=large -mlarge-data-threshold=90000000 -DLINUX64 -Df2cFortran -DHDF4_NETCDF_HAVE_SD -O -DSUN_UNIX -I.  -I/home/jsg/SIPS/eta2/TOOLKIT/include -I/home/jsg/SIPS/eta2/TOOLKIT/include/libxml pattern.c -o /home/jsg/SIPS/eta2/TOOLKIT/obj/linux64/XML/pattern.o
/usr/bin/gcc  -c -DLINUX64 -O2 -DH5_USE_16_API -m64 -fPIC -pthread -s -m128bit-long-double -mcmodel=large -mlarge-data-threshold=90000000 -DLINUX64 -Df2cFortran -DHDF4_NETCDF_HAVE_SD -O -DSUN_UNIX -I.  -I/home/jsg/SIPS/eta2/TOOLKIT/include -I/home/jsg/SIPS/eta2/TOOLKIT/include/libxml xmlsave.c -o /home/jsg/SIPS/eta2/TOOLKIT/obj/linux64/XML/xmlsave.o
/usr/bin/gcc  -c -DLINUX64 -O2 -DH5_USE_16_API -m64 -fPIC -pthread -s -m128bit-long-double -mcmodel=large -mlarge-data-threshold=90000000 -DLINUX64 -Df2cFortran -DHDF4_NETCDF_HAVE_SD -O -DSUN_UNIX -I.  -I/home/jsg/SIPS/eta2/TOOLKIT/include -I/home/jsg/SIPS/eta2/TOOLKIT/include/libxml xmlmodule.c -o /home/jsg/SIPS/eta2/TOOLKIT/obj/linux64/XML/xmlmodule.o
/usr/bin/gcc  -c -DLINUX64 -O2 -DH5_USE_16_API -m64 -fPIC -pthread -s -m128bit-long-double -mcmodel=large -mlarge-data-threshold=90000000 -DLINUX64 -Df2cFortran -DHDF4_NETCDF_HAVE_SD -O -DSUN_UNIX -I.  -I/home/jsg/SIPS/eta2/TOOLKIT/include -I/home/jsg/SIPS/eta2/TOOLKIT/include/libxml schematron.c -o /home/jsg/SIPS/eta2/TOOLKIT/obj/linux64/XML/schematron.o

Updating /home/jsg/SIPS/eta2/TOOLKIT/lib/linux64/libPGSTK.a...

Building group: XML to PGS Toolkit library
Copying files ...

cp c14n.o tmp/XMLc14n.o
cp catalog.o tmp/XMLcatalog.o
cp chvalid.o tmp/XMLchvalid.o
cp debugXML.o tmp/XMLdebugXML.o
cp dict.o tmp/XMLdict.o
cp DOCBparser.o tmp/XMLDOCBparser.
cp encoding.o tmp/XMLencoding.o
cp entities.o tmp/XMLentities.o
cp error.o tmp/XMLerror.o
cp globals.o tmp/XMLglobals.o
cp hash.o tmp/XMLhash.o
cp HTMLparser.o tmp/XMLHTMLparser.
cp HTMLtree.o tmp/XMLHTMLtree.o
cp legacy.o tmp/XMLlegacy.o
cp list.o tmp/XMLlist.o
cp nanoftp.o tmp/XMLnanoftp.o
cp nanohttp.o tmp/XMLnanohttp.o
cp parserInternals.o tmp/XMLerInternals
cp parser.o tmp/XMLparser.o
cp pattern.o tmp/XMLpattern.o
cp relaxng.o tmp/XMLrelaxng.o
cp SAX2.o tmp/XMLSAX2.o
cp SAX.o tmp/XMLSAX.o
cp schematron.o tmp/XMLschematron.
cp threads.o tmp/XMLthreads.o
cp tree.o tmp/XMLtree.o
cp uri.o tmp/XMLuri.o
cp valid.o tmp/XMLvalid.o
cp xinclude.o tmp/XMLxinclude.o
cp xlink.o tmp/XMLxlink.o
cp xmlIO.o tmp/XMLxmlIO.o
cp xmlmemory.o tmp/XMLxmlmemory.o
cp xmlmodule.o tmp/XMLxmlmodule.o
cp xmlreader.o tmp/XMLxmlreader.o
cp xmlregexp.o tmp/XMLxmlregexp.o
cp xmlsave.o tmp/XMLxmlsave.o
cp xmlschemas.o tmp/XMLxmlschemas.
cp xmlschemastypes.o tmp/XMLchemastypes
cp xmlstring.o tmp/XMLxmlstring.o
cp xmlunicode.o tmp/XMLxmlunicode.
cp xmlwriter.o tmp/XMLxmlwriter.o
cp xpath.o tmp/XMLxpath.o
cp xpointer.o tmp/XMLxpointer.o

Adding XML files to library ...
Cleaning up XML...


Done.

make[2]: Leaving directory '/home/jsg/SIPS/eta2/TOOLKIT/src/XML/xml'
make[1]: Leaving directory '/home/jsg/SIPS/eta2/TOOLKIT/src/XML/xml'

Making `all' in ./xsl
make[1]: Entering directory '/home/jsg/SIPS/eta2/TOOLKIT/src/XML/xsl'
Compiling on LINUX64.  NOTE: FLAG added.
make[2]: Entering directory '/home/jsg/SIPS/eta2/TOOLKIT/src/XML/xsl'
/usr/bin/gcc  -c -DLINUX64 -O2 -DH5_USE_16_API -m64 -fPIC -pthread -s -m128bit-long-double -mcmodel=large -mlarge-data-threshold=90000000 -DLINUX64 -Df2cFortran -DHDF4_NETCDF_HAVE_SD -O -DSUN_UNIX -I.  -I/home/jsg/SIPS/eta2/TOOLKIT/include -I/home/jsg/SIPS/eta2/TOOLKIT/include/libxslt -I/home/jsg/SIPS/eta2/TOOLKIT/include/libxml attrvt.c -o /home/jsg/SIPS/eta2/TOOLKIT/obj/linux64/XML/attrvt.o
/usr/bin/gcc  -c -DLINUX64 -O2 -DH5_USE_16_API -m64 -fPIC -pthread -s -m128bit-long-double -mcmodel=large -mlarge-data-threshold=90000000 -DLINUX64 -Df2cFortran -DHDF4_NETCDF_HAVE_SD -O -DSUN_UNIX -I.  -I/home/jsg/SIPS/eta2/TOOLKIT/include -I/home/jsg/SIPS/eta2/TOOLKIT/include/libxslt -I/home/jsg/SIPS/eta2/TOOLKIT/include/libxml xslt.c -o /home/jsg/SIPS/eta2/TOOLKIT/obj/linux64/XML/xslt.o
/usr/bin/gcc  -c -DLINUX64 -O2 -DH5_USE_16_API -m64 -fPIC -pthread -s -m128bit-long-double -mcmodel=large -mlarge-data-threshold=90000000 -DLINUX64 -Df2cFortran -DHDF4_NETCDF_HAVE_SD -O -DSUN_UNIX -I.  -I/home/jsg/SIPS/eta2/TOOLKIT/include -I/home/jsg/SIPS/eta2/TOOLKIT/include/libxslt -I/home/jsg/SIPS/eta2/TOOLKIT/include/libxml xsltutils.c -o /home/jsg/SIPS/eta2/TOOLKIT/obj/linux64/XML/xsltutils.o
/usr/bin/gcc  -c -DLINUX64 -O2 -DH5_USE_16_API -m64 -fPIC -pthread -s -m128bit-long-double -mcmodel=large -mlarge-data-threshold=90000000 -DLINUX64 -Df2cFortran -DHDF4_NETCDF_HAVE_SD -O -DSUN_UNIX -I.  -I/home/jsg/SIPS/eta2/TOOLKIT/include -I/home/jsg/SIPS/eta2/TOOLKIT/include/libxslt -I/home/jsg/SIPS/eta2/TOOLKIT/include/libxml xslpattern.c -o /home/jsg/SIPS/eta2/TOOLKIT/obj/linux64/XML/xslpattern.o
/usr/bin/gcc  -c -DLINUX64 -O2 -DH5_USE_16_API -m64 -fPIC -pthread -s -m128bit-long-double -mcmodel=large -mlarge-data-threshold=90000000 -DLINUX64 -Df2cFortran -DHDF4_NETCDF_HAVE_SD -O -DSUN_UNIX -I.  -I/home/jsg/SIPS/eta2/TOOLKIT/include -I/home/jsg/SIPS/eta2/TOOLKIT/include/libxslt -I/home/jsg/SIPS/eta2/TOOLKIT/include/libxml templates.c -o /home/jsg/SIPS/eta2/TOOLKIT/obj/linux64/XML/templates.o
/usr/bin/gcc  -c -DLINUX64 -O2 -DH5_USE_16_API -m64 -fPIC -pthread -s -m128bit-long-double -mcmodel=large -mlarge-data-threshold=90000000 -DLINUX64 -Df2cFortran -DHDF4_NETCDF_HAVE_SD -O -DSUN_UNIX -I.  -I/home/jsg/SIPS/eta2/TOOLKIT/include -I/home/jsg/SIPS/eta2/TOOLKIT/include/libxslt -I/home/jsg/SIPS/eta2/TOOLKIT/include/libxml variables.c -o /home/jsg/SIPS/eta2/TOOLKIT/obj/linux64/XML/variables.o
/usr/bin/gcc  -c -DLINUX64 -O2 -DH5_USE_16_API -m64 -fPIC -pthread -s -m128bit-long-double -mcmodel=large -mlarge-data-threshold=90000000 -DLINUX64 -Df2cFortran -DHDF4_NETCDF_HAVE_SD -O -DSUN_UNIX -I.  -I/home/jsg/SIPS/eta2/TOOLKIT/include -I/home/jsg/SIPS/eta2/TOOLKIT/include/libxslt -I/home/jsg/SIPS/eta2/TOOLKIT/include/libxml keys.c -o /home/jsg/SIPS/eta2/TOOLKIT/obj/linux64/XML/keys.o
/usr/bin/gcc  -c -DLINUX64 -O2 -DH5_USE_16_API -m64 -fPIC -pthread -s -m128bit-long-double -mcmodel=large -mlarge-data-threshold=90000000 -DLINUX64 -Df2cFortran -DHDF4_NETCDF_HAVE_SD -O -DSUN_UNIX -I.  -I/home/jsg/SIPS/eta2/TOOLKIT/include -I/home/jsg/SIPS/eta2/TOOLKIT/include/libxslt -I/home/jsg/SIPS/eta2/TOOLKIT/include/libxml numbers.c -o /home/jsg/SIPS/eta2/TOOLKIT/obj/linux64/XML/numbers.o
/usr/bin/gcc  -c -DLINUX64 -O2 -DH5_USE_16_API -m64 -fPIC -pthread -s -m128bit-long-double -mcmodel=large -mlarge-data-threshold=90000000 -DLINUX64 -Df2cFortran -DHDF4_NETCDF_HAVE_SD -O -DSUN_UNIX -I.  -I/home/jsg/SIPS/eta2/TOOLKIT/include -I/home/jsg/SIPS/eta2/TOOLKIT/include/libxslt -I/home/jsg/SIPS/eta2/TOOLKIT/include/libxml extensions.c -o /home/jsg/SIPS/eta2/TOOLKIT/obj/linux64/XML/extensions.o
/usr/bin/gcc  -c -DLINUX64 -O2 -DH5_USE_16_API -m64 -fPIC -pthread -s -m128bit-long-double -mcmodel=large -mlarge-data-threshold=90000000 -DLINUX64 -Df2cFortran -DHDF4_NETCDF_HAVE_SD -O -DSUN_UNIX -I.  -I/home/jsg/SIPS/eta2/TOOLKIT/include -I/home/jsg/SIPS/eta2/TOOLKIT/include/libxslt -I/home/jsg/SIPS/eta2/TOOLKIT/include/libxml extra.c -o /home/jsg/SIPS/eta2/TOOLKIT/obj/linux64/XML/extra.o
/usr/bin/gcc  -c -DLINUX64 -O2 -DH5_USE_16_API -m64 -fPIC -pthread -s -m128bit-long-double -mcmodel=large -mlarge-data-threshold=90000000 -DLINUX64 -Df2cFortran -DHDF4_NETCDF_HAVE_SD -O -DSUN_UNIX -I.  -I/home/jsg/SIPS/eta2/TOOLKIT/include -I/home/jsg/SIPS/eta2/TOOLKIT/include/libxslt -I/home/jsg/SIPS/eta2/TOOLKIT/include/libxml functions.c -o /home/jsg/SIPS/eta2/TOOLKIT/obj/linux64/XML/functions.o
/usr/bin/gcc  -c -DLINUX64 -O2 -DH5_USE_16_API -m64 -fPIC -pthread -s -m128bit-long-double -mcmodel=large -mlarge-data-threshold=90000000 -DLINUX64 -Df2cFortran -DHDF4_NETCDF_HAVE_SD -O -DSUN_UNIX -I.  -I/home/jsg/SIPS/eta2/TOOLKIT/include -I/home/jsg/SIPS/eta2/TOOLKIT/include/libxslt -I/home/jsg/SIPS/eta2/TOOLKIT/include/libxml namespaces.c -o /home/jsg/SIPS/eta2/TOOLKIT/obj/linux64/XML/namespaces.o
/usr/bin/gcc  -c -DLINUX64 -O2 -DH5_USE_16_API -m64 -fPIC -pthread -s -m128bit-long-double -mcmodel=large -mlarge-data-threshold=90000000 -DLINUX64 -Df2cFortran -DHDF4_NETCDF_HAVE_SD -O -DSUN_UNIX -I.  -I/home/jsg/SIPS/eta2/TOOLKIT/include -I/home/jsg/SIPS/eta2/TOOLKIT/include/libxslt -I/home/jsg/SIPS/eta2/TOOLKIT/include/libxml imports.c -o /home/jsg/SIPS/eta2/TOOLKIT/obj/linux64/XML/imports.o
/usr/bin/gcc  -c -DLINUX64 -O2 -DH5_USE_16_API -m64 -fPIC -pthread -s -m128bit-long-double -mcmodel=large -mlarge-data-threshold=90000000 -DLINUX64 -Df2cFortran -DHDF4_NETCDF_HAVE_SD -O -DSUN_UNIX -I.  -I/home/jsg/SIPS/eta2/TOOLKIT/include -I/home/jsg/SIPS/eta2/TOOLKIT/include/libxslt -I/home/jsg/SIPS/eta2/TOOLKIT/include/libxml attributes.c -o /home/jsg/SIPS/eta2/TOOLKIT/obj/linux64/XML/attributes.o
/usr/bin/gcc  -c -DLINUX64 -O2 -DH5_USE_16_API -m64 -fPIC -pthread -s -m128bit-long-double -mcmodel=large -mlarge-data-threshold=90000000 -DLINUX64 -Df2cFortran -DHDF4_NETCDF_HAVE_SD -O -DSUN_UNIX -I.  -I/home/jsg/SIPS/eta2/TOOLKIT/include -I/home/jsg/SIPS/eta2/TOOLKIT/include/libxslt -I/home/jsg/SIPS/eta2/TOOLKIT/include/libxml documents.c -o /home/jsg/SIPS/eta2/TOOLKIT/obj/linux64/XML/documents.o
/usr/bin/gcc  -c -DLINUX64 -O2 -DH5_USE_16_API -m64 -fPIC -pthread -s -m128bit-long-double -mcmodel=large -mlarge-data-threshold=90000000 -DLINUX64 -Df2cFortran -DHDF4_NETCDF_HAVE_SD -O -DSUN_UNIX -I.  -I/home/jsg/SIPS/eta2/TOOLKIT/include -I/home/jsg/SIPS/eta2/TOOLKIT/include/libxslt -I/home/jsg/SIPS/eta2/TOOLKIT/include/libxml preproc.c -o /home/jsg/SIPS/eta2/TOOLKIT/obj/linux64/XML/preproc.o
/usr/bin/gcc  -c -DLINUX64 -O2 -DH5_USE_16_API -m64 -fPIC -pthread -s -m128bit-long-double -mcmodel=large -mlarge-data-threshold=90000000 -DLINUX64 -Df2cFortran -DHDF4_NETCDF_HAVE_SD -O -DSUN_UNIX -I.  -I/home/jsg/SIPS/eta2/TOOLKIT/include -I/home/jsg/SIPS/eta2/TOOLKIT/include/libxslt -I/home/jsg/SIPS/eta2/TOOLKIT/include/libxml transform.c -o /home/jsg/SIPS/eta2/TOOLKIT/obj/linux64/XML/transform.o
/usr/bin/gcc  -c -DLINUX64 -O2 -DH5_USE_16_API -m64 -fPIC -pthread -s -m128bit-long-double -mcmodel=large -mlarge-data-threshold=90000000 -DLINUX64 -Df2cFortran -DHDF4_NETCDF_HAVE_SD -O -DSUN_UNIX -I.  -I/home/jsg/SIPS/eta2/TOOLKIT/include -I/home/jsg/SIPS/eta2/TOOLKIT/include/libxslt -I/home/jsg/SIPS/eta2/TOOLKIT/include/libxml security.c -o /home/jsg/SIPS/eta2/TOOLKIT/obj/linux64/XML/security.o

Updating /home/jsg/SIPS/eta2/TOOLKIT/lib/linux64/libPGSTK.a...

Building group: XML to PGS Toolkit library
Copying files ...

cp attributes.o tmp/XMLattributes.
cp attrvt.o tmp/XMLattrvt.o
cp c14n.o tmp/XMLc14n.o
cp catalog.o tmp/XMLcatalog.o
cp chvalid.o tmp/XMLchvalid.o
cp debugXML.o tmp/XMLdebugXML.o
cp dict.o tmp/XMLdict.o
cp DOCBparser.o tmp/XMLDOCBparser.
cp documents.o tmp/XMLdocuments.o
cp encoding.o tmp/XMLencoding.o
cp entities.o tmp/XMLentities.o
cp error.o tmp/XMLerror.o
cp extensions.o tmp/XMLextensions.
cp extra.o tmp/XMLextra.o
cp functions.o tmp/XMLfunctions.o
cp globals.o tmp/XMLglobals.o
cp hash.o tmp/XMLhash.o
cp HTMLparser.o tmp/XMLHTMLparser.
cp HTMLtree.o tmp/XMLHTMLtree.o
cp imports.o tmp/XMLimports.o
cp keys.o tmp/XMLkeys.o
cp legacy.o tmp/XMLlegacy.o
cp list.o tmp/XMLlist.o
cp namespaces.o tmp/XMLnamespaces.
cp nanoftp.o tmp/XMLnanoftp.o
cp nanohttp.o tmp/XMLnanohttp.o
cp numbers.o tmp/XMLnumbers.o
cp parserInternals.o tmp/XMLerInternals
cp parser.o tmp/XMLparser.o
cp pattern.o tmp/XMLpattern.o
cp preproc.o tmp/XMLpreproc.o
cp relaxng.o tmp/XMLrelaxng.o
cp SAX2.o tmp/XMLSAX2.o
cp SAX.o tmp/XMLSAX.o
cp schematron.o tmp/XMLschematron.
cp security.o tmp/XMLsecurity.o
cp templates.o tmp/XMLtemplates.o
cp threads.o tmp/XMLthreads.o
cp transform.o tmp/XMLtransform.o
cp tree.o tmp/XMLtree.o
cp uri.o tmp/XMLuri.o
cp valid.o tmp/XMLvalid.o
cp variables.o tmp/XMLvariables.o
cp xinclude.o tmp/XMLxinclude.o
cp xlink.o tmp/XMLxlink.o
cp xmlIO.o tmp/XMLxmlIO.o
cp xmlmemory.o tmp/XMLxmlmemory.o
cp xmlmodule.o tmp/XMLxmlmodule.o
cp xmlreader.o tmp/XMLxmlreader.o
cp xmlregexp.o tmp/XMLxmlregexp.o
cp xmlsave.o tmp/XMLxmlsave.o
cp xmlschemas.o tmp/XMLxmlschemas.
cp xmlschemastypes.o tmp/XMLchemastypes
cp xmlstring.o tmp/XMLxmlstring.o
cp xmlunicode.o tmp/XMLxmlunicode.
cp xmlwriter.o tmp/XMLxmlwriter.o
cp xpath.o tmp/XMLxpath.o
cp xpointer.o tmp/XMLxpointer.o
cp xslpattern.o tmp/XMLxslpattern.
cp xslt.o tmp/XMLxslt.o
cp xsltutils.o tmp/XMLxsltutils.o

Adding XML files to library ...
Cleaning up XML...


Done.

make[2]: Leaving directory '/home/jsg/SIPS/eta2/TOOLKIT/src/XML/xsl'
make[1]: Leaving directory '/home/jsg/SIPS/eta2/TOOLKIT/src/XML/xsl'

Updating /home/jsg/SIPS/eta2/TOOLKIT/lib/linux64/libPGSTK.a...

Building group: XML to PGS Toolkit library
Copying files ...

cp attributes.o tmp/XMLattributes.
cp attrvt.o tmp/XMLattrvt.o
cp c14n.o tmp/XMLc14n.o
cp catalog.o tmp/XMLcatalog.o
cp chvalid.o tmp/XMLchvalid.o
cp debugXML.o tmp/XMLdebugXML.o
cp dict.o tmp/XMLdict.o
cp DOCBparser.o tmp/XMLDOCBparser.
cp documents.o tmp/XMLdocuments.o
cp encoding.o tmp/XMLencoding.o
cp entities.o tmp/XMLentities.o
cp error.o tmp/XMLerror.o
cp extensions.o tmp/XMLextensions.
cp extra.o tmp/XMLextra.o
cp functions.o tmp/XMLfunctions.o
cp globals.o tmp/XMLglobals.o
cp hash.o tmp/XMLhash.o
cp HTMLparser.o tmp/XMLHTMLparser.
cp HTMLtree.o tmp/XMLHTMLtree.o
cp imports.o tmp/XMLimports.o
cp keys.o tmp/XMLkeys.o
cp legacy.o tmp/XMLlegacy.o
cp list.o tmp/XMLlist.o
cp namespaces.o tmp/XMLnamespaces.
cp nanoftp.o tmp/XMLnanoftp.o
cp nanohttp.o tmp/XMLnanohttp.o
cp numbers.o tmp/XMLnumbers.o
cp parserInternals.o tmp/XMLerInternals
cp parser.o tmp/XMLparser.o
cp pattern.o tmp/XMLpattern.o
cp preproc.o tmp/XMLpreproc.o
cp relaxng.o tmp/XMLrelaxng.o
cp SAX2.o tmp/XMLSAX2.o
cp SAX.o tmp/XMLSAX.o
cp schematron.o tmp/XMLschematron.
cp security.o tmp/XMLsecurity.o
cp templates.o tmp/XMLtemplates.o
cp threads.o tmp/XMLthreads.o
cp transform.o tmp/XMLtransform.o
cp tree.o tmp/XMLtree.o
cp uri.o tmp/XMLuri.o
cp valid.o tmp/XMLvalid.o
cp variables.o tmp/XMLvariables.o
cp xinclude.o tmp/XMLxinclude.o
cp xlink.o tmp/XMLxlink.o
cp xmlIO.o tmp/XMLxmlIO.o
cp xmlmemory.o tmp/XMLxmlmemory.o
cp xmlmodule.o tmp/XMLxmlmodule.o
cp xmlreader.o tmp/XMLxmlreader.o
cp xmlregexp.o tmp/XMLxmlregexp.o
cp xmlsave.o tmp/XMLxmlsave.o
cp xmlschemas.o tmp/XMLxmlschemas.
cp xmlschemastypes.o tmp/XMLchemastypes
cp xmlstring.o tmp/XMLxmlstring.o
cp xmlunicode.o tmp/XMLxmlunicode.
cp xmlwriter.o tmp/XMLxmlwriter.o
cp xpath.o tmp/XMLxpath.o
cp xpointer.o tmp/XMLxpointer.o
cp xslpattern.o tmp/XMLxslpattern.
cp xslt.o tmp/XMLxslt.o
cp xsltutils.o tmp/XMLxsltutils.o

Adding XML files to library ...
Cleaning up XML...


Done.



-------------------------------------------------------------------------------

Building additional utilites

-------------------------------------------------------------------------------

    
    build the Level 0 data file simulator utility...
    
    Makefile for utility: L0sim; Target: all
/usr/bin/gcc  -c -O2 -DH5_USE_16_API -m64 -fPIC -pthread -s -m128bit-long-double -mcmodel=large -mlarge-data-threshold=90000000 -DLINUX64 -Df2cFortran -DHDF4_NETCDF_HAVE_SD -DLINUX64  -I/home/jsg/SIPS/eta2/TOOLKIT/include  PGS_IO_L0_File_Sim.c -o /home/jsg/SIPS/eta2/TOOLKIT/obj/linux64/IO/PGS_IO_L0_File_Sim.o
/usr/bin/gcc  -c -O2 -DH5_USE_16_API -m64 -fPIC -pthread -s -m128bit-long-double -mcmodel=large -mlarge-data-threshold=90000000 -DLINUX64 -Df2cFortran -DHDF4_NETCDF_HAVE_SD -DLINUX64  -I/home/jsg/SIPS/eta2/TOOLKIT/include  PGS_IO_L0_EDOS_hdr_Sim.c -o /home/jsg/SIPS/eta2/TOOLKIT/obj/linux64/IO/PGS_IO_L0_EDOS_hdr_Sim.o
/usr/bin/gcc  -c -O2 -DH5_USE_16_API -m64 -fPIC -pthread -s -m128bit-long-double -mcmodel=large -mlarge-data-threshold=90000000 -DLINUX64 -Df2cFortran -DHDF4_NETCDF_HAVE_SD -DLINUX64  -I/home/jsg/SIPS/eta2/TOOLKIT/include  PGS_IO_L0_sortArrayIndices.c -o /home/jsg/SIPS/eta2/TOOLKIT/obj/linux64/IO/PGS_IO_L0_sortArrayIndices.o
/usr/bin/gcc  -c -O2 -DH5_USE_16_API -m64 -fPIC -pthread -s -m128bit-long-double -mcmodel=large -mlarge-data-threshold=90000000 -DLINUX64 -Df2cFortran -DHDF4_NETCDF_HAVE_SD -DLINUX64  -I/home/jsg/SIPS/eta2/TOOLKIT/include  PGS_IO_L0_SFDU_Sim.c -o /home/jsg/SIPS/eta2/TOOLKIT/obj/linux64/IO/PGS_IO_L0_SFDU_Sim.o
/usr/bin/gcc  -c -O2 -DH5_USE_16_API -m64 -fPIC -pthread -s -m128bit-long-double -mcmodel=large -mlarge-data-threshold=90000000 -DLINUX64 -Df2cFortran -DHDF4_NETCDF_HAVE_SD -DLINUX64  -I/home/jsg/SIPS/eta2/TOOLKIT/include  PGS_IO_L0_L0Sim_bindFORTRAN.c -o /home/jsg/SIPS/eta2/TOOLKIT/obj/linux64/IO/PGS_IO_L0_L0Sim_bindFORTRAN.o
/home/jsg/SIPS/eta2/TOOLKIT/bin/linux64/mkpgslib IO

Updating /home/jsg/SIPS/eta2/TOOLKIT/lib/linux64/libPGSTK.a...

Building group: IO to PGS Toolkit library
Copying files ...

cp PGS_IO_Gen_CloseF.o tmp/IOGen_CloseF.
cp PGS_IO_Gen_Close.o tmp/IOGen_Close.o
cp PGS_IO_Gen_OpenF.o tmp/IOGen_OpenF.o
cp PGS_IO_Gen_Open.o tmp/IOGen_Open.o
cp PGS_IO_Gen_Temp_Delete.o tmp/IOTemp_Delete
cp PGS_IO_Gen_Temp_OpenF.o tmp/IO_Temp_OpenF
cp PGS_IO_Gen_Temp_Open.o tmp/IOn_Temp_Open
cp PGS_IO_Gen_Temp_Reference.o tmp/IOp_Reference
cp PGS_IO_Gen_Track_LUN.o tmp/IOn_Track_LUN
cp PGS_IO_L0_bindFORTRAN_L0.o tmp/IOdFORTRAN_L0
cp PGS_IO_L0_BYTEtoINT.o tmp/IO0_BYTEtoINT
cp PGS_IO_L0_Close.o tmp/IOL0_Close.o
cp PGS_IO_L0_EDOS_hdr_Sim.o tmp/IODOS_hdr_Sim
cp PGS_IO_L0_File_Sim.o tmp/IOL0_File_Sim
cp PGS_IO_L0_FileVersionInfo.o tmp/IOVersionInfo
cp PGS_IO_L0_GetEOSAMfileTimes.o tmp/IOAMfileTimes
cp PGS_IO_L0_GetEOSAURAfileTimes.o tmp/IORAfileTimes
cp PGS_IO_L0_GetEOSPMGIISfileTimes.o tmp/IOISfileTimes
cp PGS_IO_L0_GetEOSPMGIRDfileTimes.o tmp/IORDfileTimes
cp PGS_IO_L0_GetHeader.o tmp/IO0_GetHeader
cp PGS_IO_L0_GetPacket.o tmp/IO0_GetPacket
cp PGS_IO_L0_L0Sim_bindFORTRAN.o tmp/IObindFORTRAN
cp PGS_IO_L0_ManageTable.o tmp/IOManageTable
cp PGS_IO_L0_MapVersions.o tmp/IOMapVersions
cp PGS_IO_L0_NextPhysical.o tmp/IOextPhysical
cp PGS_IO_L0_Open.o tmp/IOL0_Open.o
cp PGS_IO_L0_SeekPacket.o tmp/IO_SeekPacket
cp PGS_IO_L0_SetStartCntPkts.o tmp/IOtartCntPkts
cp PGS_IO_L0_SetStart.o tmp/IOL0_SetStart
cp PGS_IO_L0_SFDU_Sim.o tmp/IOL0_SFDU_Sim
cp PGS_IO_L0_sortArrayIndices.o tmp/IOrrayIndices
cp PGS_IO_L0_TRMM_HdrInfo.o tmp/IORMM_HdrInfo
cp PGS_IO_L0_VersionInfoCheck.o tmp/IOonInfoCheck

Adding IO files to library ...
Cleaning up IO...


Done.

/usr/bin/gcc -O2 -DH5_USE_16_API -m64 -fPIC -pthread -s -m128bit-long-double -mcmodel=large -mlarge-data-threshold=90000000 -DLINUX64 -Df2cFortran -DHDF4_NETCDF_HAVE_SD -DLINUX64 -I/home/jsg/SIPS/eta2/TOOLKIT/include -L/home/jsg/SIPS/eta2/TOOLKIT/lib/linux64 L0sim.c -o L0sim -DDDDDJDF -lPGSTK -lpthread -lm
L0sim.c: In function ‘main’:
L0sim.c:196:6: warning: ‘__builtin_memcpy’ writing 12 bytes into a region of size 10 overflows the destination [-Wstringop-overflow=]
      strcpy(scName,"EOS_PM_GIIS");
      ^~~~~~~~~~~~~~~~~~~~~~~~~~~~
L0sim.c:203:6: warning: ‘__builtin_memcpy’ writing 12 bytes into a region of size 10 overflows the destination [-Wstringop-overflow=]
      strcpy(scName,"EOS_PM_GIRD");
      ^~~~~~~~~~~~~~~~~~~~~~~~~~~~
NEWSTDLIBS =
/usr/bin/gcc -O2 -DH5_USE_16_API -m64 -fPIC -pthread -s -m128bit-long-double -mcmodel=large -mlarge-data-threshold=90000000 -DLINUX64 -Df2cFortran -DHDF4_NETCDF_HAVE_SD -DLINUX64 -I/home/jsg/SIPS/eta2/TOOLKIT/include -L/home/jsg/SIPS/eta2/TOOLKIT/lib/linux64 L0sim.c -o L0sim -DDDDDJDF -lPGSTK -lpthread -lm
L0sim.c: In function ‘main’:
L0sim.c:196:6: warning: ‘__builtin_memcpy’ writing 12 bytes into a region of size 10 overflows the destination [-Wstringop-overflow=]
      strcpy(scName,"EOS_PM_GIIS");
      ^~~~~~~~~~~~~~~~~~~~~~~~~~~~
L0sim.c:203:6: warning: ‘__builtin_memcpy’ writing 12 bytes into a region of size 10 overflows the destination [-Wstringop-overflow=]
      strcpy(scName,"EOS_PM_GIRD");
      ^~~~~~~~~~~~~~~~~~~~~~~~~~~~
    
    build the PC command utilities ...
    
make[1]: Entering directory '/home/jsg/SIPS/eta2/TOOLKIT/src/PC'
cp pccheck.sh /home/jsg/SIPS/eta2/TOOLKIT/bin/linux64/pccheck.sh; chmod 755 /home/jsg/SIPS/eta2/TOOLKIT/bin/linux64/pccheck.sh
make[1]: Leaving directory '/home/jsg/SIPS/eta2/TOOLKIT/src/PC'
make[1]: Entering directory '/home/jsg/SIPS/eta2/TOOLKIT/src/PC'
make[1]: Leaving directory '/home/jsg/SIPS/eta2/TOOLKIT/src/PC'
make[1]: Entering directory '/home/jsg/SIPS/eta2/TOOLKIT/src/PC'
cp PGS_PC_Shell.sh /home/jsg/SIPS/eta2/TOOLKIT/bin/linux64/PGS_PC_Shell.sh; chmod 755 /home/jsg/SIPS/eta2/TOOLKIT/bin/linux64/PGS_PC_Shell.sh
make[1]: Leaving directory '/home/jsg/SIPS/eta2/TOOLKIT/src/PC'
PGS_PC_InitCom.c: In function ‘PGS_PC_PutDataInArea’:
PGS_PC_InitCom.c:1066:51: warning: cast from pointer to integer of different size [-Wpointer-to-int-cast]
                       fileData.fileStruct.index = (PGSt_PC_Logical) NULL;
                                                   ^
PGS_PC_InitCom.c:1182:51: warning: cast from pointer to integer of different size [-Wpointer-to-int-cast]
                   userConfig.configStruct.index = (PGSt_PC_Logical) NULL;
                                                   ^
PGS_PC_InitCom.c: In function ‘PGS_PC_WriteHeader’:
PGS_PC_InitCom.c:1756:35: warning: cast from pointer to integer of different size [-Wpointer-to-int-cast]
        headStruct.divPtr[count] = (PGSt_uinteger) NULL;
                                   ^
PGS_PC_TermCom.c: In function ‘PGS_PC_SavePCSData’:
PGS_PC_TermCom.c:574:50: warning: cast from pointer to integer of different size [-Wpointer-to-int-cast]
         if (headStruct.divPtr[sectionIndex-1] != (PGSt_uinteger) NULL)
                                                  ^
PGS_PC_TermCom.c:621:54: warning: cast from pointer to integer of different size [-Wpointer-to-int-cast]
                     if ((fileShm.fileStruct.index == (PGSt_PC_Logical) NULL) &&
                                                      ^
PGS_PC_TermCom.c: In function ‘PGS_PC_UpdateRuntimeFiles’:
PGS_PC_TermCom.c:1068:50: warning: cast from pointer to integer of different size [-Wpointer-to-int-cast]
         if (headStruct.divPtr[sectionIndex-1] != (PGSt_uinteger) NULL)
                                                  ^
PGS_PC_TermCom.c:1113:54: warning: cast from pointer to integer of different size [-Wpointer-to-int-cast]
                     if ((fileShm.fileStruct.index == (PGSt_PC_Logical) NULL) &&
                                                      ^
PGS_PC_TempDeleteCom.c: In function ‘main’:
PGS_PC_TempDeleteCom.c:158:46: warning: cast to pointer from integer of different size [-Wint-to-pointer-cast]
                                              (void *) logicalID);
                                              ^
    
    build the CSC utilities ...
    
make[1]: Entering directory '/home/jsg/SIPS/eta2/TOOLKIT/src/CSC'
PGS_CSC_UT1_update.c: In function ‘main’:
PGS_CSC_UT1_update.c:436:4: warning: implicit declaration of function ‘gets’; did you mean ‘fgets’? [-Wimplicit-function-declaration]
    gets(argv);
    ^~~~
    fgets
/tmp/ccRIRp0y.o: In function `main':
PGS_CSC_UT1_update.c:(.text.startup+0x3e7): warning: the `gets' function is dangerous and should not be used.
make[1]: Leaving directory '/home/jsg/SIPS/eta2/TOOLKIT/src/CSC'
make[1]: Entering directory '/home/jsg/SIPS/eta2/TOOLKIT/src/CSC'
cp update_utcpole.sh /home/jsg/SIPS/eta2/TOOLKIT/bin/linux64/update_utcpole.sh; chmod 755 /home/jsg/SIPS/eta2/TOOLKIT/bin/linux64/update_utcpole.sh
make[1]: Leaving directory '/home/jsg/SIPS/eta2/TOOLKIT/src/CSC'
make[1]: Entering directory '/home/jsg/SIPS/eta2/TOOLKIT/src/CSC'
cp update_utcpole_CC.sh /home/jsg/SIPS/eta2/TOOLKIT/bin/linux64/update_utcpole_CC.sh; chmod 755 /home/jsg/SIPS/eta2/TOOLKIT/bin/linux64/update_utcpole_CC.sh
make[1]: Leaving directory '/home/jsg/SIPS/eta2/TOOLKIT/src/CSC'
    
    build the TD utilities ...
    
PGS_TD_NewLeap.c: In function ‘main’:
PGS_TD_NewLeap.c:596:4: warning: implicit declaration of function ‘gets’; did you mean ‘fgets’? [-Wimplicit-function-declaration]
    gets(argv);
    ^~~~
    fgets
/tmp/ccoeaBL0.o: In function `main':
PGS_TD_NewLeap.c:(.text.startup+0x91b): warning: the `gets' function is dangerous and should not be used.
make[1]: Entering directory '/home/jsg/SIPS/eta2/TOOLKIT/src/TD'
cp update_leapsec.sh /home/jsg/SIPS/eta2/TOOLKIT/bin/linux64/update_leapsec.sh; chmod 755 /home/jsg/SIPS/eta2/TOOLKIT/bin/linux64/update_leapsec.sh
make[1]: Leaving directory '/home/jsg/SIPS/eta2/TOOLKIT/src/TD'
make[1]: Entering directory '/home/jsg/SIPS/eta2/TOOLKIT/src/TD'
cp update_leapsec_CC.sh /home/jsg/SIPS/eta2/TOOLKIT/bin/linux64/update_leapsec_CC.sh; chmod 755 /home/jsg/SIPS/eta2/TOOLKIT/bin/linux64/update_leapsec_CC.sh
make[1]: Leaving directory '/home/jsg/SIPS/eta2/TOOLKIT/src/TD'
    
    build the orbit simulator & s/c ephemeris check utilities...
    
make[1]: Entering directory '/home/jsg/SIPS/eta2/TOOLKIT/src/EPH/orbsim'
/usr/bin/gcc  -c -O2 -DH5_USE_16_API -m64 -fPIC -pthread -s -m128bit-long-double -mcmodel=large -mlarge-data-threshold=90000000 -DLINUX64 -Df2cFortran -DHDF4_NETCDF_HAVE_SD -DLINUX64  -I/home/jsg/SIPS/eta2/TOOLKIT/include  -I/opt/packages/hdf4-4.2.15/include -I/opt/packages/zlib-1.2.11/include -I/opt/packages/jpeg-9b/include -I/opt/packages/hdf5-1.8.19/include -I/opt/packages/szip-2.1.1/include -I/home/jsg/SIPS/eta2/TOOLKIT/include/libxml -I/home/jsg/SIPS/eta2/TOOLKIT/include/libxslt PGS_EPH_TransformBodyRates.c -o linux64/PGS_EPH_TransformBodyRates.o
/usr/bin/gcc  -c -O2 -DH5_USE_16_API -m64 -fPIC -pthread -s -m128bit-long-double -mcmodel=large -mlarge-data-threshold=90000000 -DLINUX64 -Df2cFortran -DHDF4_NETCDF_HAVE_SD -DLINUX64  -I/home/jsg/SIPS/eta2/TOOLKIT/include  -I/opt/packages/hdf4-4.2.15/include -I/opt/packages/zlib-1.2.11/include -I/opt/packages/jpeg-9b/include -I/opt/packages/hdf5-1.8.19/include -I/opt/packages/szip-2.1.1/include -I/home/jsg/SIPS/eta2/TOOLKIT/include/libxml -I/home/jsg/SIPS/eta2/TOOLKIT/include/libxslt PGS_EPH_attOrbSim.c -o linux64/PGS_EPH_attOrbSim.o
/usr/bin/gcc  -c -O2 -DH5_USE_16_API -m64 -fPIC -pthread -s -m128bit-long-double -mcmodel=large -mlarge-data-threshold=90000000 -DLINUX64 -Df2cFortran -DHDF4_NETCDF_HAVE_SD -DLINUX64  -I/home/jsg/SIPS/eta2/TOOLKIT/include  -I/opt/packages/hdf4-4.2.15/include -I/opt/packages/zlib-1.2.11/include -I/opt/packages/jpeg-9b/include -I/opt/packages/hdf5-1.8.19/include -I/opt/packages/szip-2.1.1/include -I/home/jsg/SIPS/eta2/TOOLKIT/include/libxml -I/home/jsg/SIPS/eta2/TOOLKIT/include/libxslt PGS_EPH_attitudeNoise.c -o linux64/PGS_EPH_attitudeNoise.o
/usr/bin/gcc  -c -O2 -DH5_USE_16_API -m64 -fPIC -pthread -s -m128bit-long-double -mcmodel=large -mlarge-data-threshold=90000000 -DLINUX64 -Df2cFortran -DHDF4_NETCDF_HAVE_SD -DLINUX64  -I/home/jsg/SIPS/eta2/TOOLKIT/include  -I/opt/packages/hdf4-4.2.15/include -I/opt/packages/zlib-1.2.11/include -I/opt/packages/jpeg-9b/include -I/opt/packages/hdf5-1.8.19/include -I/opt/packages/szip-2.1.1/include -I/home/jsg/SIPS/eta2/TOOLKIT/include/libxml -I/home/jsg/SIPS/eta2/TOOLKIT/include/libxslt PGS_EPH_getQuats.c -o linux64/PGS_EPH_getQuats.o
/usr/bin/gcc  -c -O2 -DH5_USE_16_API -m64 -fPIC -pthread -s -m128bit-long-double -mcmodel=large -mlarge-data-threshold=90000000 -DLINUX64 -Df2cFortran -DHDF4_NETCDF_HAVE_SD -DLINUX64  -I/home/jsg/SIPS/eta2/TOOLKIT/include  -I/opt/packages/hdf4-4.2.15/include -I/opt/packages/zlib-1.2.11/include -I/opt/packages/jpeg-9b/include -I/opt/packages/hdf5-1.8.19/include -I/opt/packages/szip-2.1.1/include -I/home/jsg/SIPS/eta2/TOOLKIT/include/libxml -I/home/jsg/SIPS/eta2/TOOLKIT/include/libxslt PGS_EPH_matrixMultiply.c -o linux64/PGS_EPH_matrixMultiply.o
/usr/bin/gcc  -c -O2 -DH5_USE_16_API -m64 -fPIC -pthread -s -m128bit-long-double -mcmodel=large -mlarge-data-threshold=90000000 -DLINUX64 -Df2cFortran -DHDF4_NETCDF_HAVE_SD -DLINUX64  -I/home/jsg/SIPS/eta2/TOOLKIT/include  -I/opt/packages/hdf4-4.2.15/include -I/opt/packages/zlib-1.2.11/include -I/opt/packages/jpeg-9b/include -I/opt/packages/hdf5-1.8.19/include -I/opt/packages/szip-2.1.1/include -I/home/jsg/SIPS/eta2/TOOLKIT/include/libxml -I/home/jsg/SIPS/eta2/TOOLKIT/include/libxslt PGS_EPH_orbSim.c -o linux64/PGS_EPH_orbSim.o
/usr/bin/gcc  -c -O2 -DH5_USE_16_API -m64 -fPIC -pthread -s -m128bit-long-double -mcmodel=large -mlarge-data-threshold=90000000 -DLINUX64 -Df2cFortran -DHDF4_NETCDF_HAVE_SD -DLINUX64  -I/home/jsg/SIPS/eta2/TOOLKIT/include  -I/opt/packages/hdf4-4.2.15/include -I/opt/packages/zlib-1.2.11/include -I/opt/packages/jpeg-9b/include -I/opt/packages/hdf5-1.8.19/include -I/opt/packages/szip-2.1.1/include -I/home/jsg/SIPS/eta2/TOOLKIT/include/libxml -I/home/jsg/SIPS/eta2/TOOLKIT/include/libxslt PGS_EPH_orbitalElements.c -o linux64/PGS_EPH_orbitalElements.o
/usr/bin/gcc  -c -O2 -DH5_USE_16_API -m64 -fPIC -pthread -s -m128bit-long-double -mcmodel=large -mlarge-data-threshold=90000000 -DLINUX64 -Df2cFortran -DHDF4_NETCDF_HAVE_SD -DLINUX64  -I/home/jsg/SIPS/eta2/TOOLKIT/include  -I/opt/packages/hdf4-4.2.15/include -I/opt/packages/zlib-1.2.11/include -I/opt/packages/jpeg-9b/include -I/opt/packages/hdf5-1.8.19/include -I/opt/packages/szip-2.1.1/include -I/home/jsg/SIPS/eta2/TOOLKIT/include/libxml -I/home/jsg/SIPS/eta2/TOOLKIT/include/libxslt orbsim.c -o linux64/orbsim.o
make[1]: Leaving directory '/home/jsg/SIPS/eta2/TOOLKIT/src/EPH/orbsim'
/usr/bin/gcc   -DLINUX64 -L/home/jsg/SIPS/eta2/TOOLKIT/lib/linux64  -L/opt/packages/hdf4-4.2.15/lib -L/opt/packages/zlib-1.2.11/lib -L/opt/packages/jpeg-9b/lib -L/opt/packages/hdf5-1.8.19/lib -L/opt/packages/szip-2.1.1/lib linux64/PGS_EPH_TransformBodyRates.o linux64/PGS_EPH_attOrbSim.o linux64/PGS_EPH_attitudeNoise.o linux64/PGS_EPH_getQuats.o linux64/PGS_EPH_matrixMultiply.o linux64/PGS_EPH_orbSim.o linux64/PGS_EPH_orbitalElements.o linux64/orbsim.o  -o /home/jsg/SIPS/eta2/TOOLKIT/bin/linux64/orbsim -lPGSTK   -lpthread -lmfhdf -ldf -ljpeg /opt/packages/hdf5-1.8.19/lib/libhdf5.a -lz /opt/packages/szip-2.1.1/lib/libsz.a -lm -ldl
/opt/packages/hdf4-4.2.15/lib/libmfhdf.a(putget.o): In function `xdr_NCvbyte':
putget.c:(.text+0x68): undefined reference to `xdr_opaque'
putget.c:(.text+0x117): undefined reference to `xdr_opaque'
/opt/packages/hdf4-4.2.15/lib/libmfhdf.a(putget.o): In function `sd_xdr_NCvshort':
putget.c:(.text+0x524): undefined reference to `xdr_opaque'
putget.c:(.text+0x5fb): undefined reference to `xdr_opaque'
/opt/packages/hdf4-4.2.15/lib/libmfhdf.a(putget.o): In function `xdr_NCv1data':
putget.c:(.text+0x722): undefined reference to `xdr_double'
putget.c:(.text+0x7b2): undefined reference to `xdr_int'
putget.c:(.text+0x7ca): undefined reference to `xdr_float'
/opt/packages/hdf4-4.2.15/lib/libmfhdf.a(putget.o): In function `xdr_NCvdata':
putget.c:(.text+0x8b2): undefined reference to `xdr_int'
putget.c:(.text+0x902): undefined reference to `xdr_float'
putget.c:(.text+0x9a2): undefined reference to `xdr_double'
putget.c:(.text+0x9d4): undefined reference to `xdr_opaque'
/opt/packages/hdf4-4.2.15/lib/libmfhdf.a(sharray.o): In function `NCxdr_shortsb':
sharray.c:(.text+0x442): undefined reference to `xdr_opaque'
/opt/packages/hdf4-4.2.15/lib/libmfhdf.a(sharray.o): In function `NCxdr_shortsb.constprop.0':
sharray.c:(.text+0x9ad): undefined reference to `xdr_opaque'
/opt/packages/hdf4-4.2.15/lib/libmfhdf.a(string.o): In function `sd_xdr_NC_string':
string.c:(.text+0x672): undefined reference to `xdr_u_long'
string.c:(.text+0x6cd): undefined reference to `xdr_u_long'
string.c:(.text+0x6ff): undefined reference to `xdr_opaque'
string.c:(.text+0x756): undefined reference to `xdr_opaque'
string.c:(.text+0x792): undefined reference to `xdr_u_long'
/opt/packages/hdf4-4.2.15/lib/libmfhdf.a(var.o): In function `sd_xdr_NC_var':
var.c:(.text+0x1191): undefined reference to `xdr_enum'
var.c:(.text+0x11a4): undefined reference to `xdr_u_long'
/opt/packages/hdf4-4.2.15/lib/libmfhdf.a(array.o): In function `sd_xdr_NC_array':
array.c:(.text+0xbe7): undefined reference to `xdr_enum'
array.c:(.text+0xc03): undefined reference to `xdr_u_long'
array.c:(.text+0xd4a): undefined reference to `xdr_double'
array.c:(.text+0xdd2): undefined reference to `xdr_opaque'
array.c:(.text+0xe2a): undefined reference to `xdr_int'
array.c:(.text+0xe42): undefined reference to `xdr_float'
/opt/packages/hdf4-4.2.15/lib/libmfhdf.a(cdf.o): In function `sd_xdr_numrecs':
cdf.c:(.text+0x401d): undefined reference to `xdr_u_long'
cdf.c:(.text+0x4064): undefined reference to `xdr_u_long'
/opt/packages/hdf4-4.2.15/lib/libmfhdf.a(cdf.o): In function `sd_xdr_cdf':
cdf.c:(.text+0x415b): undefined reference to `xdr_u_long'
/opt/packages/hdf4-4.2.15/lib/libmfhdf.a(cdf.o): In function `sd_xdr_NC_fill':
cdf.c:(.text+0x4c12): undefined reference to `xdr_double'
cdf.c:(.text+0x4c72): undefined reference to `xdr_bytes'
cdf.c:(.text+0x4ca2): undefined reference to `xdr_int'
cdf.c:(.text+0x4cc2): undefined reference to `xdr_float'
/opt/packages/hdf4-4.2.15/lib/libmfhdf.a(dim.o): In function `sd_xdr_NC_dim':
dim.c:(.text+0xa7d): undefined reference to `xdr_long'
/opt/packages/hdf4-4.2.15/lib/libmfhdf.a(iarray.o): In function `sd_xdr_NC_iarray':
iarray.c:(.text+0x1b2): undefined reference to `xdr_u_long'
iarray.c:(.text+0x1f4): undefined reference to `xdr_u_long'
iarray.c:(.text+0x21b): undefined reference to `xdr_int'
iarray.c:(.text+0x27c): undefined reference to `xdr_int'
collect2: error: ld returned 1 exit status
make: *** [makefile:127: /home/jsg/SIPS/eta2/TOOLKIT/bin/linux64/orbsim] Error 1
/bin/rm -rf  linux64 core *.o
make[1]: Entering directory '/home/jsg/SIPS/eta2/TOOLKIT/src/EPH/gbadsim'
/usr/bin/gcc  -c -O2 -DH5_USE_16_API -m64 -fPIC -pthread -s -m128bit-long-double -mcmodel=large -mlarge-data-threshold=90000000 -DLINUX64 -Df2cFortran -DHDF4_NETCDF_HAVE_SD -DLINUX64  -I/home/jsg/SIPS/eta2/TOOLKIT/include  -I/opt/packages/hdf4-4.2.15/include -I/opt/packages/zlib-1.2.11/lib -I/opt/packages/jpeg-9b/include -I/opt/packages/hdf5-1.8.19/include -I/opt/packages/szip-2.1.1/include gbadsim.c -o linux64/gbadsim.o
gbadsim.c: In function ‘main’:
gbadsim.c:208:5: warning: implicit declaration of function ‘exit’ [-Wimplicit-function-declaration]
     exit(1);
     ^~~~
gbadsim.c:208:5: warning: incompatible implicit declaration of built-in function ‘exit’
gbadsim.c:208:5: note: include ‘<stdlib.h>’ or provide a declaration of ‘exit’
gbadsim.c:41:1:
+#include <stdlib.h>
 #define  EPOCH_TIME         1104537627.0  /* (julian date 12AM 1/1/1993) -
gbadsim.c:208:5:
     exit(1);
     ^~~~
gbadsim.c:219:5: warning: incompatible implicit declaration of built-in function ‘exit’
     exit(1);
     ^~~~
gbadsim.c:219:5: note: include ‘<stdlib.h>’ or provide a declaration of ‘exit’
gbadsim.c:230:6: warning: incompatible implicit declaration of built-in function ‘exit’
      exit(1);
      ^~~~
gbadsim.c:230:6: note: include ‘<stdlib.h>’ or provide a declaration of ‘exit’
gbadsim.c:243:8: warning: incompatible implicit declaration of built-in function ‘exit’
        exit(0);
        ^~~~
gbadsim.c:243:8: note: include ‘<stdlib.h>’ or provide a declaration of ‘exit’
gbadsim.c:268:29: warning: incompatible implicit declaration of built-in function ‘exit’
   if (gotData == PGS_FALSE) exit(0);
                             ^~~~
gbadsim.c:268:29: note: include ‘<stdlib.h>’ or provide a declaration of ‘exit’
gbadsim.c:366:21: warning: incompatible implicit declaration of built-in function ‘exit’
                     exit(1);
                     ^~~~
gbadsim.c:366:21: note: include ‘<stdlib.h>’ or provide a declaration of ‘exit’
gbadsim.c:379:12: warning: incompatible implicit declaration of built-in function ‘exit’
            exit(1);
            ^~~~
gbadsim.c:379:12: note: include ‘<stdlib.h>’ or provide a declaration of ‘exit’
gbadsim.c:451:6: warning: incompatible implicit declaration of built-in function ‘exit’
      exit(1);
      ^~~~
gbadsim.c:451:6: note: include ‘<stdlib.h>’ or provide a declaration of ‘exit’
gbadsim.c:506:22: warning: implicit declaration of function ‘atoi’; did you mean ‘atan’? [-Wimplicit-function-declaration]
       iFilenameExt = atoi(hours);
                      ^~~~
                      atan
gbadsim.c:648:3: warning: incompatible implicit declaration of built-in function ‘exit’
   exit(0);
   ^~~~
gbadsim.c:648:3: note: include ‘<stdlib.h>’ or provide a declaration of ‘exit’
gbadsim.c: In function ‘time_converter’:
gbadsim.c:712:6: warning: incompatible implicit declaration of built-in function ‘exit’
      exit(1);
      ^~~~
gbadsim.c:712:6: note: include ‘<stdlib.h>’ or provide a declaration of ‘exit’
gbadsim.c:719:6: warning: incompatible implicit declaration of built-in function ‘exit’
      exit(1);
      ^~~~
gbadsim.c:719:6: note: include ‘<stdlib.h>’ or provide a declaration of ‘exit’
make[1]: Leaving directory '/home/jsg/SIPS/eta2/TOOLKIT/src/EPH/gbadsim'
/usr/bin/gcc  -O2 -DH5_USE_16_API -m64 -fPIC -pthread -s -m128bit-long-double -mcmodel=large -mlarge-data-threshold=90000000 -DLINUX64 -Df2cFortran -DHDF4_NETCDF_HAVE_SD -DLINUX64  -I/home/jsg/SIPS/eta2/TOOLKIT/include  -I/opt/packages/hdf4-4.2.15/include -I/opt/packages/zlib-1.2.11/lib -I/opt/packages/jpeg-9b/include -I/opt/packages/hdf5-1.8.19/include -I/opt/packages/szip-2.1.1/include -L/home/jsg/SIPS/eta2/TOOLKIT/lib/linux64  -L/opt/packages/hdf4-4.2.15/lib -L/opt/packages/zlib-1.2.11/lib -L/opt/packages/jpeg-9b/lib -L/opt/packages/hdf5-1.8.19/lib -L/opt/packages/szip-2.1.1/lib linux64/gbadsim.o -o /home/jsg/SIPS/eta2/TOOLKIT/bin/linux64/gbadsim -lPGSTK   -lpthread -lmfhdf -ldf -ljpeg /opt/packages/hdf5-1.8.19/lib/libhdf5.a -lz -lsz -lm
/bin/rm -rf  linux64 core *.o
    
    clean up toolkit object files...
    
Removing all object files in PGS source directories...
Removing all object files in PGS object directories...
/home/jsg/SIPS/eta2/TOOLKIT/obj/linux64/CUC/PGS_CUC_Cons.o
/home/jsg/SIPS/eta2/TOOLKIT/obj/linux64/CUC/PGS_CUC_Conv.o
/home/jsg/SIPS/eta2/TOOLKIT/obj/linux64/CUC/PGS_CUC_bindFORTRAN.o
/home/jsg/SIPS/eta2/TOOLKIT/obj/linux64/CUC/a_nodesa.o
/home/jsg/SIPS/eta2/TOOLKIT/obj/linux64/CUC/ag_nodesag.o
/home/jsg/SIPS/eta2/TOOLKIT/obj/linux64/CUC/ao_nodesao.o
/home/jsg/SIPS/eta2/TOOLKIT/obj/linux64/CUC/comments.o
/home/jsg/SIPS/eta2/TOOLKIT/obj/linux64/CUC/cvtvalue.o
/home/jsg/SIPS/eta2/TOOLKIT/obj/linux64/CUC/fmtvalue.o
/home/jsg/SIPS/eta2/TOOLKIT/obj/linux64/CUC/lexan.o
/home/jsg/SIPS/eta2/TOOLKIT/obj/linux64/CUC/p_nodesp.o
/home/jsg/SIPS/eta2/TOOLKIT/obj/linux64/CUC/parsact.o
/home/jsg/SIPS/eta2/TOOLKIT/obj/linux64/CUC/parser.o
/home/jsg/SIPS/eta2/TOOLKIT/obj/linux64/CUC/prtlabel.o
/home/jsg/SIPS/eta2/TOOLKIT/obj/linux64/CUC/prtsrc.o
/home/jsg/SIPS/eta2/TOOLKIT/obj/linux64/CUC/rdlabel.o
/home/jsg/SIPS/eta2/TOOLKIT/obj/linux64/CUC/rdvalue.o
/home/jsg/SIPS/eta2/TOOLKIT/obj/linux64/CUC/v_nodesv.o
/home/jsg/SIPS/eta2/TOOLKIT/obj/linux64/CUC/wrtlabel.o
/home/jsg/SIPS/eta2/TOOLKIT/obj/linux64/CUC/wrtsrc.o
/home/jsg/SIPS/eta2/TOOLKIT/obj/linux64/CUC/output.o
/home/jsg/SIPS/eta2/TOOLKIT/obj/linux64/CUC/utlib.o
/home/jsg/SIPS/eta2/TOOLKIT/obj/linux64/CUC/utparse.o
/home/jsg/SIPS/eta2/TOOLKIT/obj/linux64/CUC/utscan.o
/home/jsg/SIPS/eta2/TOOLKIT/obj/linux64/CUC/udalloc.o
/home/jsg/SIPS/eta2/TOOLKIT/obj/linux64/CSC/PGS_CSC_BorkowskiGeo.o
/home/jsg/SIPS/eta2/TOOLKIT/obj/linux64/CSC/PGS_CSC_DayNight.o
/home/jsg/SIPS/eta2/TOOLKIT/obj/linux64/CSC/PGS_CSC_ECItoECR.o
/home/jsg/SIPS/eta2/TOOLKIT/obj/linux64/CSC/PGS_CSC_ECItoORB.o
/home/jsg/SIPS/eta2/TOOLKIT/obj/linux64/CSC/PGS_CSC_ECItoSC.o
/home/jsg/SIPS/eta2/TOOLKIT/obj/linux64/CSC/PGS_CSC_ECRtoECI.o
/home/jsg/SIPS/eta2/TOOLKIT/obj/linux64/CSC/PGS_CSC_ECRtoGEO.o
/home/jsg/SIPS/eta2/TOOLKIT/obj/linux64/CSC/PGS_CSC_EarthOccult.o
/home/jsg/SIPS/eta2/TOOLKIT/obj/linux64/CSC/PGS_CSC_Earthpt_FixedFOV.o
/home/jsg/SIPS/eta2/TOOLKIT/obj/linux64/CSC/PGS_CSC_Earthpt_FOV.o
/home/jsg/SIPS/eta2/TOOLKIT/obj/linux64/CSC/PGS_CSC_EulerToQuat.o
/home/jsg/SIPS/eta2/TOOLKIT/obj/linux64/CSC/PGS_CSC_FOVconicalHull.o
/home/jsg/SIPS/eta2/TOOLKIT/obj/linux64/CSC/PGS_CSC_GEOtoECR.o
/home/jsg/SIPS/eta2/TOOLKIT/obj/linux64/CSC/PGS_CSC_GeoCenToRect.o
/home/jsg/SIPS/eta2/TOOLKIT/obj/linux64/CSC/PGS_CSC_GetEarthFigure.o
/home/jsg/SIPS/eta2/TOOLKIT/obj/linux64/CSC/PGS_CSC_GetFOV_Pixel.o
/home/jsg/SIPS/eta2/TOOLKIT/obj/linux64/CSC/PGS_CSC_GrazingRay.o
/home/jsg/SIPS/eta2/TOOLKIT/obj/linux64/CSC/PGS_CSC_GreenwichHour.o
/home/jsg/SIPS/eta2/TOOLKIT/obj/linux64/CSC/PGS_CSC_J2000toTOD.o
/home/jsg/SIPS/eta2/TOOLKIT/obj/linux64/CSC/PGS_CSC_LookPoint.o
/home/jsg/SIPS/eta2/TOOLKIT/obj/linux64/CSC/PGS_CSC_LookTwice.o
/home/jsg/SIPS/eta2/TOOLKIT/obj/linux64/CSC/PGS_CSC_Norm.o
/home/jsg/SIPS/eta2/TOOLKIT/obj/linux64/CSC/PGS_CSC_ORBtoECI.o
/home/jsg/SIPS/eta2/TOOLKIT/obj/linux64/CSC/PGS_CSC_ORBtoSC.o
/home/jsg/SIPS/eta2/TOOLKIT/obj/linux64/CSC/PGS_CSC_PointInFOVgeom.o
/home/jsg/SIPS/eta2/TOOLKIT/obj/linux64/CSC/PGS_CSC_QuatToEuler.o
/home/jsg/SIPS/eta2/TOOLKIT/obj/linux64/CSC/PGS_CSC_QuatToMatrix.o
/home/jsg/SIPS/eta2/TOOLKIT/obj/linux64/CSC/PGS_CSC_RectToGeoCen.o
/home/jsg/SIPS/eta2/TOOLKIT/obj/linux64/CSC/PGS_CSC_Rotate3or6.o
/home/jsg/SIPS/eta2/TOOLKIT/obj/linux64/CSC/PGS_CSC_SCtoECI.o
/home/jsg/SIPS/eta2/TOOLKIT/obj/linux64/CSC/PGS_CSC_SCtoORB.o
/home/jsg/SIPS/eta2/TOOLKIT/obj/linux64/CSC/PGS_CSC_SpaceRefract.o
/home/jsg/SIPS/eta2/TOOLKIT/obj/linux64/CSC/PGS_CSC_SubSatPoint.o
/home/jsg/SIPS/eta2/TOOLKIT/obj/linux64/CSC/PGS_CSC_SubSatPointVel.o
/home/jsg/SIPS/eta2/TOOLKIT/obj/linux64/CSC/PGS_CSC_TODtoJ2000.o
/home/jsg/SIPS/eta2/TOOLKIT/obj/linux64/CSC/PGS_CSC_TiltYaw.o
/home/jsg/SIPS/eta2/TOOLKIT/obj/linux64/CSC/PGS_CSC_UTC_UT1Pole.o
/home/jsg/SIPS/eta2/TOOLKIT/obj/linux64/CSC/PGS_CSC_VecToVecAngle.o
/home/jsg/SIPS/eta2/TOOLKIT/obj/linux64/CSC/PGS_CSC_ZenithAzimuth.o
/home/jsg/SIPS/eta2/TOOLKIT/obj/linux64/CSC/PGS_CSC_bindFORTRAN.o
/home/jsg/SIPS/eta2/TOOLKIT/obj/linux64/CSC/PGS_CSC_crossProduct.o
/home/jsg/SIPS/eta2/TOOLKIT/obj/linux64/CSC/PGS_CSC_dotProduct.o
/home/jsg/SIPS/eta2/TOOLKIT/obj/linux64/CSC/PGS_CSC_getECItoORBquat.o
/home/jsg/SIPS/eta2/TOOLKIT/obj/linux64/CSC/PGS_CSC_getORBtoECIquat.o
/home/jsg/SIPS/eta2/TOOLKIT/obj/linux64/CSC/PGS_CSC_getQuats.o
/home/jsg/SIPS/eta2/TOOLKIT/obj/linux64/CSC/PGS_CSC_nutate2000.o
/home/jsg/SIPS/eta2/TOOLKIT/obj/linux64/CSC/PGS_CSC_precs2000.o
/home/jsg/SIPS/eta2/TOOLKIT/obj/linux64/CSC/PGS_CSC_quatMultiply.o
/home/jsg/SIPS/eta2/TOOLKIT/obj/linux64/CSC/PGS_CSC_quatRotate.o
/home/jsg/SIPS/eta2/TOOLKIT/obj/linux64/CSC/PGS_CSC_quickWahr.o
/home/jsg/SIPS/eta2/TOOLKIT/obj/linux64/CSC/PGS_CSC_wahr2.o
/home/jsg/SIPS/eta2/TOOLKIT/obj/linux64/MEM/PGS_MEM.o
/home/jsg/SIPS/eta2/TOOLKIT/obj/linux64/MEM/PGS_MEM1.o
/home/jsg/SIPS/eta2/TOOLKIT/obj/linux64/MEM/PGS_MEM_ShmReadF.o
/home/jsg/SIPS/eta2/TOOLKIT/obj/linux64/MEM/PGS_MEM_ShmWriteF.o
/home/jsg/SIPS/eta2/TOOLKIT/obj/linux64/MEM/PGS_MEM_bindFORTRAN.o
/home/jsg/SIPS/eta2/TOOLKIT/obj/linux64/GCT/PGS_GCT_Init.o
/home/jsg/SIPS/eta2/TOOLKIT/obj/linux64/GCT/PGS_GCT_Proj.o
/home/jsg/SIPS/eta2/TOOLKIT/obj/linux64/GCT/PGS_GCT_bindFORTRAN.o
/home/jsg/SIPS/eta2/TOOLKIT/obj/linux64/GCT/alberfor.o
/home/jsg/SIPS/eta2/TOOLKIT/obj/linux64/GCT/alberinv.o
/home/jsg/SIPS/eta2/TOOLKIT/obj/linux64/GCT/alconfor.o
/home/jsg/SIPS/eta2/TOOLKIT/obj/linux64/GCT/alconinv.o
/home/jsg/SIPS/eta2/TOOLKIT/obj/linux64/GCT/azimfor.o
/home/jsg/SIPS/eta2/TOOLKIT/obj/linux64/GCT/aziminv.o
/home/jsg/SIPS/eta2/TOOLKIT/obj/linux64/GCT/bceafor.o
/home/jsg/SIPS/eta2/TOOLKIT/obj/linux64/GCT/bceainv.o
/home/jsg/SIPS/eta2/TOOLKIT/obj/linux64/GCT/ceafor.o
/home/jsg/SIPS/eta2/TOOLKIT/obj/linux64/GCT/ceainv.o
/home/jsg/SIPS/eta2/TOOLKIT/obj/linux64/GCT/cproj.o
/home/jsg/SIPS/eta2/TOOLKIT/obj/linux64/GCT/eqconfor.o
/home/jsg/SIPS/eta2/TOOLKIT/obj/linux64/GCT/eqconinv.o
/home/jsg/SIPS/eta2/TOOLKIT/obj/linux64/GCT/equifor.o
/home/jsg/SIPS/eta2/TOOLKIT/obj/linux64/GCT/equiinv.o
/home/jsg/SIPS/eta2/TOOLKIT/obj/linux64/GCT/gnomfor.o
/home/jsg/SIPS/eta2/TOOLKIT/obj/linux64/GCT/gnominv.o
/home/jsg/SIPS/eta2/TOOLKIT/obj/linux64/GCT/goodfor.o
/home/jsg/SIPS/eta2/TOOLKIT/obj/linux64/GCT/goodinv.o
/home/jsg/SIPS/eta2/TOOLKIT/obj/linux64/GCT/gvnspfor.o
/home/jsg/SIPS/eta2/TOOLKIT/obj/linux64/GCT/gvnspinv.o
/home/jsg/SIPS/eta2/TOOLKIT/obj/linux64/GCT/hamfor.o
/home/jsg/SIPS/eta2/TOOLKIT/obj/linux64/GCT/haminv.o
/home/jsg/SIPS/eta2/TOOLKIT/obj/linux64/GCT/imolwfor.o
/home/jsg/SIPS/eta2/TOOLKIT/obj/linux64/GCT/imolwinv.o
/home/jsg/SIPS/eta2/TOOLKIT/obj/linux64/GCT/lamazfor.o
/home/jsg/SIPS/eta2/TOOLKIT/obj/linux64/GCT/lamazinv.o
/home/jsg/SIPS/eta2/TOOLKIT/obj/linux64/GCT/lamccfor.o
/home/jsg/SIPS/eta2/TOOLKIT/obj/linux64/GCT/lamccinv.o
/home/jsg/SIPS/eta2/TOOLKIT/obj/linux64/GCT/merfor.o
/home/jsg/SIPS/eta2/TOOLKIT/obj/linux64/GCT/merinv.o
/home/jsg/SIPS/eta2/TOOLKIT/obj/linux64/GCT/millfor.o
/home/jsg/SIPS/eta2/TOOLKIT/obj/linux64/GCT/millinv.o
/home/jsg/SIPS/eta2/TOOLKIT/obj/linux64/GCT/molwfor.o
/home/jsg/SIPS/eta2/TOOLKIT/obj/linux64/GCT/molwinv.o
/home/jsg/SIPS/eta2/TOOLKIT/obj/linux64/GCT/obleqfor.o
/home/jsg/SIPS/eta2/TOOLKIT/obj/linux64/GCT/obleqinv.o
/home/jsg/SIPS/eta2/TOOLKIT/obj/linux64/GCT/omerfor.o
/home/jsg/SIPS/eta2/TOOLKIT/obj/linux64/GCT/omerinv.o
/home/jsg/SIPS/eta2/TOOLKIT/obj/linux64/GCT/orthfor.o
/home/jsg/SIPS/eta2/TOOLKIT/obj/linux64/GCT/orthinv.o
/home/jsg/SIPS/eta2/TOOLKIT/obj/linux64/GCT/paksz.o
/home/jsg/SIPS/eta2/TOOLKIT/obj/linux64/GCT/polyfor.o
/home/jsg/SIPS/eta2/TOOLKIT/obj/linux64/GCT/polyinv.o
/home/jsg/SIPS/eta2/TOOLKIT/obj/linux64/GCT/psfor.o
/home/jsg/SIPS/eta2/TOOLKIT/obj/linux64/GCT/psinv.o
/home/jsg/SIPS/eta2/TOOLKIT/obj/linux64/GCT/report.o
/home/jsg/SIPS/eta2/TOOLKIT/obj/linux64/GCT/robfor.o
/home/jsg/SIPS/eta2/TOOLKIT/obj/linux64/GCT/robinv.o
/home/jsg/SIPS/eta2/TOOLKIT/obj/linux64/GCT/sinfor.o
/home/jsg/SIPS/eta2/TOOLKIT/obj/linux64/GCT/sininv.o
/home/jsg/SIPS/eta2/TOOLKIT/obj/linux64/GCT/somfor.o
/home/jsg/SIPS/eta2/TOOLKIT/obj/linux64/GCT/sominv.o
/home/jsg/SIPS/eta2/TOOLKIT/obj/linux64/GCT/sphdz.o
/home/jsg/SIPS/eta2/TOOLKIT/obj/linux64/GCT/sterfor.o
/home/jsg/SIPS/eta2/TOOLKIT/obj/linux64/GCT/sterinv.o
/home/jsg/SIPS/eta2/TOOLKIT/obj/linux64/GCT/stplnfor.o
/home/jsg/SIPS/eta2/TOOLKIT/obj/linux64/GCT/stplninv.o
/home/jsg/SIPS/eta2/TOOLKIT/obj/linux64/GCT/tmfor.o
/home/jsg/SIPS/eta2/TOOLKIT/obj/linux64/GCT/tminv.o
/home/jsg/SIPS/eta2/TOOLKIT/obj/linux64/GCT/untfz.o
/home/jsg/SIPS/eta2/TOOLKIT/obj/linux64/GCT/vandgfor.o
/home/jsg/SIPS/eta2/TOOLKIT/obj/linux64/GCT/vandginv.o
/home/jsg/SIPS/eta2/TOOLKIT/obj/linux64/GCT/wivfor.o
/home/jsg/SIPS/eta2/TOOLKIT/obj/linux64/GCT/wivinv.o
/home/jsg/SIPS/eta2/TOOLKIT/obj/linux64/GCT/wviifor.o
/home/jsg/SIPS/eta2/TOOLKIT/obj/linux64/GCT/wviiinv.o
/home/jsg/SIPS/eta2/TOOLKIT/obj/linux64/GCT/isinusfor.o
/home/jsg/SIPS/eta2/TOOLKIT/obj/linux64/GCT/isinusinv.o
/home/jsg/SIPS/eta2/TOOLKIT/obj/linux64/GCT/utmfor.o
/home/jsg/SIPS/eta2/TOOLKIT/obj/linux64/GCT/utminv.o
/home/jsg/SIPS/eta2/TOOLKIT/obj/linux64/EPH/PGS_EPH_EphemAttit.o
/home/jsg/SIPS/eta2/TOOLKIT/obj/linux64/EPH/PGS_EPH_EphAtt_unInterpolate.o
/home/jsg/SIPS/eta2/TOOLKIT/obj/linux64/EPH/PGS_EPH_UnInterpEphAtt.o
/home/jsg/SIPS/eta2/TOOLKIT/obj/linux64/EPH/PGS_EPH_GetEphMet.o
/home/jsg/SIPS/eta2/TOOLKIT/obj/linux64/EPH/PGS_EPH_GetSpacecraftData.o
/home/jsg/SIPS/eta2/TOOLKIT/obj/linux64/EPH/PGS_EPH_ManageMasks.o
/home/jsg/SIPS/eta2/TOOLKIT/obj/linux64/EPH/PGS_EPH_bindFORTRAN.o
/home/jsg/SIPS/eta2/TOOLKIT/obj/linux64/EPH/PGS_EPH_getEphemHeaders.o
/home/jsg/SIPS/eta2/TOOLKIT/obj/linux64/EPH/PGS_EPH_getAttitHeaders.o
/home/jsg/SIPS/eta2/TOOLKIT/obj/linux64/EPH/PGS_EPH_getEphemRecords.o
/home/jsg/SIPS/eta2/TOOLKIT/obj/linux64/EPH/PGS_EPH_getAttitRecords.o
/home/jsg/SIPS/eta2/TOOLKIT/obj/linux64/EPH/PGS_EPH_getToken.o
/home/jsg/SIPS/eta2/TOOLKIT/obj/linux64/EPH/PGS_EPH_fileHandlingStuff.o
/home/jsg/SIPS/eta2/TOOLKIT/obj/linux64/EPH/PGS_EPH_interpolateAttitude.o
/home/jsg/SIPS/eta2/TOOLKIT/obj/linux64/EPH/PGS_EPH_interpolatePosVel.o
/home/jsg/SIPS/eta2/TOOLKIT/obj/linux64/EPH/PGS_EPH_GetEphMetF.o
/home/jsg/SIPS/eta2/TOOLKIT/obj/linux64/EPH/PGS_EPH_UnInterpEphAttF.o
/home/jsg/SIPS/eta2/TOOLKIT/obj/linux64/EPH/PGS_EPH_EphAtt_unInterpolateF.o
/home/jsg/SIPS/eta2/TOOLKIT/obj/linux64/XML/SAX.o
/home/jsg/SIPS/eta2/TOOLKIT/obj/linux64/XML/entities.o
/home/jsg/SIPS/eta2/TOOLKIT/obj/linux64/XML/encoding.o
/home/jsg/SIPS/eta2/TOOLKIT/obj/linux64/XML/error.o
/home/jsg/SIPS/eta2/TOOLKIT/obj/linux64/XML/parserInternals.o
/home/jsg/SIPS/eta2/TOOLKIT/obj/linux64/XML/parser.o
/home/jsg/SIPS/eta2/TOOLKIT/obj/linux64/XML/tree.o
/home/jsg/SIPS/eta2/TOOLKIT/obj/linux64/XML/hash.o
/home/jsg/SIPS/eta2/TOOLKIT/obj/linux64/XML/list.o
/home/jsg/SIPS/eta2/TOOLKIT/obj/linux64/XML/xmlIO.o
/home/jsg/SIPS/eta2/TOOLKIT/obj/linux64/XML/xmlmemory.o
/home/jsg/SIPS/eta2/TOOLKIT/obj/linux64/XML/uri.o
/home/jsg/SIPS/eta2/TOOLKIT/obj/linux64/XML/valid.o
/home/jsg/SIPS/eta2/TOOLKIT/obj/linux64/XML/xlink.o
/home/jsg/SIPS/eta2/TOOLKIT/obj/linux64/XML/HTMLparser.o
/home/jsg/SIPS/eta2/TOOLKIT/obj/linux64/XML/HTMLtree.o
/home/jsg/SIPS/eta2/TOOLKIT/obj/linux64/XML/debugXML.o
/home/jsg/SIPS/eta2/TOOLKIT/obj/linux64/XML/xpath.o
/home/jsg/SIPS/eta2/TOOLKIT/obj/linux64/XML/xpointer.o
/home/jsg/SIPS/eta2/TOOLKIT/obj/linux64/XML/xinclude.o
/home/jsg/SIPS/eta2/TOOLKIT/obj/linux64/XML/nanohttp.o
/home/jsg/SIPS/eta2/TOOLKIT/obj/linux64/XML/nanoftp.o
/home/jsg/SIPS/eta2/TOOLKIT/obj/linux64/XML/DOCBparser.o
/home/jsg/SIPS/eta2/TOOLKIT/obj/linux64/XML/catalog.o
/home/jsg/SIPS/eta2/TOOLKIT/obj/linux64/XML/globals.o
/home/jsg/SIPS/eta2/TOOLKIT/obj/linux64/XML/threads.o
/home/jsg/SIPS/eta2/TOOLKIT/obj/linux64/XML/c14n.o
/home/jsg/SIPS/eta2/TOOLKIT/obj/linux64/XML/xmlstring.o
/home/jsg/SIPS/eta2/TOOLKIT/obj/linux64/XML/xmlregexp.o
/home/jsg/SIPS/eta2/TOOLKIT/obj/linux64/XML/xmlschemas.o
/home/jsg/SIPS/eta2/TOOLKIT/obj/linux64/XML/xmlschemastypes.o
/home/jsg/SIPS/eta2/TOOLKIT/obj/linux64/XML/xmlunicode.o
/home/jsg/SIPS/eta2/TOOLKIT/obj/linux64/XML/xmlreader.o
/home/jsg/SIPS/eta2/TOOLKIT/obj/linux64/XML/relaxng.o
/home/jsg/SIPS/eta2/TOOLKIT/obj/linux64/XML/dict.o
/home/jsg/SIPS/eta2/TOOLKIT/obj/linux64/XML/SAX2.o
/home/jsg/SIPS/eta2/TOOLKIT/obj/linux64/XML/xmlwriter.o
/home/jsg/SIPS/eta2/TOOLKIT/obj/linux64/XML/legacy.o
/home/jsg/SIPS/eta2/TOOLKIT/obj/linux64/XML/chvalid.o
/home/jsg/SIPS/eta2/TOOLKIT/obj/linux64/XML/pattern.o
/home/jsg/SIPS/eta2/TOOLKIT/obj/linux64/XML/xmlsave.o
/home/jsg/SIPS/eta2/TOOLKIT/obj/linux64/XML/xmlmodule.o
/home/jsg/SIPS/eta2/TOOLKIT/obj/linux64/XML/schematron.o
/home/jsg/SIPS/eta2/TOOLKIT/obj/linux64/XML/attrvt.o
/home/jsg/SIPS/eta2/TOOLKIT/obj/linux64/XML/xslt.o
/home/jsg/SIPS/eta2/TOOLKIT/obj/linux64/XML/xsltutils.o
/home/jsg/SIPS/eta2/TOOLKIT/obj/linux64/XML/xslpattern.o
/home/jsg/SIPS/eta2/TOOLKIT/obj/linux64/XML/templates.o
/home/jsg/SIPS/eta2/TOOLKIT/obj/linux64/XML/variables.o
/home/jsg/SIPS/eta2/TOOLKIT/obj/linux64/XML/keys.o
/home/jsg/SIPS/eta2/TOOLKIT/obj/linux64/XML/numbers.o
/home/jsg/SIPS/eta2/TOOLKIT/obj/linux64/XML/extensions.o
/home/jsg/SIPS/eta2/TOOLKIT/obj/linux64/XML/extra.o
/home/jsg/SIPS/eta2/TOOLKIT/obj/linux64/XML/functions.o
/home/jsg/SIPS/eta2/TOOLKIT/obj/linux64/XML/namespaces.o
/home/jsg/SIPS/eta2/TOOLKIT/obj/linux64/XML/imports.o
/home/jsg/SIPS/eta2/TOOLKIT/obj/linux64/XML/attributes.o
/home/jsg/SIPS/eta2/TOOLKIT/obj/linux64/XML/documents.o
/home/jsg/SIPS/eta2/TOOLKIT/obj/linux64/XML/preproc.o
/home/jsg/SIPS/eta2/TOOLKIT/obj/linux64/XML/transform.o
/home/jsg/SIPS/eta2/TOOLKIT/obj/linux64/XML/security.o
/home/jsg/SIPS/eta2/TOOLKIT/obj/linux64/SMF/PGS_SMF.o
/home/jsg/SIPS/eta2/TOOLKIT/obj/linux64/SMF/PGS_SMF1.o
/home/jsg/SIPS/eta2/TOOLKIT/obj/linux64/SMF/PGS_SMF_CacheMsgDynm.o
/home/jsg/SIPS/eta2/TOOLKIT/obj/linux64/SMF/PGS_SMF_Comm.o
/home/jsg/SIPS/eta2/TOOLKIT/obj/linux64/SMF/PGS_SMF_GetToolkitVersion.o
/home/jsg/SIPS/eta2/TOOLKIT/obj/linux64/SMF/PGS_SMF_InitializeLogging.o
/home/jsg/SIPS/eta2/TOOLKIT/obj/linux64/SMF/PGS_SMF_LogPID.o
/home/jsg/SIPS/eta2/TOOLKIT/obj/linux64/SMF/PGS_SMF_LoggingControl.o
/home/jsg/SIPS/eta2/TOOLKIT/obj/linux64/SMF/PGS_SMF_ManageLogControlList.o
/home/jsg/SIPS/eta2/TOOLKIT/obj/linux64/SMF/PGS_SMF_SendRuntimeData.o
/home/jsg/SIPS/eta2/TOOLKIT/obj/linux64/SMF/PGS_SMF_SendStatusReport.o
/home/jsg/SIPS/eta2/TOOLKIT/obj/linux64/SMF/PGS_SMF_TraceControl.o
/home/jsg/SIPS/eta2/TOOLKIT/obj/linux64/SMF/PGS_SMF_bindFORTRAN.o
/home/jsg/SIPS/eta2/TOOLKIT/obj/linux64/PC/PGS_PC_PutPCSData.o
/home/jsg/SIPS/eta2/TOOLKIT/obj/linux64/PC/PGS_PC_GetPCSData.o
/home/jsg/SIPS/eta2/TOOLKIT/obj/linux64/PC/PGS_PC_OpenPCSFile.o
/home/jsg/SIPS/eta2/TOOLKIT/obj/linux64/PC/PGS_PC_LocateEntry.o
/home/jsg/SIPS/eta2/TOOLKIT/obj/linux64/PC/PGS_PC_AdvanceArea.o
/home/jsg/SIPS/eta2/TOOLKIT/obj/linux64/PC/PGS_PC_GetIndex.o
/home/jsg/SIPS/eta2/TOOLKIT/obj/linux64/PC/PGS_PC_RetrieveData.o
/home/jsg/SIPS/eta2/TOOLKIT/obj/linux64/PC/PGS_PC_GetRequest.o
/home/jsg/SIPS/eta2/TOOLKIT/obj/linux64/PC/PGS_PC_GetFileName.o
/home/jsg/SIPS/eta2/TOOLKIT/obj/linux64/PC/PGS_PC_OpenFiles.o
/home/jsg/SIPS/eta2/TOOLKIT/obj/linux64/PC/PGS_PC_AdvanceToLoc.o
/home/jsg/SIPS/eta2/TOOLKIT/obj/linux64/PC/PGS_PC_PutInArea.o
/home/jsg/SIPS/eta2/TOOLKIT/obj/linux64/PC/PGS_PC_InsertCheck.o
/home/jsg/SIPS/eta2/TOOLKIT/obj/linux64/PC/PGS_PC_SkipCheck.o
/home/jsg/SIPS/eta2/TOOLKIT/obj/linux64/PC/PGS_PC_FixBuffer.o
/home/jsg/SIPS/eta2/TOOLKIT/obj/linux64/PC/PGS_PC_GetReference.o
/home/jsg/SIPS/eta2/TOOLKIT/obj/linux64/PC/PGS_PC_GetConfigData.o
/home/jsg/SIPS/eta2/TOOLKIT/obj/linux64/PC/PGS_PC_GetNumberOfFiles.o
/home/jsg/SIPS/eta2/TOOLKIT/obj/linux64/PC/PGS_PC_GenUniqueID.o
/home/jsg/SIPS/eta2/TOOLKIT/obj/linux64/PC/PGS_PC_GetFileAttr.o
/home/jsg/SIPS/eta2/TOOLKIT/obj/linux64/PC/PGS_PC_BuildAttribute.o
/home/jsg/SIPS/eta2/TOOLKIT/obj/linux64/PC/PGS_PC_GetFileByAttr.o
/home/jsg/SIPS/eta2/TOOLKIT/obj/linux64/PC/PGS_PC_BuildFileShm.o
/home/jsg/SIPS/eta2/TOOLKIT/obj/linux64/PC/PGS_PC_GetDataFromShm.o
/home/jsg/SIPS/eta2/TOOLKIT/obj/linux64/PC/PGS_PC_GetFileFromShm.o
/home/jsg/SIPS/eta2/TOOLKIT/obj/linux64/PC/PGS_PC_SearchShm.o
/home/jsg/SIPS/eta2/TOOLKIT/obj/linux64/PC/PGS_PC_PutDataInShm.o
/home/jsg/SIPS/eta2/TOOLKIT/obj/linux64/PC/PGS_PC_DeleteFileShm.o
/home/jsg/SIPS/eta2/TOOLKIT/obj/linux64/PC/PGS_PC_WriteNewToShm.o
/home/jsg/SIPS/eta2/TOOLKIT/obj/linux64/PC/PGS_PC_MarkAtTerm.o
/home/jsg/SIPS/eta2/TOOLKIT/obj/linux64/PC/PGS_PC_BuildNumericInput.o
/home/jsg/SIPS/eta2/TOOLKIT/obj/linux64/PC/PGS_PC_CalcArrayIndex.o
/home/jsg/SIPS/eta2/TOOLKIT/obj/linux64/PC/PGS_PC_FindDefaultLocLine.o
/home/jsg/SIPS/eta2/TOOLKIT/obj/linux64/PC/PGS_PC_GetPCEnv.o
/home/jsg/SIPS/eta2/TOOLKIT/obj/linux64/PC/PGS_PC_GetReferenceType.o
/home/jsg/SIPS/eta2/TOOLKIT/obj/linux64/PC/PGS_PC_CheckFlags.o
/home/jsg/SIPS/eta2/TOOLKIT/obj/linux64/PC/PGS_PC_OneMarkRuntime.o
/home/jsg/SIPS/eta2/TOOLKIT/obj/linux64/PC/PGS_PC_MarkRuntimeAscii.o
/home/jsg/SIPS/eta2/TOOLKIT/obj/linux64/PC/PGS_PC_MarkRuntimeShm.o
/home/jsg/SIPS/eta2/TOOLKIT/obj/linux64/PC/PGS_PC_MultiRuntimes.o
/home/jsg/SIPS/eta2/TOOLKIT/obj/linux64/PC/PGS_PC_GetFileByAttrF.o
/home/jsg/SIPS/eta2/TOOLKIT/obj/linux64/PC/PGS_PC_GetPCFTemp.o
/home/jsg/SIPS/eta2/TOOLKIT/obj/linux64/PC/PGS_PC_GetUniversalRef.o
/home/jsg/SIPS/eta2/TOOLKIT/obj/linux64/PC/PGS_PC_bindFORTRAN.o
/home/jsg/SIPS/eta2/TOOLKIT/obj/linux64/PC/PGS_PC_GetFileSize.o
/home/jsg/SIPS/eta2/TOOLKIT/obj/linux64/TD/PGS_TD_ADEOSIItoTAI.o
/home/jsg/SIPS/eta2/TOOLKIT/obj/linux64/TD/PGS_TD_ADEOSIItoUTC.o
/home/jsg/SIPS/eta2/TOOLKIT/obj/linux64/TD/PGS_TD_ASCIItime_AtoB.o
/home/jsg/SIPS/eta2/TOOLKIT/obj/linux64/TD/PGS_TD_ASCIItime_BtoA.o
/home/jsg/SIPS/eta2/TOOLKIT/obj/linux64/TD/PGS_TD_EOSAMtoTAI.o
/home/jsg/SIPS/eta2/TOOLKIT/obj/linux64/TD/PGS_TD_EOSAMtoUTC.o
/home/jsg/SIPS/eta2/TOOLKIT/obj/linux64/TD/PGS_TD_EOSPMtoTAI.o
/home/jsg/SIPS/eta2/TOOLKIT/obj/linux64/TD/PGS_TD_EOSPMGIIStoTAI.o
/home/jsg/SIPS/eta2/TOOLKIT/obj/linux64/TD/PGS_TD_EOSPMGIRDtoTAI.o
/home/jsg/SIPS/eta2/TOOLKIT/obj/linux64/TD/PGS_TD_EOSPMtoUTC.o
/home/jsg/SIPS/eta2/TOOLKIT/obj/linux64/TD/PGS_TD_EOSPMGIIStoUTC.o
/home/jsg/SIPS/eta2/TOOLKIT/obj/linux64/TD/PGS_TD_EOSPMGIRDtoUTC.o
/home/jsg/SIPS/eta2/TOOLKIT/obj/linux64/TD/PGS_TD_EOSAURAGIIStoTAI.o
/home/jsg/SIPS/eta2/TOOLKIT/obj/linux64/TD/PGS_TD_EOSAURAGIRDtoTAI.o
/home/jsg/SIPS/eta2/TOOLKIT/obj/linux64/TD/PGS_TD_EOSAURAtoUTC.o
/home/jsg/SIPS/eta2/TOOLKIT/obj/linux64/TD/PGS_TD_FGDCtoUTC.o
/home/jsg/SIPS/eta2/TOOLKIT/obj/linux64/TD/PGS_TD_GPStoUTC.o
/home/jsg/SIPS/eta2/TOOLKIT/obj/linux64/TD/PGS_TD_ISOinttoTAI.o
/home/jsg/SIPS/eta2/TOOLKIT/obj/linux64/TD/PGS_TD_ISOinttoUTCjd.o
/home/jsg/SIPS/eta2/TOOLKIT/obj/linux64/TD/PGS_TD_JDtoMJD.o
/home/jsg/SIPS/eta2/TOOLKIT/obj/linux64/TD/PGS_TD_JDtoTJD.o
/home/jsg/SIPS/eta2/TOOLKIT/obj/linux64/TD/PGS_TD_JulianDateSplit.o
/home/jsg/SIPS/eta2/TOOLKIT/obj/linux64/TD/PGS_TD_LeapSec.o
/home/jsg/SIPS/eta2/TOOLKIT/obj/linux64/TD/PGS_TD_MJDtoJD.o
/home/jsg/SIPS/eta2/TOOLKIT/obj/linux64/TD/PGS_TD_ManageTMDF.o
/home/jsg/SIPS/eta2/TOOLKIT/obj/linux64/TD/PGS_TD_ManageUTCF.o
/home/jsg/SIPS/eta2/TOOLKIT/obj/linux64/TD/PGS_TD_PB5CtoUTCjd.o
/home/jsg/SIPS/eta2/TOOLKIT/obj/linux64/TD/PGS_TD_PB5toTAI.o
/home/jsg/SIPS/eta2/TOOLKIT/obj/linux64/TD/PGS_TD_PB5toUTCjd.o
/home/jsg/SIPS/eta2/TOOLKIT/obj/linux64/TD/PGS_TD_SCtime_to_UTC.o
/home/jsg/SIPS/eta2/TOOLKIT/obj/linux64/TD/PGS_TD_TAIjdtoTAI.o
/home/jsg/SIPS/eta2/TOOLKIT/obj/linux64/TD/PGS_TD_TAIjdtoTDTjed.o
/home/jsg/SIPS/eta2/TOOLKIT/obj/linux64/TD/PGS_TD_TAIjdtoUTCjd.o
/home/jsg/SIPS/eta2/TOOLKIT/obj/linux64/TD/PGS_TD_TAItoGAST.o
/home/jsg/SIPS/eta2/TOOLKIT/obj/linux64/TD/PGS_TD_TAItoISOint.o
/home/jsg/SIPS/eta2/TOOLKIT/obj/linux64/TD/PGS_TD_TAItoTAIjd.o
/home/jsg/SIPS/eta2/TOOLKIT/obj/linux64/TD/PGS_TD_TAItoUDTF.o
/home/jsg/SIPS/eta2/TOOLKIT/obj/linux64/TD/PGS_TD_TAItoUT1jd.o
/home/jsg/SIPS/eta2/TOOLKIT/obj/linux64/TD/PGS_TD_TAItoUT1pole.o
/home/jsg/SIPS/eta2/TOOLKIT/obj/linux64/TD/PGS_TD_TAItoUTC.o
/home/jsg/SIPS/eta2/TOOLKIT/obj/linux64/TD/PGS_TD_TAItoUTCjd.o
/home/jsg/SIPS/eta2/TOOLKIT/obj/linux64/TD/PGS_TD_TDBjedtoTDTjed.o
/home/jsg/SIPS/eta2/TOOLKIT/obj/linux64/TD/PGS_TD_TDTjedtoTAIjd.o
/home/jsg/SIPS/eta2/TOOLKIT/obj/linux64/TD/PGS_TD_TDTjedtoTDBjed.o
/home/jsg/SIPS/eta2/TOOLKIT/obj/linux64/TD/PGS_TD_TJDtoJD.o
/home/jsg/SIPS/eta2/TOOLKIT/obj/linux64/TD/PGS_TD_TRMMtoTAI.o
/home/jsg/SIPS/eta2/TOOLKIT/obj/linux64/TD/PGS_TD_TRMMtoUTC.o
/home/jsg/SIPS/eta2/TOOLKIT/obj/linux64/TD/PGS_TD_TimeInterval.o
/home/jsg/SIPS/eta2/TOOLKIT/obj/linux64/TD/PGS_TD_UDTFtoTAI.o
/home/jsg/SIPS/eta2/TOOLKIT/obj/linux64/TD/PGS_TD_UDTFtoUTCjd.o
/home/jsg/SIPS/eta2/TOOLKIT/obj/linux64/TD/PGS_TD_UT1jdtoUTCjd.o
/home/jsg/SIPS/eta2/TOOLKIT/obj/linux64/TD/PGS_TD_UTC_to_SCtime.o
/home/jsg/SIPS/eta2/TOOLKIT/obj/linux64/TD/PGS_TD_UTCjdtoISOint.o
/home/jsg/SIPS/eta2/TOOLKIT/obj/linux64/TD/PGS_TD_UTCjdtoPB5.o
/home/jsg/SIPS/eta2/TOOLKIT/obj/linux64/TD/PGS_TD_UTCjdtoPB5C.o
/home/jsg/SIPS/eta2/TOOLKIT/obj/linux64/TD/PGS_TD_UTCjdtoTAIjd.o
/home/jsg/SIPS/eta2/TOOLKIT/obj/linux64/TD/PGS_TD_UTCjdtoUDTF.o
/home/jsg/SIPS/eta2/TOOLKIT/obj/linux64/TD/PGS_TD_UTCjdtoUT1jd.o
/home/jsg/SIPS/eta2/TOOLKIT/obj/linux64/TD/PGS_TD_UTCjdtoUTC.o
/home/jsg/SIPS/eta2/TOOLKIT/obj/linux64/TD/PGS_TD_UTCtoADEOSII.o
/home/jsg/SIPS/eta2/TOOLKIT/obj/linux64/TD/PGS_TD_UTCtoEOSAM.o
/home/jsg/SIPS/eta2/TOOLKIT/obj/linux64/TD/PGS_TD_UTCtoEOSPM.o
/home/jsg/SIPS/eta2/TOOLKIT/obj/linux64/TD/PGS_TD_UTCtoEOSPMGIIS.o
/home/jsg/SIPS/eta2/TOOLKIT/obj/linux64/TD/PGS_TD_UTCtoEOSPMGIRD.o
/home/jsg/SIPS/eta2/TOOLKIT/obj/linux64/TD/PGS_TD_UTCtoEOSAURAGIIS.o
/home/jsg/SIPS/eta2/TOOLKIT/obj/linux64/TD/PGS_TD_UTCtoEOSAURAGIRD.o
/home/jsg/SIPS/eta2/TOOLKIT/obj/linux64/TD/PGS_TD_UTCtoFGDC.o
/home/jsg/SIPS/eta2/TOOLKIT/obj/linux64/TD/PGS_TD_UTCtoGPS.o
/home/jsg/SIPS/eta2/TOOLKIT/obj/linux64/TD/PGS_TD_UTCtoTAI.o
/home/jsg/SIPS/eta2/TOOLKIT/obj/linux64/TD/PGS_TD_UTCtoTAIjd.o
/home/jsg/SIPS/eta2/TOOLKIT/obj/linux64/TD/PGS_TD_UTCtoTDBjed.o
/home/jsg/SIPS/eta2/TOOLKIT/obj/linux64/TD/PGS_TD_UTCtoTDTjed.o
/home/jsg/SIPS/eta2/TOOLKIT/obj/linux64/TD/PGS_TD_UTCtoTRMM.o
/home/jsg/SIPS/eta2/TOOLKIT/obj/linux64/TD/PGS_TD_UTCtoUT1.o
/home/jsg/SIPS/eta2/TOOLKIT/obj/linux64/TD/PGS_TD_UTCtoUT1jd.o
/home/jsg/SIPS/eta2/TOOLKIT/obj/linux64/TD/PGS_TD_UTCtoUTCjd.o
/home/jsg/SIPS/eta2/TOOLKIT/obj/linux64/TD/PGS_TD_bindFORTRAN.o
/home/jsg/SIPS/eta2/TOOLKIT/obj/linux64/TD/PGS_TD_calday.o
/home/jsg/SIPS/eta2/TOOLKIT/obj/linux64/TD/PGS_TD_gast.o
/home/jsg/SIPS/eta2/TOOLKIT/obj/linux64/TD/PGS_TD_gmst.o
/home/jsg/SIPS/eta2/TOOLKIT/obj/linux64/TD/PGS_TD_julday.o
/home/jsg/SIPS/eta2/TOOLKIT/obj/linux64/TD/PGS_TD_sortArrayIndices.o
/home/jsg/SIPS/eta2/TOOLKIT/obj/linux64/TD/PGS_TD_timeCheck.o
/home/jsg/SIPS/eta2/TOOLKIT/obj/linux64/MET/PGS_MET_LoadAggregate.o
/home/jsg/SIPS/eta2/TOOLKIT/obj/linux64/MET/PGS_MET_ErrorMsg.o
/home/jsg/SIPS/eta2/TOOLKIT/obj/linux64/MET/PGS_MET_CheckAttr.o
/home/jsg/SIPS/eta2/TOOLKIT/obj/linux64/MET/PGS_MET_GetDDAttr.o
/home/jsg/SIPS/eta2/TOOLKIT/obj/linux64/MET/PGS_MET_CheckAgainstDD.o
/home/jsg/SIPS/eta2/TOOLKIT/obj/linux64/MET/PGS_MET_ConvertToOdl.o
/home/jsg/SIPS/eta2/TOOLKIT/obj/linux64/MET/PGS_MET_GetConfigByLabel.o
/home/jsg/SIPS/eta2/TOOLKIT/obj/linux64/MET/PGS_MET_RetrieveConfigData.o
/home/jsg/SIPS/eta2/TOOLKIT/obj/linux64/MET/PGS_MET_HDFToODL.o
/home/jsg/SIPS/eta2/TOOLKIT/obj/linux64/MET/PGS_MET_NameAndClass.o
/home/jsg/SIPS/eta2/TOOLKIT/obj/linux64/MET/PGS_MET_SearchAttr.o
/home/jsg/SIPS/eta2/TOOLKIT/obj/linux64/MET/PGS_MET_SearchAttrF.o
/home/jsg/SIPS/eta2/TOOLKIT/obj/linux64/MET/PGS_MET_ConvertToMCF.o
/home/jsg/SIPS/eta2/TOOLKIT/obj/linux64/MET/PGS_MET_GetSetAttrTD.o
/home/jsg/SIPS/eta2/TOOLKIT/obj/linux64/MET/PGS_MET_ODLToXML.o
/home/jsg/SIPS/eta2/TOOLKIT/obj/linux64/MET/PGS_MET_WriteXML.o
/home/jsg/SIPS/eta2/TOOLKIT/obj/linux64/MET/PGS_MET_XslProcessor.o
/home/jsg/SIPS/eta2/TOOLKIT/obj/linux64/MET/PGS_MET_GetSetAttr.o
/home/jsg/SIPS/eta2/TOOLKIT/obj/linux64/MET/PGS_MET_GetSetAttrF.o
/home/jsg/SIPS/eta2/TOOLKIT/obj/linux64/MET/PGS_MET_Init.o
/home/jsg/SIPS/eta2/TOOLKIT/obj/linux64/MET/PGS_MET_SetAttr.o
/home/jsg/SIPS/eta2/TOOLKIT/obj/linux64/MET/PGS_MET_SetAttrF.o
/home/jsg/SIPS/eta2/TOOLKIT/obj/linux64/MET/PGS_MET_SetMultiAttr.o
/home/jsg/SIPS/eta2/TOOLKIT/obj/linux64/MET/PGS_MET_SetMultiAttrF.o
/home/jsg/SIPS/eta2/TOOLKIT/obj/linux64/MET/PGS_MET_GetPCAttr.o
/home/jsg/SIPS/eta2/TOOLKIT/obj/linux64/MET/PGS_MET_GetPCAttrF.o
/home/jsg/SIPS/eta2/TOOLKIT/obj/linux64/MET/PGS_MET_GetConfigData.o
/home/jsg/SIPS/eta2/TOOLKIT/obj/linux64/MET/PGS_MET_GetConfigDataF.o
/home/jsg/SIPS/eta2/TOOLKIT/obj/linux64/MET/PGS_MET_Write.o
/home/jsg/SIPS/eta2/TOOLKIT/obj/linux64/MET/PGS_MET_Remove.o
/home/jsg/SIPS/eta2/TOOLKIT/obj/linux64/MET/PGS_MET_HDFFileType.o
/home/jsg/SIPS/eta2/TOOLKIT/obj/linux64/MET/PGS_MET_HDFSDstart.o
/home/jsg/SIPS/eta2/TOOLKIT/obj/linux64/MET/PGS_MET_bindFORTRAN.o
/home/jsg/SIPS/eta2/TOOLKIT/obj/linux64/CBP/PGS_CBP_EphemRead.o
/home/jsg/SIPS/eta2/TOOLKIT/obj/linux64/CBP/PGS_CBP_Earth_CB_Vector.o
/home/jsg/SIPS/eta2/TOOLKIT/obj/linux64/CBP/PGS_CBP_Sat_CB_Vector.o
/home/jsg/SIPS/eta2/TOOLKIT/obj/linux64/CBP/PGS_CBP_SolarTimeCoords.o
/home/jsg/SIPS/eta2/TOOLKIT/obj/linux64/CBP/PGS_CBP_bindFORTRAN.o
/home/jsg/SIPS/eta2/TOOLKIT/obj/linux64/CBP/PGS_CBP_body_inFOV.o
/home/jsg/SIPS/eta2/TOOLKIT/obj/linux64/IO/PGS_IO_Gen_Close.o
/home/jsg/SIPS/eta2/TOOLKIT/obj/linux64/IO/PGS_IO_Gen_Open.o
/home/jsg/SIPS/eta2/TOOLKIT/obj/linux64/IO/PGS_IO_Gen_Temp_Delete.o
/home/jsg/SIPS/eta2/TOOLKIT/obj/linux64/IO/PGS_IO_Gen_Temp_Open.o
/home/jsg/SIPS/eta2/TOOLKIT/obj/linux64/IO/PGS_IO_Gen_Temp_Reference.o
/home/jsg/SIPS/eta2/TOOLKIT/obj/linux64/IO/PGS_IO_Gen_CloseF.o
/home/jsg/SIPS/eta2/TOOLKIT/obj/linux64/IO/PGS_IO_Gen_OpenF.o
/home/jsg/SIPS/eta2/TOOLKIT/obj/linux64/IO/PGS_IO_Gen_Temp_OpenF.o
/home/jsg/SIPS/eta2/TOOLKIT/obj/linux64/IO/PGS_IO_Gen_Track_LUN.o
/home/jsg/SIPS/eta2/TOOLKIT/obj/linux64/IO/PGS_IO_L0_BYTEtoINT.o
/home/jsg/SIPS/eta2/TOOLKIT/obj/linux64/IO/PGS_IO_L0_Close.o
/home/jsg/SIPS/eta2/TOOLKIT/obj/linux64/IO/PGS_IO_L0_FileVersionInfo.o
/home/jsg/SIPS/eta2/TOOLKIT/obj/linux64/IO/PGS_IO_L0_GetEOSAMfileTimes.o
/home/jsg/SIPS/eta2/TOOLKIT/obj/linux64/IO/PGS_IO_L0_GetEOSPMGIISfileTimes.o
/home/jsg/SIPS/eta2/TOOLKIT/obj/linux64/IO/PGS_IO_L0_GetEOSPMGIRDfileTimes.o
/home/jsg/SIPS/eta2/TOOLKIT/obj/linux64/IO/PGS_IO_L0_GetEOSAURAfileTimes.o
/home/jsg/SIPS/eta2/TOOLKIT/obj/linux64/IO/PGS_IO_L0_GetHeader.o
/home/jsg/SIPS/eta2/TOOLKIT/obj/linux64/IO/PGS_IO_L0_GetPacket.o
/home/jsg/SIPS/eta2/TOOLKIT/obj/linux64/IO/PGS_IO_L0_ManageTable.o
/home/jsg/SIPS/eta2/TOOLKIT/obj/linux64/IO/PGS_IO_L0_MapVersions.o
/home/jsg/SIPS/eta2/TOOLKIT/obj/linux64/IO/PGS_IO_L0_NextPhysical.o
/home/jsg/SIPS/eta2/TOOLKIT/obj/linux64/IO/PGS_IO_L0_Open.o
/home/jsg/SIPS/eta2/TOOLKIT/obj/linux64/IO/PGS_IO_L0_SeekPacket.o
/home/jsg/SIPS/eta2/TOOLKIT/obj/linux64/IO/PGS_IO_L0_SetStart.o
/home/jsg/SIPS/eta2/TOOLKIT/obj/linux64/IO/PGS_IO_L0_SetStartCntPkts.o
/home/jsg/SIPS/eta2/TOOLKIT/obj/linux64/IO/PGS_IO_L0_TRMM_HdrInfo.o
/home/jsg/SIPS/eta2/TOOLKIT/obj/linux64/IO/PGS_IO_L0_VersionInfoCheck.o
/home/jsg/SIPS/eta2/TOOLKIT/obj/linux64/IO/PGS_IO_L0_bindFORTRAN_L0.o
/home/jsg/SIPS/eta2/TOOLKIT/obj/linux64/IO/PGS_IO_L0_File_Sim.o
/home/jsg/SIPS/eta2/TOOLKIT/obj/linux64/IO/PGS_IO_L0_EDOS_hdr_Sim.o
/home/jsg/SIPS/eta2/TOOLKIT/obj/linux64/IO/PGS_IO_L0_sortArrayIndices.o
/home/jsg/SIPS/eta2/TOOLKIT/obj/linux64/IO/PGS_IO_L0_SFDU_Sim.o
/home/jsg/SIPS/eta2/TOOLKIT/obj/linux64/IO/PGS_IO_L0_L0Sim_bindFORTRAN.o
/home/jsg/SIPS/eta2/TOOLKIT/obj/linux64/DEM/PGS_DEM_Subset.o
/home/jsg/SIPS/eta2/TOOLKIT/obj/linux64/DEM/PGS_DEM_Lookup.o
/home/jsg/SIPS/eta2/TOOLKIT/obj/linux64/DEM/PGS_DEM_OrderSubset.o
/home/jsg/SIPS/eta2/TOOLKIT/obj/linux64/DEM/PGS_DEM_Populate.o
/home/jsg/SIPS/eta2/TOOLKIT/obj/linux64/DEM/PGS_DEM_WriteSubgridCalculator.o
/home/jsg/SIPS/eta2/TOOLKIT/obj/linux64/DEM/PGS_DEM_RecursiveSearchPix.o
/home/jsg/SIPS/eta2/TOOLKIT/obj/linux64/DEM/PGS_DEM_RecursiveSearchDeg.o
/home/jsg/SIPS/eta2/TOOLKIT/obj/linux64/DEM/PGS_DEM_RecursiveSearchBil.o
/home/jsg/SIPS/eta2/TOOLKIT/obj/linux64/DEM/PGS_DEM_OrderIndicesSumPix.o
/home/jsg/SIPS/eta2/TOOLKIT/obj/linux64/DEM/PGS_DEM_OrderIndicesSumDeg.o
/home/jsg/SIPS/eta2/TOOLKIT/obj/linux64/DEM/PGS_DEM_Open.o
/home/jsg/SIPS/eta2/TOOLKIT/obj/linux64/DEM/PGS_DEM_Close.o
/home/jsg/SIPS/eta2/TOOLKIT/obj/linux64/DEM/PGS_DEM_ExtentRegion.o
/home/jsg/SIPS/eta2/TOOLKIT/obj/linux64/DEM/PGS_DEM_ExtractRegion.o
/home/jsg/SIPS/eta2/TOOLKIT/obj/linux64/DEM/PGS_DEM_ReplaceFillPoints.o
/home/jsg/SIPS/eta2/TOOLKIT/obj/linux64/DEM/PGS_DEM_ReplaceFillPointsInt8.o
/home/jsg/SIPS/eta2/TOOLKIT/obj/linux64/DEM/PGS_DEM_ReplaceFillPointsInt16.o
/home/jsg/SIPS/eta2/TOOLKIT/obj/linux64/DEM/PGS_DEM_ReplaceFillPointsFlt32.o
/home/jsg/SIPS/eta2/TOOLKIT/obj/linux64/DEM/PGS_DEM_GetPoint.o
/home/jsg/SIPS/eta2/TOOLKIT/obj/linux64/DEM/PGS_DEM_GetRegion.o
/home/jsg/SIPS/eta2/TOOLKIT/obj/linux64/DEM/PGS_DEM_GetSize.o
/home/jsg/SIPS/eta2/TOOLKIT/obj/linux64/DEM/PGS_DEM_GetMetadata.o
/home/jsg/SIPS/eta2/TOOLKIT/obj/linux64/DEM/PGS_DEM_GetQualityData.o
/home/jsg/SIPS/eta2/TOOLKIT/obj/linux64/DEM/PGS_DEM_GetBoundingPnts.o
/home/jsg/SIPS/eta2/TOOLKIT/obj/linux64/DEM/PGS_DEM_DataPresent.o
/home/jsg/SIPS/eta2/TOOLKIT/obj/linux64/DEM/PGS_DEM_SortModels.o
/home/jsg/SIPS/eta2/TOOLKIT/obj/linux64/DEM/PGS_DEM_AccessFile.o
/home/jsg/SIPS/eta2/TOOLKIT/obj/linux64/DEM/PGS_DEM_Interpolate.o
/home/jsg/SIPS/eta2/TOOLKIT/obj/linux64/DEM/PGS_DEM_bindFORTRAN.o




Error occurred while attempting to compile toolkit utilities
The following tool groups had compilation errors:
     EPH

Error occurred while attempting to clean up toolkit object files
INSTALL-Toolkit completed with errors at Wed Jul 27 15:32:38 PDT 2022



SDP Toolkit installation completed at Wed Jul 27 15:32:38 PDT 2022

